Dates,"Capcom Co., Ltd. (TSE:9697) - Volume","Capcom Co., Ltd. (TSE:9697) - Share Pricing",Annotation,Announced/Completed Transactions,Company Forecasts and Ratings,Bankruptcy Updates,Corporate Structure Related,Dividends/Splits,Listing/Trading Related,Potential Transactions,Transaction Updates,Potential Red Flags/Distress Indicators,Investor Activism,Insider Trades,Results Announcements/Corporate Communications,Annotation
Apr-20-2016,4.94mm,339.63,,,,,,,,,,,,,,
Apr-21-2016,2.95mm,344.75,,,,,,,,,,,,,,
Apr-22-2016,4.31mm,335.50,,,,,,,,,,,,,,
Apr-25-2016,6.00mm,325.50,,,,,,,,,,,,,,
Apr-26-2016,6.15mm,322.25,,,,,,,,,,,,,,
Apr-27-2016,3.86mm,323.13,,,,,,,,,,,,,,
Apr-28-2016,3.93mm,316.75,,,,,,,,,,,,,,
May-02-2016,2.65mm,312.63,,,,,,,,,,,,,,
May-06-2016,5.29mm,310.38,,,,,,,,,,,,,,
May-09-2016,4.74mm,314.75,,,,,,,,,,,,,314.75,
May-10-2016,15.95mm,303.38,,,,,,,,,,,,,303.375,
May-11-2016,6.79mm,311.75,,311.75,,,,,,,,,,,,
May-12-2016,7.23mm,305.50,,,,,,,,,,,,,,
May-13-2016,5.92mm,309.00,,,,,,,,,,,,,,
May-16-2016,5.62mm,306.13,,,,,,,,,,,,,,
May-17-2016,4.86mm,309.88,,,,,,,,,,,,,,
May-18-2016,5.70mm,308.25,,,,,,,,,,,,,,
May-19-2016,4.45mm,309.50,,,,,,,,,,,,,,
May-20-2016,7.33mm,325.50,,,,,325.5,,,,,,,,,
May-23-2016,4.55mm,320.00,,,,,,,,,,,,,,
May-24-2016,2.87mm,319.13,,,,,,,,,,,,,,
May-25-2016,3.04mm,317.50,,,,,,,,,,,,,,
May-26-2016,2.55mm,317.50,,,,,,,,,,,,,,
May-27-2016,6.15mm,327.00,,,,,,,,,,,,,,
May-30-2016,3.38mm,327.00,,,,,,,,,,,,,,
May-31-2016,3.89mm,327.50,,,,,,,,,,,,,,
Jun-01-2016,2.66mm,323.75,,,,,,,,,,,,,,
Jun-02-2016,4.12mm,318.75,,,,,,,,,,,,,,
Jun-03-2016,8.68mm,330.38,,,,,,,,,,,,,,
Jun-06-2016,6.89mm,336.00,,,,,,,,,,,,,,
Jun-07-2016,4.19mm,337.25,,,,,,,,,,,,,,
Jun-08-2016,2.94mm,339.63,,,,,,,,,,,,,,
Jun-09-2016,4.49mm,332.25,,,,,,,,,,,,,,
Jun-10-2016,3.00mm,332.00,,,,,,,,,,,,,,
Jun-13-2016,4.40mm,318.75,,,,,,,,,,,,,,
Jun-14-2016,11.10mm,318.00,,,,,,,,,,,,,,
Jun-15-2016,4.58mm,314.00,,,,,,,,,,,,,,
Jun-16-2016,4.22mm,300.25,,,,,,,,,,,,,,
Jun-17-2016,4.13mm,300.25,,,,,,,,,,,,,300.25,
Jun-20-2016,7.69mm,293.75,,,,,,,,,,,,,,
Jun-21-2016,7.12mm,290.63,,,,,,,,,,,,,,
Jun-22-2016,4.89mm,284.38,,,,,,,,,,,,,,
Jun-23-2016,5.01mm,285.75,,,,,,,,,,,,,,
Jun-24-2016,8.50mm,273.13,,,,,,,,,,,,,,
Jun-27-2016,6.26mm,285.50,,,,,,,,,,,,,,
Jun-28-2016,5.64mm,281.00,,,,,,,,,,,,,,
Jun-29-2016,4.21mm,289.75,,,,,,,,,,,,,,
Jun-30-2016,5.70mm,294.50,,,,,,,,,,,,,,
Jul-01-2016,3.83mm,301.88,,,,,,,,,,,,,,
Jul-04-2016,4.68mm,296.88,,,,,,,,,,,,,,
Jul-05-2016,6.94mm,288.00,,,,,,,,,,,,,,
Jul-06-2016,6.23mm,278.75,,,,,,,,,,,,,,
Jul-07-2016,5.62mm,272.75,,,,,,,,,,,,,,
Jul-08-2016,3.29mm,271.13,,,,,,,,,,,,,,
Jul-11-2016,4.54mm,278.13,,,,,,,,,,,,,,
Jul-12-2016,6.51mm,283.00,,,,,,,,,,,,,,
Jul-13-2016,9.07mm,276.88,,,,,,,,,,,,,,
Jul-14-2016,7.76mm,281.13,,,,,,,,,,,,,,
Jul-15-2016,5.99mm,275.75,,,,,,,,,,,,,,
Jul-19-2016,16.65mm,309.75,,,,,,,,,,,,,,
Jul-20-2016,9.18mm,306.13,,,,,,,,,,,,,,
Jul-21-2016,4.02mm,305.63,,,,,,,,,,,,,,
Jul-22-2016,3.99mm,297.75,,,,,,,,,,,,,,
Jul-25-2016,8.45mm,282.38,,,,,,,,,,,,,,
Jul-26-2016,6.32mm,279.88,,,,,,,,,,,,,,
Jul-27-2016,4.53mm,277.13,,,,,,,,,,,,,,
Jul-28-2016,5.56mm,269.38,,,,,,,,,,,,,269.375,
Jul-29-2016,11.88mm,263.00,,,,,,,,,,,,,,
Aug-01-2016,10.25mm,257.75,,,,,,,,,,,,,,
Aug-02-2016,6.60mm,249.25,,,,,,,,,,,,,,
Aug-03-2016,8.46mm,244.63,,,,,,,,,,,,,,
Aug-04-2016,10.31mm,245.25,,,,,,,,,,,,,,
Aug-05-2016,5.75mm,242.88,,,,,,,,,,,,,,
Aug-08-2016,9.47mm,246.13,,,,,,,,,,,,,,
Aug-09-2016,6.01mm,247.63,,,,,,,,,,,,,,
Aug-10-2016,11.88mm,257.75,,,,,,,,,,,,,,
Aug-12-2016,9.32mm,256.75,,,,,,,,,,,,,,
Aug-15-2016,8.86mm,263.38,,,,,,,,,,,,,,
Aug-16-2016,6.87mm,258.50,,,,,,,,,,,,,,
Aug-17-2016,4.30mm,252.25,,,,,,,,,,,,,,
Aug-18-2016,8.16mm,256.88,,,,,,,,,,,,,,
Aug-19-2016,6.06mm,258.00,,,,,,,,,,,,,,
Aug-22-2016,4.69mm,260.25,,,,,,,,,,,,,,
Aug-23-2016,5.10mm,259.88,,,,,,,,,,,,,,
Aug-24-2016,3.57mm,262.13,,,,,,,,,,,,,,
Aug-25-2016,3.99mm,264.88,,264.875,,,,,,,,,,,,
Aug-26-2016,22.23mm,278.13,,,,,,,,,,,,,,
Aug-29-2016,9.52mm,277.75,,,,,,,,,,,,,,
Aug-30-2016,6.82mm,277.88,,,,,,,,,,,,,,
Aug-31-2016,5.25mm,281.25,,,,,,,,,,,,,,
Sep-01-2016,9.43mm,278.50,,,,,,,,,,,,,,
Sep-02-2016,6.35mm,280.00,,,,,,,,,,,,,,
Sep-05-2016,4.25mm,279.88,,279.875,,,,,,,,,,,,
Sep-06-2016,8.86mm,291.75,,,,,,,,,291.75,,,,,
Sep-07-2016,5.92mm,284.38,,,,,,,,,,,,,,
Sep-08-2016,6.68mm,281.38,,,,,,,,,,,,,281.375,
Sep-09-2016,3.82mm,279.13,,,,,,,,,,,,,,
Sep-12-2016,8.62mm,286.38,,,,,,,,,,,,,,
Sep-13-2016,10.84mm,291.88,,,,,,,,,,,,,,
Sep-14-2016,6.92mm,282.50,,,,,,,,,,,,,,
Sep-15-2016,4.31mm,281.25,,,,,,,,,,,,,,
Sep-16-2016,4.26mm,281.75,,,,,,,,,,,,,,
Sep-20-2016,3.94mm,282.13,,,,,,,,,,,,,,
Sep-21-2016,4.11mm,285.88,,,,,,,,,,,,,,
Sep-23-2016,11.38mm,301.13,,,,,,,,,,,,,,
Sep-26-2016,5.09mm,292.13,,,,,,,,,,,,,,
Sep-27-2016,6.11mm,300.63,,,,,,,,,,,,,,
Sep-28-2016,5.30mm,306.13,,,,,,306.125,,,,,,,,
Sep-29-2016,5.48mm,311.63,,,,,,,,,,,,,,
Sep-30-2016,5.08mm,309.38,,,,,,,,,,,,,,
Oct-03-2016,5.56mm,309.75,,,,,,,,,,,,,,
Oct-04-2016,5.34mm,306.63,,,,,,,,,,,,,,
Oct-05-2016,7.53mm,316.00,,,,,,,,,,,,,,
Oct-06-2016,5.87mm,305.63,,,,,,,,,,,,,,
Oct-07-2016,4.54mm,309.00,,,,,,,,,,,,,,
Oct-11-2016,6.38mm,298.63,,,,,,,,,,,,,,
Oct-12-2016,7.01mm,290.50,,,,,,,,,,,,,,
Oct-13-2016,5.86mm,291.38,,,,,,,,,,,,,,
Oct-14-2016,2.82mm,292.75,,,,,,,,,,,,,,
Oct-17-2016,3.43mm,293.88,,,,,,,,,,,,,,
Oct-18-2016,8.65mm,305.63,,,,,,,,,,,,,,
Oct-19-2016,3.98mm,307.88,,,,,,,,,,,,,,
Oct-20-2016,5.93mm,314.38,,,,,,,,,,,,,,
Oct-21-2016,4.32mm,310.13,,,,,,,,,,,,,,
Oct-24-2016,2.43mm,310.00,,,,,,,,,,,,,,
Oct-25-2016,4.89mm,308.75,,,,,,,,,,,,,,
Oct-26-2016,6.90mm,300.75,,,,,,,,,,,,,,
Oct-27-2016,5.89mm,297.13,,,,,,297.125,,,,,,,297.125,
Oct-28-2016,27.79mm,334.63,,,,,,,,,,,,,334.625,
Oct-31-2016,8.68mm,339.38,,,,,,,,,,,,,,
Nov-01-2016,6.13mm,344.13,,,,,,,,,,,,,,
Nov-02-2016,6.07mm,334.50,,,,,,,,,,,,,,
Nov-04-2016,5.58mm,334.25,,,,,,,,,,,,,,
Nov-07-2016,3.63mm,331.13,,,,,,,,,,,,,,
Nov-08-2016,5.81mm,324.75,,,,,,,,,,,,,,
Nov-09-2016,6.57mm,316.88,,,,,,,,,,,,,,
Nov-10-2016,4.36mm,326.38,,,,,,,,,,,,,,
Nov-11-2016,4.46mm,314.75,,,,,,,,,,,,,,
Nov-14-2016,5.13mm,321.13,,,,,,,,,,,,,,
Nov-15-2016,4.22mm,326.88,,,,,,,,,,,,,,
Nov-16-2016,4.95mm,322.75,,,,,,,,,,,,,,
Nov-17-2016,3.13mm,322.38,,,,,,,,,,,,,,
Nov-18-2016,7.47mm,312.88,,,,,,,,,,,,,,
Nov-21-2016,3.35mm,317.00,,,,,,,,,,,,,,
Nov-22-2016,3.80mm,315.00,,,,,,,,,,,,,,
Nov-24-2016,4.51mm,317.88,,,,,,,,,,,,,,
Nov-25-2016,4.05mm,314.13,,,,,,,,,,,,,,
Nov-28-2016,3.21mm,316.00,,,,,,,,,,,,,,
Nov-29-2016,3.15mm,312.88,,,,,,,,,,,,,,
Nov-30-2016,2.82mm,312.25,,,,,,,,,,,,,,
Dec-01-2016,4.20mm,312.75,,,,,,,,,,,,,,
Dec-02-2016,4.33mm,309.88,,,,,,,,,,,,,,
Dec-05-2016,4.18mm,305.13,,,,,,,,,,,,,,
Dec-06-2016,3.11mm,302.88,,,,,,,,,,,,,,
Dec-07-2016,4.30mm,302.13,,,,,,,,,,,,,,
Dec-08-2016,3.58mm,308.63,,,,,,,,,,,,,,
Dec-09-2016,6.40mm,316.13,,,,,,,,,,,,,,
Dec-12-2016,4.56mm,319.00,,,,,,,,,,,,,,
Dec-13-2016,4.97mm,317.88,,,,,,,,,,,,,,
Dec-14-2016,2.83mm,321.13,,,,,,,,,,,,,,
Dec-15-2016,3.53mm,313.88,,,,,,,,,,,,,,
Dec-16-2016,3.51mm,310.25,,,,,,,,,,,,,,
Dec-19-2016,3.54mm,310.63,,,,,,,,,,,,,,
Dec-20-2016,3.91mm,318.75,,,,,,,,,,,,,,
Dec-21-2016,6.70mm,324.88,,,,,,,,,,,,,,
Dec-22-2016,7.67mm,332.63,,,,,,,,,,,,,,
Dec-26-2016,5.51mm,342.63,,,,,,,,,,,,,,
Dec-27-2016,3.44mm,341.50,,,,,,,,,,,,,,
Dec-28-2016,3.43mm,347.75,,,,,,,,,,,,,,
Dec-29-2016,2.90mm,348.38,,,,,,,,,,,,,,
Dec-30-2016,2.87mm,343.75,,,,,,,,,,,,,,
Jan-04-2017,10.72mm,354.63,,,,,,,,,,,,,,
Jan-05-2017,7.17mm,351.25,,,,,,,,,,,,,,
Jan-06-2017,7.78mm,345.88,,,,,,,,,,,,,,
Jan-10-2017,5.24mm,344.50,,,,,,,,,,,,,,
Jan-11-2017,3.49mm,342.75,,,,,,,,,,,,,,
Jan-12-2017,4.82mm,335.75,,,,,,,,,,,,,,
Jan-13-2017,6.63mm,333.50,,,,,,,,,,,,,,
Jan-16-2017,5.37mm,326.88,,,,,,,,,,,,,,
Jan-17-2017,6.72mm,318.63,,,,,,,,,,,,,,
Jan-18-2017,5.38mm,321.13,,,,,,,,,,,,,,
Jan-19-2017,5.94mm,321.00,,,,,,,,,,,,,,
Jan-20-2017,3.39mm,323.75,,,,,,,,,,,,,,
Jan-23-2017,3.85mm,320.13,,,,,,,,,,,,,,
Jan-24-2017,4.28mm,318.25,,,,,,,,,,,,,,
Jan-25-2017,6.07mm,317.25,,,,,,,,,,,,,,
Jan-26-2017,8.17mm,323.25,,,,,,,,,,,,,,
Jan-27-2017,10.44mm,312.50,,,,,,,,,,,,,,
Jan-30-2017,14.29mm,302.25,,,,,,,,,,,,,,
Jan-31-2017,9.25mm,299.00,,,,,,,,,,,,,,
Feb-01-2017,9.81mm,301.38,,,,,,301.375,,,,,,,301.375,
Feb-02-2017,29.35mm,273.50,,,,,,,,,,,,,,
Feb-03-2017,10.71mm,272.88,,,,,,,,,,,,,,
Feb-06-2017,10.74mm,278.75,,,,,,,,,,,,,,
Feb-07-2017,11.46mm,278.25,,,,,,,,,,,,,,
Feb-08-2017,7.53mm,283.38,,,,,,,,,,,,,,
Feb-09-2017,9.12mm,288.00,,,,,,,,,,,,,,
Feb-10-2017,8.33mm,286.00,,,,,,,,,,,,,,
Feb-13-2017,5.00mm,290.38,,,,,,,,,,,,,,
Feb-14-2017,5.35mm,291.88,,,,,,,,,,,,,,
Feb-15-2017,3.27mm,290.50,,,,,,,,,,,,,,
Feb-16-2017,7.42mm,297.50,,,,,,,,,,,,,,
Feb-17-2017,6.79mm,299.25,,,,,,,,,,,,,,
Feb-20-2017,3.39mm,298.88,,,,,,,,,,,,,,
Feb-21-2017,4.41mm,297.50,,,,,,,,,,,,,,
Feb-22-2017,3.56mm,299.00,,,,,,,,,,,,,,
Feb-23-2017,4.06mm,297.25,,,,,,,,,,,,,,
Feb-24-2017,7.11mm,292.63,,,,,,,,,,,,,,
Feb-27-2017,10.15mm,286.13,,,,,,,,,,,,,286.125,
Feb-28-2017,3.13mm,285.63,,,,,,,,,,,,,,
Mar-01-2017,4.42mm,290.25,,,,,,,,,,,,,,
Mar-02-2017,2.95mm,289.88,,,,,,,,,,,,,,
Mar-03-2017,2.99mm,288.38,,,,,,,,,,,,,,
Mar-06-2017,4.24mm,288.25,,,,,,,,,,,,,,
Mar-07-2017,4.09mm,291.13,,,,,,,,,,,,,,
Mar-08-2017,9.43mm,299.00,,,,,,,,,,,,,,
Mar-09-2017,7.61mm,297.63,,,,,,,,,,,,,,
Mar-10-2017,4.08mm,296.25,,,,,,,,,,,,,,
Mar-13-2017,7.07mm,305.38,,,,,,,,,,,,,,
Mar-14-2017,5.42mm,306.13,,,,,,,,,,,,,,
Mar-15-2017,3.60mm,302.38,,,,,,,,,,,,,,
Mar-16-2017,3.55mm,302.75,,,,,,,,,,,,,,
Mar-17-2017,5.31mm,301.88,,,,,,,,,,,,,,
Mar-21-2017,3.66mm,300.50,,,,,,,,,,,,,,
Mar-22-2017,6.28mm,290.63,,,,,,,,,,,,,,
Mar-23-2017,6.53mm,284.88,,,,,,,,,,,,,,
Mar-24-2017,4.59mm,286.25,,,,,,,,,,,,,,
Mar-27-2017,4.88mm,278.88,,,,,,,,,,,,,,
Mar-28-2017,4.09mm,282.25,,,,,,,,,,,,,,
Mar-29-2017,3.49mm,279.00,,,,,,279,,,,,,,,
Mar-30-2017,6.93mm,270.13,,,,,,,,,,,,,,
Mar-31-2017,6.87mm,271.38,,,,,271.375,,,,,,,,,
Apr-03-2017,5.22mm,275.25,,,,,,,,,,,,,,
Apr-04-2017,5.32mm,270.13,,,,,,,,,,,,,,
Apr-05-2017,5.48mm,270.63,,,,,,,,,,,,,,
Apr-06-2017,7.02mm,270.13,,,,,,,,,,,,,,
Apr-07-2017,3.64mm,271.63,,,,,,,,,,,,,,
Apr-10-2017,4.26mm,276.38,,,,,,,,,,,,,,
Apr-11-2017,4.75mm,277.63,,,,,,,,,,,,,,
Apr-12-2017,5.17mm,275.00,,,,,,,,,,,,,,
Apr-13-2017,6.83mm,268.75,,,,,,,,,,,,,,
Apr-14-2017,4.88mm,266.25,,,,,,,,,,,,,,
Apr-17-2017,5.39mm,269.38,,,,,,,,,,,,,,
Apr-18-2017,6.91mm,274.63,,,,,,,,,,,,,,
Apr-19-2017,7.22mm,279.38,,,,,,,,,,,,,,
Apr-20-2017,5.96mm,276.75,,,,,,,,,,,,,,
Apr-21-2017,5.21mm,275.50,,,,,,,,,,,,,,
Apr-24-2017,4.24mm,279.25,,,,,,,,,,,,,,
Apr-25-2017,6.55mm,282.25,,,,,,,,,,,,,,
Apr-26-2017,7.87mm,288.25,,,,,,,,,,,,,,
Apr-27-2017,6.99mm,282.00,,,,,,,,,,,,,282,
Apr-28-2017,26.11mm,300.50,,,,,,,,,,,,,,
May-01-2017,11.44mm,308.75,,,,,,,,,,,,,,
May-02-2017,8.90mm,306.88,,,,,,,,,,,,,,
May-08-2017,10.86mm,311.00,,,,,,,,,,,,,,
May-09-2017,6.29mm,312.13,,,,,,,,,,,,,,
May-10-2017,6.69mm,317.00,,,,,,,,,,,,,,
May-11-2017,9.52mm,313.00,,,,,,,,,,,,,,
May-12-2017,3.85mm,311.25,,,,,,,,,,,,,,
May-15-2017,4.87mm,313.63,,,,,,,,,,,,,,
May-16-2017,3.76mm,313.38,,,,,,,,,,,,,,
May-17-2017,4.40mm,312.38,,,,,,,,,,,,,,
May-18-2017,5.84mm,308.25,,,,,,,,,,,,,,
May-19-2017,4.96mm,307.00,,,,,,,,,,,,,,
May-22-2017,3.13mm,310.13,,,,,,,,,,,,,,
May-23-2017,2.55mm,308.63,,,,,,,,,,,,,,
May-24-2017,3.51mm,308.75,,,,,,,,,,,,,,
May-25-2017,4.41mm,310.25,,,,,,,,,,,,,,
May-26-2017,8.49mm,321.63,,,,,,,,,,,,,,
May-29-2017,11.04mm,330.13,,,,,,,,,,,,,,
May-30-2017,7.61mm,331.88,,,,,,,,,,,,,,
May-31-2017,7.10mm,326.88,,,,,,,,,,,,,,
Jun-01-2017,5.89mm,328.25,,,,,,,,,,,,,,
Jun-02-2017,4.58mm,326.75,,,,,,,,,,,,,,
Jun-05-2017,3.83mm,329.00,,,,,,,,,,,,,,
Jun-06-2017,6.44mm,327.63,,,,,,,,,,,,,,
Jun-07-2017,7.03mm,333.13,,,,,,,,,,,,,,
Jun-08-2017,7.29mm,337.00,,,,,,,,,,,,,,
Jun-09-2017,3.43mm,332.75,,,,,,,,,,,,,332.75,
Jun-12-2017,4.71mm,333.63,,,,,,,,,,,,,,
Jun-13-2017,8.77mm,338.13,,,,,,,,,,,,,,
Jun-14-2017,14.38mm,334.25,,,,,,,,,,,,,,
Jun-15-2017,8.59mm,341.88,,,,,,,,,,,,,,
Jun-16-2017,4.55mm,342.38,,,,,,,,,,,,,,
Jun-19-2017,6.07mm,351.50,,,,,,,,,,,,,,
Jun-20-2017,7.38mm,348.50,,,,,,,,,,,,,,
Jun-21-2017,5.92mm,351.50,,,,,,,,,,,,,,
Jun-22-2017,5.48mm,346.38,,,,,,,,,,,,,,
Jun-23-2017,5.90mm,340.88,,,,,,,,,,,,,,
Jun-26-2017,5.42mm,349.88,,,,,,,,,,,,,,
Jun-27-2017,6.62mm,346.88,,,,,,,,,,,,,,
Jun-28-2017,8.71mm,335.38,,,,,,,,,,,,,,
Jun-29-2017,6.28mm,337.63,,,,,,,,,,,,,,
Jun-30-2017,5.20mm,332.88,,,,,,,,,,,,,,
Jul-03-2017,6.52mm,326.13,,,,,,,,,,,,,,
Jul-04-2017,6.96mm,319.75,,,,,,,,,,,,,,
Jul-05-2017,6.07mm,321.75,,,,,,,,,,,,,,
Jul-06-2017,4.82mm,320.50,,,,,,,,,,,,,,
Jul-07-2017,3.63mm,318.88,,,,,,,,,,,,,,
Jul-10-2017,5.41mm,322.88,,,,,,,,,,,,,,
Jul-11-2017,5.89mm,326.38,,,,,,,,,,,,,,
Jul-12-2017,4.30mm,322.25,,,,,,,,,,,,,,
Jul-13-2017,2.80mm,324.13,,,,,,,,,,,,,,
Jul-14-2017,1.48mm,324.38,,,,,,,,,,,,,,
Jul-18-2017,4.55mm,330.38,,,,,,,,,,,,,,
Jul-19-2017,3.17mm,327.38,,,,,,,,,,,,,,
Jul-20-2017,2.22mm,327.75,,,,,,,,,,,,,,
Jul-21-2017,2.45mm,324.88,,,,,,,,,,,,,,
Jul-24-2017,3.69mm,319.88,,,,,,,,,,,,,,
Jul-25-2017,3.25mm,318.88,,,,,,,,,,,,,,
Jul-26-2017,6.04mm,324.38,,,,,,,,,,,,,,
Jul-27-2017,9.04mm,334.00,,,,,,,,,,,,,,
Jul-28-2017,5.01mm,324.38,,,,,,,,,,,,,324.375,
Jul-31-2017,17.41mm,342.13,,,,,,,,,,,,,,
Aug-01-2017,12.30mm,348.63,,,,,,,,,,,,,,
Aug-02-2017,5.53mm,351.25,,,,,,,,,,,,,,
Aug-03-2017,7.13mm,346.25,,,,,,,,,,,,,,
Aug-04-2017,8.90mm,341.75,,,,,,,,,,,,,,
Aug-07-2017,5.41mm,348.50,,,,,,,,,,,,,,
Aug-08-2017,8.06mm,359.75,,,,,,,,,,,,,,
Aug-09-2017,5.61mm,358.63,,,,,,,,,,,,,,
Aug-10-2017,5.03mm,361.75,,,,,,,,,,,,,,
Aug-14-2017,4.11mm,361.75,,,,,,,,,,,,,,
Aug-15-2017,4.75mm,369.63,,,,,,,,,,,,,,
Aug-16-2017,4.55mm,373.75,,,,,,,,,,,,,,
Aug-17-2017,4.84mm,375.00,,,,,,,,,,,,,,
Aug-18-2017,8.37mm,365.50,,,,,,,,,,,,,,
Aug-21-2017,4.37mm,365.63,,,,,,,,,,,,,,
Aug-22-2017,3.65mm,364.88,,,,,,,,,,,,,,
Aug-23-2017,7.31mm,361.13,,,,,,,,,,,,,,
Aug-24-2017,5.59mm,360.50,,,,,,,,,,,,,,
Aug-25-2017,8.26mm,351.00,,,,,,,,,,,,,,
Aug-28-2017,4.91mm,353.25,,,,,,,,,,,,,,
Aug-29-2017,5.10mm,346.00,,,,,,,,,,,,,,
Aug-30-2017,5.20mm,344.50,,,,,,,,,,,,,,
Aug-31-2017,6.71mm,341.38,,,,,,,,,,,,,,
Sep-01-2017,5.30mm,344.63,,,,,,,,,,,,,,
Sep-04-2017,2.88mm,340.13,,,,,,,,,,,,,,
Sep-05-2017,2.98mm,334.38,,,,,,,,,,,,,,
Sep-06-2017,3.69mm,332.63,,,,,,,,,,,,,,
Sep-07-2017,3.11mm,333.75,,,,,,,,,,,,,,
Sep-08-2017,3.52mm,333.75,,,,,,,,,,,,,,
Sep-11-2017,3.55mm,334.00,,,,,,,,,,,,,,
Sep-12-2017,5.75mm,344.75,,,,,,,,,,,,,,
Sep-13-2017,4.23mm,346.38,,,,,,,,,,,,,,
Sep-14-2017,5.39mm,338.88,,,,,,,,,,,,,,
Sep-15-2017,5.31mm,337.25,,,,,,,,,,,,,,
Sep-19-2017,3.65mm,340.38,,,,,,,,,,,,,,
Sep-20-2017,4.76mm,334.75,,,,,,,,,,,,,,
Sep-21-2017,2.98mm,334.88,,,,,,,,,,,,,,
Sep-22-2017,5.01mm,342.63,,,,,,,,,,,,,,
Sep-25-2017,4.74mm,339.38,,,,,,,,,,,,,,
Sep-26-2017,6.07mm,338.13,,,,,,,,,,,,,,
Sep-27-2017,4.39mm,330.13,,,,,,330.125,,,,,,,,
Sep-28-2017,4.22mm,337.38,,,,,,,,,,,,,,
Sep-29-2017,9.28mm,345.75,,,,,345.75,,,,,,,,,
Oct-02-2017,6.29mm,338.88,,,,,,,,,,,,,,
Oct-03-2017,4.00mm,346.13,,,,,,,,,,,,,,
Oct-04-2017,2.94mm,345.63,,,,,,,,,,,,,,
Oct-05-2017,2.65mm,345.38,,,,,,,,,,,,,,
Oct-06-2017,2.16mm,347.25,,,,,,,,,,,,,,
Oct-10-2017,3.02mm,347.13,,,,,,,,,,,,,,
Oct-11-2017,3.33mm,350.63,,,,,,,,,,,,,,
Oct-12-2017,6.76mm,360.75,,,,,,,,,,,,,,
Oct-13-2017,4.04mm,356.25,,,,,,,,,,,,,,
Oct-16-2017,3.30mm,357.63,,,,,,,,,,,,,,
Oct-17-2017,4.25mm,354.50,,,,,,,,,,,,,,
Oct-18-2017,2.23mm,352.88,,,,,,,,,,,,,,
Oct-19-2017,2.73mm,349.13,,,,,,,,,,,,,,
Oct-20-2017,4.83mm,344.00,,,,,,,,,,,,,,
Oct-23-2017,2.26mm,346.75,,,,,,,,,,,,,,
Oct-24-2017,3.43mm,349.88,,,,,,,,,,,,,,
Oct-25-2017,6.16mm,351.63,,,,,,,,,,,,,,
Oct-26-2017,2.88mm,348.50,,,,,,,,,,,,,,
Oct-27-2017,4.08mm,351.13,,,,,,,,,,,,,,
Oct-30-2017,4.84mm,351.00,,,,,,,,,,,,,,
Oct-31-2017,4.55mm,358.88,,,,,,,,,,,,,,
Nov-01-2017,5.01mm,364.00,,,,,,,,,,,,,,
Nov-02-2017,3.10mm,366.38,,,,,,,,,,,,,,
Nov-06-2017,4.32mm,360.75,,,,,,,,,,,,,360.75,
Nov-07-2017,10.47mm,396.88,,,,,,,,,,,,,,
Nov-08-2017,6.68mm,409.38,,,,,,,,,,,,,,
Nov-09-2017,5.35mm,401.25,,,,,,,,,,,,,,
Nov-10-2017,3.44mm,401.25,,,,,,,,,,,,,,
Nov-13-2017,2.67mm,395.63,,,,,,,,,,,,,,
Nov-14-2017,2.64mm,392.50,,,,,,,,,,,,,,
Nov-15-2017,3.39mm,383.13,,,,,,,,,,,,,,
Nov-16-2017,3.56mm,392.50,,,,,,,,,,,,,,
Nov-17-2017,3.96mm,392.50,,,,,,,,,,,,,,
Nov-20-2017,3.14mm,396.88,,,,,,,,,,,,,,
Nov-21-2017,1.85mm,397.50,,,,,,,,,,,,,,
Nov-22-2017,3.47mm,405.00,,,,,,,,,,,,,,
Nov-24-2017,3.32mm,395.63,,,,,,,,,,,,,,
Nov-27-2017,3.65mm,391.25,,,,,,,,,,,,,,
Nov-28-2017,2.34mm,396.25,,,,,,,,,,,,,,
Nov-29-2017,4.90mm,400.63,,,,,,,,,,,,,,
Nov-30-2017,5.07mm,400.00,,,,,,,,,,,,,,
Dec-01-2017,2.56mm,400.00,,,,,,,,,,,,,,
Dec-04-2017,3.13mm,404.38,,,,,,,,,,,,,,
Dec-05-2017,3.46mm,403.13,,,,,,,,,,,,,,
Dec-06-2017,4.62mm,400.00,,,,,,,,,,,,,,
Dec-07-2017,3.44mm,400.00,,,,,,,,,,,,,,
Dec-08-2017,6.46mm,422.50,,,,,,,,,,,,,,
Dec-11-2017,5.13mm,435.00,,,,,,,,,,,,,,
Dec-12-2017,6.47mm,440.00,,,,,,,,,,,,,,
Dec-13-2017,3.99mm,434.38,,,,,,,,,,,,,,
Dec-14-2017,2.76mm,428.75,,,,,,,,,,,,,,
Dec-15-2017,3.75mm,437.50,,,,,,,,,,,,,,
Dec-18-2017,3.67mm,443.75,,,,,,,,,,,,,,
Dec-19-2017,2.75mm,443.13,,,,,,,,,,,,,,
Dec-20-2017,2.82mm,446.88,,,,,,,,,,,,,,
Dec-21-2017,4.10mm,456.88,,,,,,,,,,,,,,
Dec-22-2017,2.80mm,452.50,,,,,,,,,,,,,,
Dec-25-2017,2.17mm,446.25,,,,,,,,,,,,,,
Dec-26-2017,1.84mm,446.25,,,,,,,,,,,,,,
Dec-27-2017,1.34mm,452.50,,,,,,,,,,,,,,
Dec-28-2017,2.17mm,444.38,,,,,,,,,,,,,,
Dec-29-2017,1.60mm,446.88,,,,,,,,,,,,,,
Jan-04-2018,3.61mm,458.75,,,,,,,,,,,,,,
Jan-05-2018,3.93mm,470.00,,,,,,,,,,,,,,
Jan-09-2018,5.75mm,475.00,,,,,,,,,,,,,,
Jan-10-2018,4.96mm,488.75,,,,,,,,,,,,,,
Jan-11-2018,5.72mm,488.75,,,,,,,,,,,,,,
Jan-12-2018,5.98mm,495.00,,,,,,,,,,,,,,
Jan-15-2018,5.92mm,486.25,,,,,,,,,,,,,,
Jan-16-2018,5.95mm,473.75,,,,,,,,,,,,,,
Jan-17-2018,7.38mm,463.13,,,,,,,,,,,,,,
Jan-18-2018,7.49mm,466.25,,,,,,,,,,,,,,
Jan-19-2018,3.99mm,465.63,,,,,,,,,,,,,,
Jan-22-2018,5.44mm,463.75,,,,,,,,,,,,,,
Jan-23-2018,3.17mm,473.13,,,,,,,,,,,,,,
Jan-24-2018,3.14mm,478.13,,,,,,,,,,,,,,
Jan-25-2018,2.90mm,475.00,,,,,,,,,,,,,,
Jan-26-2018,4.65mm,483.13,,,,,,,,,,,,,,
Jan-29-2018,10.80mm,506.25,,,,,,,,,,,,,,
Jan-30-2018,16.18mm,518.75,,,,,,,,,,,,,,
Jan-31-2018,9.61mm,519.38,,,,,,,,,,,,,519.375,
Feb-01-2018,13.35mm,501.25,,,,,,,,,,,,,,
Feb-02-2018,7.14mm,510.00,,,,,,,,,,,,,,
Feb-05-2018,6.69mm,501.88,,,,,,,,,,,,,,
Feb-06-2018,11.37mm,475.63,,,,,,,,,,,,,,
Feb-07-2018,8.30mm,490.00,,,,,,,,,,,,,,
Feb-08-2018,6.11mm,514.38,,,,,,,,,,,,,,
Feb-09-2018,8.84mm,493.13,,,,,,,,,,,,,,
Feb-13-2018,6.17mm,504.38,,,,,,,,,,,,,,
Feb-14-2018,6.77mm,495.63,,,,,,,,,,,,,,
Feb-15-2018,4.75mm,504.38,,,,,,,,,,,,,,
Feb-16-2018,6.39mm,531.88,,,,,,,,,,,,,,
Feb-19-2018,3.95mm,543.13,,,,,,,,,,,,,,
Feb-20-2018,4.01mm,543.75,,,,,,,,,,,,,,
Feb-21-2018,4.72mm,558.75,,,,,,,,,,,,,,
Feb-22-2018,5.15mm,541.88,,,,,,,,,,,,,,
Feb-23-2018,6.42mm,564.38,,,,,,,,,,,,,,
Feb-26-2018,4.66mm,553.13,,,,,,,,,,,,,,
Feb-27-2018,2.92mm,550.63,,,,,,,,,,,,,,
Feb-28-2018,4.88mm,540.00,,,,,,,,,,,,,,
Mar-01-2018,3.65mm,542.50,,,,,,,,,,,,,,
Mar-02-2018,3.85mm,536.25,,,,,,,,,,,,,,
Mar-05-2018,3.66mm,526.25,,,,,,,,,,,,,,
Mar-06-2018,4.54mm,550.00,,,,,,,,,,,,,,
Mar-07-2018,11.81mm,572.50,,,,,,,,,,,,,,
Mar-08-2018,7.08mm,591.25,,,,,,,,,,,,,,
Mar-09-2018,6.17mm,579.38,,,,,,,,,,,,,,
Mar-12-2018,7.87mm,565.00,,,,,,,,,,,,,,
Mar-13-2018,7.81mm,599.38,,,,,,,,,,,,,,
Mar-14-2018,7.32mm,611.88,,,,,,,,,,,,,,
Mar-15-2018,4.07mm,618.13,,,,,,,,,,,,,,
Mar-16-2018,3.40mm,617.50,,,,,,,,,,,,,,
Mar-19-2018,3.54mm,620.63,,,,,,,,,,,,,,
Mar-20-2018,4.66mm,636.25,,,,,,,,,,,,,,
Mar-22-2018,4.89mm,631.25,,,,,,,,,,,,,,
Mar-23-2018,5.51mm,611.25,,,,,,,,,,,,,,
Mar-26-2018,4.73mm,618.75,,,,,,,,,,,,,,
Mar-27-2018,4.13mm,623.13,,,,,,,,,,,,,,
Mar-28-2018,4.48mm,616.75,,,,,,616.75,,,,,,,,
Mar-29-2018,5.25mm,605.75,,,,,,,,,,605.75,,,,
Mar-30-2018,15.36mm,574.75,,,,,574.75,,,,,,,,,
Apr-02-2018,3.83mm,581.50,,,,,,,,,,,,,,
Apr-03-2018,4.07mm,584.75,,,,,,,,,,,,,,
Apr-04-2018,3.96mm,575.25,,,,,,,,,,,,,,
Apr-05-2018,3.56mm,565.50,,,,,,,,,,,,,,
Apr-06-2018,6.51mm,552.00,,,,,,,,,,,,,,
Apr-09-2018,4.41mm,558.75,,,,,,,,,,,,,,
Apr-10-2018,3.81mm,550.00,,,,,,,,,,,,,,
Apr-11-2018,3.81mm,552.75,,,,,,,,,,,,,,
Apr-12-2018,3.18mm,543.25,,,,,,,,,,,,,,
Apr-13-2018,5.52mm,533.75,,,,,,,,,,,,,,
Apr-16-2018,1.72mm,540.25,,,,,,,,,,,,,,
Apr-17-2018,3.63mm,540.25,,,,,,,,,,,,,,
Apr-18-2018,3.01mm,541.00,,,,,,,,,,,,,,
Apr-19-2018,2.66mm,532.00,,,,,,,,,,,,,,
Apr-20-2018,2.45mm,536.75,,,,,,,,,,,,,,
Apr-23-2018,1.83mm,535.25,,,,,,,,,,,,,,
Apr-24-2018,1.96mm,545.00,,,,,,,,,,,,,,
Apr-25-2018,2.51mm,535.50,,,,,,,,,,,,,,
Apr-26-2018,4.62mm,526.25,,,,,,,,,,,,,,
Apr-27-2018,4.39mm,525.75,,,,,,,,,,,,,,
May-01-2018,5.04mm,530.25,,,,,,,,,,,,,,
May-02-2018,2.71mm,537.50,,,,,,,,,,,,,,
May-07-2018,3.56mm,538.75,,,,,,,,,,,,,,
May-08-2018,3.55mm,544.75,,,,,,544.75,,,,,,,544.75,
May-09-2018,17.38mm,589.50,,,,,,,,,,,,,589.5,
May-10-2018,8.91mm,602.50,,,,,,,,,,,,,,
May-11-2018,7.47mm,636.25,,,,,,,,,,,,,,
May-14-2018,6.77mm,638.25,,,,,,,,,,,,,,
May-15-2018,5.57mm,652.00,,,,,,,,,,,,,,
May-16-2018,6.39mm,627.75,,,,,,,,,,,,,,
May-17-2018,6.26mm,644.75,,,,,,,,,,,,,,
May-18-2018,5.25mm,661.75,,,,,,,,,,,,,,
May-21-2018,5.05mm,664.50,,,,,,,,,,,,,,
May-22-2018,3.76mm,657.25,,,,,,,,,,,,,,
May-23-2018,4.06mm,663.00,,,,,,,,,,,,,,
May-24-2018,3.36mm,661.50,,,,,,,,,,,,,,
May-25-2018,2.15mm,662.00,,,,,,,,,,,,,,
May-28-2018,2.32mm,650.00,,,,,,,,,,,,,,
May-29-2018,2.93mm,649.50,,,,,,,,,,,,,,
May-30-2018,3.47mm,646.00,,,,,,,,,,,,,,
May-31-2018,5.27mm,639.75,,,,,,,,,,,,,,
Jun-01-2018,3.23mm,642.50,,,,,,,,,,,,,,
Jun-04-2018,3.45mm,642.50,,,,,,,,,,,,,,
Jun-05-2018,3.97mm,636.50,,,,,,,,,,,,,,
Jun-06-2018,4.02mm,636.75,,,,,,,,,,,,,,
Jun-07-2018,3.73mm,637.00,,,,,,,,,,,,,,
Jun-08-2018,6.30mm,648.75,,,,,,,,,,,,,,
Jun-11-2018,3.64mm,631.25,,,,,,,,,,,,,631.25,
Jun-12-2018,5.21mm,614.00,,,,,,,,,,,,,,
Jun-13-2018,5.64mm,615.50,,,,,,,,,,,,,,
Jun-14-2018,7.31mm,634.25,,,,,,,,,,,,,,
Jun-15-2018,7.72mm,635.25,,,,,,,,,,,,,,
Jun-18-2018,3.35mm,634.25,,,,,,,,,,,,,,
Jun-19-2018,12.32mm,656.25,,,,,,,,,,,,,,
Jun-20-2018,7.90mm,668.50,,,,,,,,,,,,,,
Jun-21-2018,9.13mm,707.50,,,,,,,,,,,,,,
Jun-22-2018,6.99mm,713.25,,,,,,,,,,,,,,
Jun-25-2018,6.14mm,669.50,,,,,,,,,,,,,,
Jun-26-2018,6.97mm,641.00,,,,,,,,,,,,,,
Jun-27-2018,4.33mm,653.00,,,,,,,,,,,,,,
Jun-28-2018,2.80mm,660.75,,,,,,,,,,,,,,
Jun-29-2018,6.64mm,682.50,,,,,,,,,,,,,,
Jul-02-2018,3.61mm,674.75,,,,,,,,,,,,,,
Jul-03-2018,5.81mm,691.75,,,,,,,,,,,,,,
Jul-04-2018,2.68mm,685.75,,,,,,,,,,,,,,
Jul-05-2018,2.97mm,690.00,,,,,,,,,,,,,,
Jul-06-2018,3.34mm,704.50,,,,,,,,,,,,,,
Jul-09-2018,3.02mm,705.75,,,,,,,,,,,,,,
Jul-10-2018,17.38mm,626.00,,,,,,,,,,,,,,
Jul-11-2018,11.17mm,624.00,,,,,,,,,,,,,,
Jul-12-2018,5.16mm,636.50,,,,,,,,,,,,,,
Jul-13-2018,6.04mm,660.00,,,,,,,,,,,,,,
Jul-17-2018,4.25mm,672.00,,,,,,,,,,,,,,
Jul-18-2018,3.58mm,686.25,,,,,,,,,,,,,,
Jul-19-2018,3.67mm,693.50,,,,,,,,,,693.5,,,,
Jul-20-2018,4.97mm,703.75,,,,,,,,,,,,,,
Jul-23-2018,2.75mm,702.75,,,,,,,,,,,,,,
Jul-24-2018,3.07mm,711.25,,,,,,,,,,,,,,
Jul-25-2018,3.24mm,698.75,,,,,,,,,,,,,,
Jul-26-2018,2.85mm,703.00,,,,,,,,,,,,,,
Jul-27-2018,4.52mm,683.25,,,,,,,,,,,,,,
Jul-30-2018,4.74mm,678.50,,,,,,,,,,,,,678.5,
Jul-31-2018,14.81mm,723.50,,,,,,,,,,,,,,
Aug-01-2018,7.01mm,697.75,,,,,,,,,,,,,,
Aug-02-2018,7.85mm,730.75,,,,,,,,,,,,,,
Aug-03-2018,5.95mm,735.75,,,,,,,,,,,,,,
Aug-06-2018,3.68mm,732.75,,,,,,,,,,,,,,
Aug-07-2018,2.30mm,741.00,,,,,,,,,,,,,,
Aug-08-2018,3.29mm,740.75,,,,,,,,,,,,,,
Aug-09-2018,2.78mm,724.50,,,,,,,,,,,,,,
Aug-10-2018,2.59mm,712.75,,,,,,,,,,,,,,
Aug-13-2018,10.24mm,643.75,,,,,,,,,,,,,,
Aug-14-2018,9.93mm,657.25,,,,,,,,,,,,,,
Aug-15-2018,9.61mm,639.50,,,,,,,,,,,,,,
Aug-16-2018,8.68mm,607.50,,,,,,,,,,,,,,
Aug-17-2018,5.28mm,605.25,,,,,,,,,,,,,,
Aug-20-2018,5.41mm,604.25,,,,,,,,,,,,,,
Aug-21-2018,6.42mm,619.00,,,,,,,,,,,,,,
Aug-22-2018,5.34mm,632.50,,,,,,,,,,,,,,
Aug-23-2018,3.50mm,628.00,,,,,,,,,,,,,,
Aug-24-2018,2.76mm,638.75,,,,,,,,,,,,,,
Aug-27-2018,3.03mm,656.75,,,,,,,,,,,,,,
Aug-28-2018,4.66mm,632.00,,,,,,,,,,,,,,
Aug-29-2018,3.03mm,647.25,,,,,,,,,,,,,,
Aug-30-2018,8.88mm,670.50,,,,,,,,,,,,,670.5,
Aug-31-2018,12.95mm,647.75,,,,,,,,,,,,,,
Sep-03-2018,6.61mm,675.00,,,,,,,,,,,,,,
Sep-04-2018,5.61mm,692.50,,,,,,,,,,,,,,
Sep-05-2018,4.51mm,701.00,,,,,,,,,,,,,,
Sep-06-2018,5.42mm,692.50,,,,,,,,,,,,,,
Sep-07-2018,4.79mm,678.75,,,,,,,,,,,,,,
Sep-10-2018,3.38mm,677.75,,,,,,,,,,,,,,
Sep-11-2018,3.21mm,671.25,,,,,,,,,,,,,,
Sep-12-2018,5.90mm,686.50,,,,,,,,,,,,,,
Sep-13-2018,5.32mm,697.25,,,,,,,,,,,,,,
Sep-14-2018,5.28mm,707.50,,,,,,,,,,,,,,
Sep-18-2018,4.18mm,696.75,,,,,,,,,,,,,,
Sep-19-2018,7.26mm,688.00,,,,,,,,,,,,,,
Sep-20-2018,4.43mm,689.50,,,,,,,,,,,,,,
Sep-21-2018,5.21mm,714.25,,,,,,,,,,,,,,
Sep-25-2018,5.42mm,704.50,,,,,,,,,,,,,,
Sep-26-2018,4.55mm,705.50,,,,,,705.5,,,,,,,,
Sep-27-2018,4.09mm,695.00,,,,,,,,,,,,,,
Sep-28-2018,3.28mm,720.75,,,,,,,,,,,,,,
Oct-01-2018,2.23mm,729.25,,,,,729.25,,,,,,,,,
Oct-02-2018,1.93mm,720.75,,,,,,,,,,,,,,
Oct-03-2018,2.87mm,715.50,,,,,,,,,,,,,,
Oct-04-2018,2.97mm,697.25,,,,,,,,,,,,,,
Oct-05-2018,2.23mm,701.75,,,,,,,,,,,,,,
Oct-09-2018,3.38mm,665.75,,,,,,,,,,,,,,
Oct-10-2018,3.39mm,669.00,,,,,,,,,,,,,,
Oct-11-2018,3.79mm,654.00,,,,,,,,,,,,,,
Oct-12-2018,2.89mm,665.75,,,,,,,,,,,,,,
Oct-15-2018,2.73mm,655.25,,,,,,,,,,,,,,
Oct-16-2018,2.26mm,648.00,,,,,,,,,,,,,,
Oct-17-2018,1.68mm,665.50,,,,,,,,,,,,,,
Oct-18-2018,1.45mm,658.00,,,,,,,,,,,,,,
Oct-19-2018,2.18mm,656.00,,,,,,,,,,,,,,
Oct-22-2018,1.45mm,654.75,,,,,,,,,,,,,,
Oct-23-2018,2.52mm,661.50,,,,,,,,,,,,,,
Oct-24-2018,6.20mm,631.25,,,,,,,,,,,,,,
Oct-25-2018,4.83mm,622.25,,,,,,,,,,,,,,
Oct-26-2018,3.33mm,608.75,,,,,,,,,,,,,,
Oct-29-2018,4.58mm,583.50,,583.5,,,583.5,,,,,,,,583.5,
Oct-30-2018,14.08mm,546.25,,,,,,,,,,,,,,
Oct-31-2018,7.63mm,586.00,,,,,,,,,,,,,,
Nov-01-2018,5.09mm,581.00,,,,,,,,,,,,,,
Nov-02-2018,4.87mm,613.00,,,,,,,,,,,,,,
Nov-05-2018,4.41mm,585.75,,,,,,,,,,,,,,
Nov-06-2018,3.39mm,597.00,,,,,,,,,,,,,,
Nov-07-2018,4.41mm,608.25,,,,,,,,,,,,,,
Nov-08-2018,4.62mm,600.75,,,,,,,,,,,,,,
Nov-09-2018,3.09mm,598.50,,,,,,,,,,,,,,
Nov-12-2018,3.97mm,564.25,,,,,,,,,,,,,,
Nov-13-2018,3.24mm,557.00,,,,,,,,,,,,,,
Nov-14-2018,3.29mm,552.25,,,,,,,,,,,,,,
Nov-15-2018,2.35mm,555.25,,,,,,,,,,,,,,
Nov-16-2018,4.27mm,548.25,,,,,,,,,,,,,,
Nov-19-2018,1.97mm,554.00,,,,,,,,,,,,,,
Nov-20-2018,3.30mm,540.00,,,,,,,,,,,,,,
Nov-21-2018,6.50mm,529.75,,,,,,,,,,,,,,
Nov-22-2018,2.97mm,536.75,,,,,,,,,,,,,,
Nov-26-2018,2.49mm,543.00,,,,,,,,,,,,,,
Nov-27-2018,5.33mm,542.00,,542,,,,,,,,,,,,
Nov-28-2018,3.87mm,557.00,,,,,,,,,557,,,,,
Nov-29-2018,3.47mm,567.00,,,,,,,,,,,,,,
Nov-30-2018,3.66mm,555.50,,,,,,,,,,,,,,
Dec-03-2018,2.15mm,562.50,,,,,,,,,,,,,,
Dec-04-2018,3.88mm,552.00,,,,,,,,,,,,,,
Dec-05-2018,1.94mm,549.50,,,,,,,,,,,,,,
Dec-06-2018,2.87mm,551.00,,,,,,,,,,,,,,
Dec-07-2018,3.81mm,569.75,,,,,,,,,,,,,,
Dec-10-2018,4.92mm,526.50,,,,,,,,,,,,,,
Dec-11-2018,3.34mm,537.50,,,,,,,,,,,,,,
Dec-12-2018,3.33mm,561.50,,,,,,,,,,,,,,
Dec-13-2018,2.90mm,566.75,,,,,,,,,,,,,,
Dec-14-2018,4.01mm,540.25,,,,,,,,,,,,,,
Dec-17-2018,2.42mm,547.25,,,,,,,,,,,,,,
Dec-18-2018,2.77mm,515.50,,,,,,,,,,,,,,
Dec-19-2018,2.34mm,526.00,,,,,,,,,,,,,,
Dec-20-2018,2.49mm,511.75,,,,,,,,,,,,,,
Dec-21-2018,4.84mm,524.00,,,,,,,,,,,,,,
Dec-25-2018,3.25mm,480.50,,,,,,,,,,,,,,
Dec-26-2018,3.44mm,500.75,,,,,,,,,,,,,,
Dec-27-2018,3.33mm,534.75,,,,,,,,,,,,,,
Dec-28-2018,3.12mm,543.00,,,,,,,,,,,,,,
Jan-04-2019,3.10mm,519.75,,,,,,,,,,,,,,
Jan-07-2019,2.11mm,542.00,,,,,,,,,,,,,,
Jan-08-2019,2.99mm,540.00,,,,,,,,,,,,,,
Jan-09-2019,2.35mm,559.25,,,,,,,,,,,,,,
Jan-10-2019,5.13mm,531.25,,,,,,,,,,,,,,
Jan-11-2019,2.61mm,536.00,,,,,,,,,,,,,,
Jan-15-2019,2.09mm,545.25,,,,,,,,,,,,,,
Jan-16-2019,1.43mm,543.25,,,,,,,,,,,,,,
Jan-17-2019,2.16mm,551.25,,,,,,,,,,,,,,
Jan-18-2019,2.13mm,563.00,,,,,,,,,,,,,,
Jan-21-2019,2.56mm,548.75,,,,,,,,,,,,,,
Jan-22-2019,1.32mm,543.75,,,,,,,,,,,,,,
Jan-23-2019,1.64mm,545.25,,,,,,,,,,,,,,
Jan-24-2019,3.13mm,557.00,,,,,,,,,,,,,,
Jan-25-2019,2.99mm,568.25,,,,,,,,,,,,,,
Jan-28-2019,2.48mm,570.75,,,,,,,,,,,,,,
Jan-29-2019,5.46mm,584.50,,,,,,,,,,,,,,
Jan-30-2019,4.30mm,581.00,,,,,,,,,,,,,,
Jan-31-2019,2.98mm,582.50,,,,,,,,,,,,,,
Feb-01-2019,3.30mm,575.25,,,,,,,,,,,,,,
Feb-04-2019,5.04mm,591.00,,,,,,,,,,,,,591,
Feb-05-2019,6.06mm,586.00,,,,,,,,,,,,,,
Feb-06-2019,4.96mm,603.25,,,,,,,,,,,,,,
Feb-07-2019,4.04mm,567.00,,,,,,,,,,,,,,
Feb-08-2019,3.92mm,562.50,,,,,,,,,,,,,,
Feb-12-2019,3.15mm,574.25,,,,,,,,,,,,,,
Feb-13-2019,2.41mm,582.75,,,,,,,,,,,,,,
Feb-14-2019,2.42mm,576.25,,,,,,,,,,,,,,
Feb-15-2019,1.70mm,577.25,,,,,,,,,,,,,,
Feb-18-2019,1.64mm,571.75,,,,,,,,,,,,,,
Feb-19-2019,1.97mm,566.00,,,,,,,,,,,,,,
Feb-20-2019,2.84mm,559.75,,,,,,,,,,,,,,
Feb-21-2019,2.02mm,557.75,,,,,,,,,,,,,,
Feb-22-2019,3.77mm,547.50,,,,,,,,,,,,,,
Feb-25-2019,2.54mm,550.25,,,,,,,,,,,,,,
Feb-26-2019,1.92mm,547.25,,,,,,,,,,,,,,
Feb-27-2019,3.61mm,551.25,,,,,,,,,,,,,,
Feb-28-2019,3.07mm,558.25,,,,,,,,,,,,,,
Mar-01-2019,4.28mm,577.75,,,,,,,,,,,,,,
Mar-04-2019,2.53mm,580.50,,,,,,,,,,,,,580.5,
Mar-05-2019,3.37mm,566.25,,,,,,,,,,,,,,
Mar-06-2019,2.69mm,575.75,,,,,,,,,,,,,,
Mar-07-2019,3.57mm,580.75,,,,,,,,,,,,,,
Mar-08-2019,3.05mm,567.00,,,,,,,,,,,,,,
Mar-11-2019,2.30mm,579.50,,,,,,,,,,,,,,
Mar-12-2019,2.94mm,595.75,,,,,,,,,,,,,,
Mar-13-2019,2.43mm,596.75,,,,,,,,,,,,,,
Mar-14-2019,2.73mm,591.50,,,,,,,,,,,,,,
Mar-15-2019,3.87mm,599.00,,,,,,,,,,,,,,
Mar-18-2019,2.79mm,615.00,,,,,,,,,,,,,,
Mar-19-2019,2.13mm,611.25,,,,,,,,,,,,,,
Mar-20-2019,2.39mm,612.75,,,,,,,,,,,,,,
Mar-22-2019,3.90mm,622.00,,,,,,,,,,,,,,
Mar-25-2019,2.34mm,614.75,,,,,,,,,,,,,,
Mar-26-2019,3.43mm,626.00,,,,,,,,,,,,,,
Mar-27-2019,2.80mm,619.50,,,,,,619.5,,,,,,,,
Mar-28-2019,1.92mm,619.50,,,,,619.5,,,,,,,,,
Mar-29-2019,1.76mm,620.00,,,,,,,,,,,,,,
Apr-01-2019,2.73mm,628.25,,,,,,,,,,,,,,
Apr-02-2019,2.77mm,610.00,,,,,,,,,,,,,,
Apr-03-2019,1.33mm,621.00,,,,,,,,,,,,,,
Apr-04-2019,1.47mm,619.75,,,,,,,,,,,,,,
Apr-05-2019,1.79mm,618.25,,,,,,,,,,,,,,
Apr-08-2019,3.41mm,607.50,,,,,,,,,,,,,,
Apr-09-2019,1.61mm,609.75,,,,,,,,,,,,,,
Apr-10-2019,1.05mm,600.25,,,,,,,,,,,,,,
Apr-11-2019,1.30mm,601.00,,,,,,,,,,,,,,
Apr-12-2019,1.64mm,607.25,,,,,,,,,,,,,,
Apr-15-2019,1.96mm,615.25,,,,,,,,,,,,,,
Apr-16-2019,1.62mm,623.50,,,,,,,,,,,,,,
Apr-17-2019,1.29mm,619.75,,,,,,,,,,,,,,
Apr-18-2019,2.04mm,605.00,,,,,,,,,,,,,,
Apr-19-2019,3.84mm,617.50,,,,,,,,,,,,,,
Apr-22-2019,1.01mm,616.75,,,,,,,,,,,,,,
Apr-23-2019,1.03mm,613.75,,,,,,,,,,,,,,
Apr-24-2019,1.99mm,623.00,,,,,,,,,,,,,,
Apr-25-2019,1.24mm,629.25,,,,,,,,,,,,,,
Apr-26-2019,1.63mm,626.25,,,,,,,,,,,,,,
May-07-2019,4.84mm,601.75,,,,,,,,,,,,,601.75,
May-08-2019,7.63mm,593.75,,,,,,,,,,,,,,
May-09-2019,5.31mm,557.50,,,,,,,,,,,,,,
May-10-2019,5.50mm,537.50,,,,,,,,,,,,,537.5,
May-13-2019,3.53mm,546.75,,,,,,,,,,,,,,
May-14-2019,2.67mm,533.75,,,,,,,,,,,,,,
May-15-2019,5.93mm,529.50,,,,,529.5,,,,,,,,,
May-16-2019,2.84mm,529.00,,,,,,529,,,,,,,,
May-17-2019,2.87mm,545.25,,,,,,,,,,,,,,
May-20-2019,2.27mm,544.25,,,,,,,,,,,,,,
May-21-2019,2.98mm,535.75,,,,,,,,,,,,,,
May-22-2019,3.86mm,549.25,,,,,,,,,,,,,,
May-23-2019,2.97mm,549.25,,,,,,,,,,,,,,
May-24-2019,3.11mm,558.75,,,,,,,,,,,,,,
May-27-2019,2.79mm,566.00,,,,,,,,,,,,,,
May-28-2019,4.98mm,573.00,,,,,,,,,,,,,,
May-29-2019,3.06mm,564.50,,,,,,,,,,,,,,
May-30-2019,2.65mm,552.75,,,,,,,,,,,,,,
May-31-2019,3.36mm,558.50,,,,,,,,,,,,,,
Jun-03-2019,2.39mm,550.75,,,,,,,,,,,,,,
Jun-04-2019,2.49mm,535.75,,,,,,,,,,,,,,
Jun-05-2019,3.34mm,553.25,,,,,,,,,,,,,,
Jun-06-2019,4.86mm,560.75,,,,,,,,,,,,,,
Jun-07-2019,2.13mm,556.75,,,,,,,,,,,,,,
Jun-10-2019,2.22mm,566.25,,,,,,,,,,,,,,
Jun-11-2019,1.36mm,559.25,,,,,,,,,,,,,,
Jun-12-2019,3.47mm,541.50,,,,,,,,,,,,,,
Jun-13-2019,2.16mm,540.50,,,,,,,,,,,,,,
Jun-14-2019,2.42mm,549.25,,,,,,,,,,,,,,
Jun-17-2019,1.21mm,543.00,,,,,,,,,,,,,543,
Jun-18-2019,2.04mm,533.00,,,,,,,,,,,,,,
Jun-19-2019,1.59mm,532.25,,,,,,,,,,,,,,
Jun-20-2019,1.82mm,544.25,,,,,,,,,,,,,,
Jun-21-2019,2.36mm,528.50,,,,,,,,,,,,,,
Jun-24-2019,2.87mm,521.00,,,,,,,,,,,,,,
Jun-25-2019,1.30mm,520.00,,,,,,,,,,,,,,
Jun-26-2019,1.93mm,524.50,,,,,,,,,,,,,,
Jun-27-2019,1.43mm,529.75,,,,,,,,,,,,,,
Jun-28-2019,2.40mm,540.50,,,,,,,,,,,,,,
Jul-01-2019,2.44mm,558.75,,,,,,,,,,,,,,
Jul-02-2019,2.52mm,561.75,,,,,,,,,,,,,,
Jul-03-2019,2.32mm,561.25,,,,,,,,,,,,,,
Jul-04-2019,3.07mm,573.75,,,,,,,,,,,,,,
Jul-05-2019,2.73mm,579.25,,,,,,,,,,,,,,
Jul-08-2019,1.90mm,570.75,,,,,,,,,,,,,,
Jul-09-2019,2.50mm,563.00,,,,,,,,,,,,,,
Jul-10-2019,2.32mm,562.00,,,,,,,,,,,,,,
Jul-11-2019,2.07mm,562.00,,,,,,,,,,,,,,
Jul-12-2019,1.75mm,557.50,,,,,,,,,,,,,,
Jul-16-2019,2.42mm,560.00,,,,,,,,,,,,,,
Jul-17-2019,1.72mm,557.25,,,,,,,,,,,,,,
Jul-18-2019,2.56mm,551.25,,,,,,,,,,,,,,
Jul-19-2019,2.33mm,563.75,,,,,,,,,,,,,,
Jul-22-2019,2.05mm,550.75,,,,,,,,,,,,,,
Jul-23-2019,1.49mm,557.00,,,,,,,,,,,,,,
Jul-24-2019,2.37mm,550.50,,,,,,,,,,,,,,
Jul-25-2019,2.81mm,551.50,,,,,,,,,,,,,,
Jul-26-2019,1.72mm,557.25,,,,,,,,,,,,,,
Jul-29-2019,2.40mm,563.75,,,,,,,,,,,,,,
Jul-30-2019,2.83mm,574.00,,,,,,,,,,,,,,
Jul-31-2019,4.00mm,573.00,,,,,,,,,,,,,,
Aug-01-2019,3.75mm,576.25,,,,,,,,,,,,,576.25,
Aug-02-2019,14.84mm,662.50,,,,,,,,,,,,,,
Aug-05-2019,8.87mm,687.50,,,,,,,,,,,,,,
Aug-06-2019,6.26mm,685.00,,,,,,,,,,,,,,
Aug-07-2019,5.93mm,702.50,,,,,,,,,,,,,,
Aug-08-2019,6.23mm,699.25,,,,,,,,,,,,,,
Aug-09-2019,4.47mm,717.00,,,,,,,,,,,,,,
Aug-13-2019,4.82mm,700.00,,,,,,,,,,,,,,
Aug-14-2019,2.94mm,701.00,,,,,,,,,,,,,,
Aug-15-2019,3.19mm,707.75,,,,,,,,,,,,,,
Aug-16-2019,3.38mm,719.00,,,,,,,,,,,,,,
Aug-19-2019,2.43mm,722.00,,,,,,,,,,,,,,
Aug-20-2019,3.62mm,724.25,,,,,,,,,,,,,,
Aug-21-2019,3.29mm,724.50,,,,,,,,,,,,,,
Aug-22-2019,3.37mm,717.50,,,,,,,,,,,,,,
Aug-23-2019,3.30mm,722.25,,,,,,,,,,,,,,
Aug-26-2019,3.33mm,717.25,,,,,,,,,,,,,,
Aug-27-2019,3.47mm,731.50,,,,,,,,,,,,,,
Aug-28-2019,3.30mm,731.50,,,,,,,,,,,,,,
Aug-29-2019,7.46mm,694.25,,,,,,,,,,,,,694.25,
Aug-30-2019,7.15mm,691.75,,,,,,,,,,,,,,
Sep-02-2019,3.62mm,695.00,,,,,,,,,,,,,,
Sep-03-2019,3.95mm,685.25,,,,,,,,,,,,,,
Sep-04-2019,4.60mm,691.50,,,,,,,,,,,,,,
Sep-05-2019,3.87mm,716.50,,,,,,,,,,,,,,
Sep-06-2019,5.71mm,713.50,,,,,,,,,,,,,,
Sep-09-2019,2.81mm,724.00,,,,,,,,,,,,,,
Sep-10-2019,8.28mm,677.25,,,,,,,,,,,,,,
Sep-11-2019,6.63mm,691.00,,,,,,,,,,,,,,
Sep-12-2019,5.88mm,686.25,,,,,,,,,,,,,,
Sep-13-2019,8.84mm,672.25,,,,,,,,,,,,,,
Sep-17-2019,11.51mm,650.00,,,,,,,,,,,,,,
Sep-18-2019,6.89mm,671.00,,,,,,,,,,,,,,
Sep-19-2019,6.40mm,695.75,,,,,,,,,,,,,,
Sep-20-2019,5.60mm,682.75,,,,,,,,,,,,,,
Sep-24-2019,4.15mm,691.75,,,,,,,,,,,,,,
Sep-25-2019,4.35mm,708.50,,,,,,,,,,,,,,
Sep-26-2019,4.63mm,711.75,,,,,,,,,,,,,,
Sep-27-2019,2.54mm,708.00,,,,,,708,,,,,,,,
Sep-30-2019,3.05mm,715.75,,,,,,,,,,,,,,
Oct-01-2019,2.52mm,711.25,,,,,,,,,,,,,,
Oct-02-2019,4.01mm,696.50,,,,,,,,,,,,,,
Oct-03-2019,2.97mm,695.50,,,,,,,,,,,,,,
Oct-04-2019,1.91mm,692.00,,,,,,,,,,,,,,
Oct-07-2019,1.98mm,704.50,,,,,,,,,,,,,,
Oct-08-2019,2.52mm,705.50,,,,,,,,,,,,,,
Oct-09-2019,3.94mm,712.50,,,,,,,,,,,,,,
Oct-10-2019,2.45mm,712.00,,,,,,,,,,,,,,
Oct-11-2019,2.37mm,698.75,,,,,,,,,,,,,,
Oct-15-2019,2.09mm,704.75,,,,,,,,,,,,,,
Oct-16-2019,2.72mm,687.50,,,,,,,,,,,,,,
Oct-17-2019,2.33mm,690.25,,,,,,,,,,,,,,
Oct-18-2019,2.41mm,697.25,,,,,,,,,,,,,,
Oct-21-2019,1.37mm,697.25,,,,,,,,,,,,,,
Oct-22-2019,#N/A,697.25,,,,,,,,,,,,,,
Oct-23-2019,1.90mm,696.50,,,,,,,,,,,,,,
Oct-24-2019,2.18mm,701.25,,,,,,,,,,,,,,
Oct-25-2019,1.89mm,701.50,,,,,,,,,,,,,,
Oct-28-2019,3.28mm,699.75,,,,,,,,,,,,,,
Oct-29-2019,6.94mm,720.50,,,,,,720.5,,,,,,,720.5,
Oct-30-2019,19.64mm,660.25,,,,,,,,,,,,,,
Oct-31-2019,7.52mm,641.75,,,,,,,,,,,,,,
Nov-01-2019,4.66mm,639.00,,,,,,,,,,,,,,
Nov-05-2019,5.99mm,625.50,,,,,,,,,,,,,,
Nov-06-2019,3.73mm,634.50,,,,,,,,,,,,,,
Nov-07-2019,3.17mm,632.00,,,,,,,,,,,,,,
Nov-08-2019,4.85mm,623.75,,,,,,,,,,,,,,
Nov-11-2019,4.18mm,632.00,,,,,,,,,,,,,,
Nov-12-2019,3.30mm,636.75,,,,,,,,,,,,,,
Nov-13-2019,3.22mm,632.50,,,,,,,,,,,,,,
Nov-14-2019,2.41mm,631.25,,,,,,,,,,,,,,
Nov-15-2019,2.19mm,629.00,,,,,,,,,,,,,,
Nov-18-2019,2.67mm,633.25,,,,,,,,,,,,,,
Nov-19-2019,2.44mm,629.25,,,,,,,,,,,,,,
Nov-20-2019,4.79mm,647.75,,,,,,,,,,,,,,
Nov-21-2019,3.96mm,656.75,,,,,,,,,,,,,,
Nov-22-2019,2.91mm,654.50,,,,,,,,,,,,,,
Nov-25-2019,2.96mm,655.25,,,,,,,,,,,,,,
Nov-26-2019,4.30mm,659.00,,,,,,,,,,,,,,
Nov-27-2019,1.54mm,656.75,,,,,,,,,,,,,,
Nov-28-2019,1.22mm,651.25,,,,,,,,,,,,,,
Nov-29-2019,3.10mm,656.75,,,,,,,,,,,,,,
Dec-02-2019,1.42mm,655.75,,,,,,,,,,,,,,
Dec-03-2019,1.68mm,654.00,,,,,,,,,,,,,,
Dec-04-2019,3.85mm,676.25,,,,,,,,,,,,,,
Dec-05-2019,2.18mm,665.25,,,,,,,,,,,,,,
Dec-06-2019,1.69mm,668.25,,,,,,,,,,,,,,
Dec-09-2019,2.58mm,680.00,,,,,,,,,,,,,,
Dec-10-2019,2.24mm,680.25,,,,,,,,,,,,,,
Dec-11-2019,4.11mm,699.25,,,,,,,,,,,,,,
Dec-12-2019,6.63mm,727.25,,,,,,,,,,,,,,
Dec-13-2019,4.65mm,727.25,,,,,,,,,,,,,,
Dec-16-2019,3.26mm,727.75,,,,,,,,,,,,,,
Dec-17-2019,4.16mm,741.25,,,,,,,,,,,,,,
Dec-18-2019,4.55mm,771.25,,,,,,,,,,,,,,
Dec-19-2019,5.11mm,773.75,,,,,,,,,,,,,,
Dec-20-2019,2.55mm,770.00,,,,,,,,,,,,,,
Dec-23-2019,2.10mm,760.00,,,,,,,,,,,,,,
Dec-24-2019,1.07mm,763.75,,,,,,,,,,,,,,
Dec-25-2019,.85mm,761.25,,,,,,,,,,,,,,
Dec-26-2019,1.56mm,749.25,,,,,,,,,,,,,,
Dec-27-2019,1.22mm,761.25,,,,,,,,,,,,,,
Dec-30-2019,.78mm,757.50,,,,,,,,,,,,,,
Jan-06-2020,2.72mm,738.00,,,,,,,,,,,,,,
Jan-07-2020,2.09mm,746.50,,,,,,,,,,,,,,
Jan-08-2020,2.44mm,737.50,,,,,,,,,,,,,,
Jan-09-2020,2.56mm,748.75,,,,,,,,,,,,,,
Jan-10-2020,1.88mm,775.00,,,,,,,,,,,,,775,
Jan-14-2020,2.08mm,780.00,,,,,,,,,,,,,,
Jan-15-2020,1.95mm,762.50,,,,,,,,,,,,,,
Jan-16-2020,1.31mm,756.25,,,,,,,,,,,,,,
Jan-17-2020,3.23mm,733.75,,,,,,,,,,,,,,
Jan-20-2020,2.67mm,728.00,,,,,,,,,,,,,,
Jan-21-2020,2.04mm,733.25,,,,,,,,,,,,,,
Jan-22-2020,3.28mm,749.50,,,,,,,,,,,,,,
Jan-23-2020,2.33mm,758.75,,,,,,,,,,,,,,
Jan-24-2020,2.01mm,762.50,,,,,,,,,,,,,,
Jan-27-2020,1.84mm,752.50,,,,,,,,,,,,,,
Jan-28-2020,2.42mm,749.50,,,,,,,,,,,,,,
Jan-29-2020,2.33mm,760.00,,,,,,,,,,,,,,
Jan-30-2020,3.23mm,771.25,,,,,,,,,,,,,,
Jan-31-2020,3.81mm,777.50,,,,,,,,,,,,,,
Feb-03-2020,3.50mm,780.00,,,,,,,,,,,,,,
Feb-04-2020,3.85mm,797.50,,,,,,,,,,,,,797.5,
Feb-05-2020,5.83mm,838.75,,,,,,,,,,,,,,
Feb-06-2020,3.75mm,825.00,,,,,,,,,,,,,,
Feb-07-2020,1.51mm,821.25,,,,,,,,,,,,,,
Feb-10-2020,1.57mm,817.50,,,,,,,,,,,,,,
Feb-12-2020,1.47mm,818.75,,,,,,,,,,,,,,
Feb-13-2020,1.38mm,831.25,,,,,,,,,,,,,,
Feb-14-2020,1.28mm,828.75,,,,,,,,,,,,,,
Feb-17-2020,1.46mm,836.25,,,,,,,,,,,,,,
Feb-18-2020,1.39mm,832.50,,,,,,,,,,,,,,
Feb-19-2020,1.47mm,833.75,,,,,,,,,,,,,,
Feb-20-2020,4.17mm,863.75,,,,,,,,,,,,,,
Feb-21-2020,2.23mm,847.50,,,,,,,,,,,,,,
Feb-25-2020,2.66mm,836.25,,,,,,,,,,,,,,
Feb-26-2020,2.25mm,816.25,,,,,,,,,,,,,,
Feb-27-2020,3.40mm,785.00,,,,,,,,,,,,,,
Feb-28-2020,5.08mm,734.50,,,,,,,,,,,,,,
Mar-02-2020,4.91mm,768.75,,,,,,,,,,,,,,
Mar-03-2020,4.63mm,767.50,,,,,,,,,,,,,,
Mar-04-2020,2.02mm,775.00,,,,,,,,,,,,,,
Mar-05-2020,2.17mm,770.00,,,,,,,,,,,,,,
Mar-06-2020,2.23mm,752.50,,,,,,,,,,,,,,
Mar-09-2020,3.63mm,702.25,,,,,,,,,,,,,,
Mar-10-2020,4.26mm,734.00,,,,,,,,,,,,,,
Mar-11-2020,4.26mm,709.00,,,,,,,,,,,,,,
Mar-12-2020,4.23mm,682.25,,,,,,,,,,,,,,
Mar-13-2020,5.49mm,652.25,,,,,,,,,,,,,,
Mar-16-2020,3.73mm,646.50,,,,,,,,,,,,,,
Mar-17-2020,6.18mm,692.00,,,,,,,,,,,,,,
Mar-18-2020,6.70mm,744.50,,,,,,,,,,,,,,
Mar-19-2020,5.71mm,775.00,,,,,,,,,,,,,,
Mar-23-2020,6.16mm,723.00,,,,,,,,,,,,,,
Mar-24-2020,4.66mm,745.50,,,,,,,,,,,,,,
Mar-25-2020,4.17mm,780.00,,,,,,,,,,,,,,
Mar-26-2020,4.09mm,811.25,,,,,,,,,,,,,,
Mar-27-2020,3.53mm,847.50,,,,,,,,,,,,,,
Mar-30-2020,2.52mm,866.25,,,,,,866.25,,,,,,,,
Mar-31-2020,3.34mm,847.50,,,,,,,,,,,,,,
Apr-01-2020,4.25mm,827.50,,,,,,,,,,,,,,
Apr-02-2020,3.98mm,815.00,,,,,,,,,,,,,,
Apr-03-2020,3.34mm,833.75,,,,,,,,,,,,,,
Apr-06-2020,2.75mm,870.00,,,,,,,,,,,,,,
Apr-07-2020,2.58mm,860.00,,,,,,,,,,,,,,
Apr-08-2020,3.40mm,847.50,,,,,,,,,,,,,,
Apr-09-2020,4.11mm,815.00,,,,,,,,,,,,,,
Apr-10-2020,2.96mm,841.25,,,,,,,,,,,,,,
Apr-13-2020,2.54mm,832.50,,,,,,,,,,,,,,
Apr-14-2020,3.35mm,823.75,,,,,,,,,,,,,,
Apr-15-2020,3.37mm,857.50,,,,,,,,,,,,,,
Apr-16-2020,3.74mm,883.75,,,,,,,,,,,,,,
Apr-17-2020,3.78mm,858.75,,,,,,,,,,,,,,
Apr-20-2020,1.63mm,850.00,,,,,,,,,,,,,,
Apr-21-2020,2.11mm,840.00,,,,,,,,,,,,,,
Apr-22-2020,2.56mm,851.25,,,,,,,,,,,,,,
Apr-23-2020,1.61mm,845.00,,,,,,,,,,,,,,
Apr-24-2020,1.56mm,842.50,,,,,,,,,,,,,,
Apr-27-2020,2.03mm,833.75,,,,,,,,,,,,,,
Apr-28-2020,1.87mm,857.50,,,,,,,,,,,,,,
Apr-30-2020,2.88mm,823.75,,,,,,,,,,,,,,
May-01-2020,2.44mm,825.00,,,,,,,,,,,,,,
May-07-2020,2.75mm,850.00,,,,,,,,,,,,,,
May-08-2020,4.11mm,846.25,,,,,,,,,,,,,846.25,
May-11-2020,6.43mm,896.25,,,,,,,,,,,,,,
May-12-2020,3.81mm,881.25,,,881.25,,,,,,,,,,881.25,
May-13-2020,3.19mm,872.50,,,,,,,,,,,,,,
May-14-2020,3.03mm,853.75,,,,,,,,,,,,,,
May-15-2020,2.55mm,878.75,,,,,,,,,,,,,,
May-18-2020,2.32mm,867.50,,,,,,,,,,,,,,
May-19-2020,2.44mm,863.75,,,,,,863.75,,,,,,,,
May-20-2020,2.08mm,882.50,,,,,,,,,,,,,882.5,
May-21-2020,2.92mm,908.75,,,,,,,,,,,,,,
May-22-2020,3.06mm,932.50,,,,,,,,,,,,,,
May-25-2020,2.32mm,927.50,,,,,,,,,,,,,,
May-26-2020,2.21mm,920.00,,,,,,,,,,,,,,
May-27-2020,2.76mm,911.25,,,,,,,,,,,,,,
May-28-2020,3.08mm,918.75,,,,,,,,,,,,,,
May-29-2020,6.08mm,951.25,,,,,,,,,,,,,,
Jun-01-2020,3.61mm,982.50,,,,,,,,,,,,,,
Jun-02-2020,2.54mm,975.00,,,,,,,,,,,,,,
Jun-03-2020,2.44mm,963.75,,,,,,,,,,,,,,
Jun-04-2020,2.09mm,978.75,,,,,,,,,,,,,,
Jun-05-2020,2.05mm,965.00,,,,,,,,,,,,,,
Jun-08-2020,1.90mm,947.50,,,,,,,,,,,,,,
Jun-09-2020,2.49mm,948.75,,,,,,,,,,,,,,
Jun-10-2020,2.74mm,982.50,,,,,,,,,,,,,,
Jun-11-2020,2.94mm,993.75,,,,,,,,,,,,,,
Jun-12-2020,3.03mm,976.25,,,,,,,,,,,,,,
Jun-15-2020,2.74mm,962.50,,,,,,,,,,,,,,
Jun-16-2020,1.87mm,971.25,,,,,,,,,,,,,,
Jun-17-2020,2.16mm,968.75,,,,,,,,,,,,,968.75,
Jun-18-2020,2.35mm,971.25,,,,,,,,,,,,,,
Jun-19-2020,2.89mm,952.50,,,,,,,,,,,,,,
Jun-22-2020,2.72mm,982.50,,,,,,,,,,,,,,
Jun-23-2020,3.11mm,996.25,,,,,,,,,,,,,,
Jun-24-2020,2.30mm,1005.00,,,,,,,,,,,,,,
Jun-25-2020,1.99mm,1001.25,,,,,,,,,,,,,,
Jun-26-2020,1.92mm,1020.00,,,,,,,,,,,,,,
Jun-29-2020,1.50mm,993.75,,,,,,,,,,,,,,
Jun-30-2020,2.16mm,980.00,,,,,,,,,,,,,,
Jul-01-2020,1.86mm,980.00,,,,,,,,,,,,,,
Jul-02-2020,2.67mm,990.00,,,,,,,,,,,,,,
Jul-03-2020,1.52mm,1008.75,,,,,,,,,,,,,,
Jul-06-2020,1.51mm,1000.00,,,,,,,,,,,,,,
Jul-07-2020,2.70mm,1035.00,,,,,,,,,,,,,,
Jul-08-2020,2.01mm,1023.75,,,,,,,,,,,,,,
Jul-09-2020,1.93mm,1038.75,,,,,,,,,,,,,,
Jul-10-2020,1.88mm,1031.25,,,,,,,,,,,,,,
Jul-13-2020,2.54mm,1055.00,,,,,,,,,,,,,,
Jul-14-2020,2.22mm,1026.25,,,,,,,,,,,,,,
Jul-15-2020,1.52mm,1041.25,,,,,,,,,,,,,,
Jul-16-2020,3.26mm,987.50,,,,,,,,,,,,,,
Jul-17-2020,2.02mm,987.50,,,,,,,,,,,,,,
Jul-20-2020,1.72mm,1003.75,,,,,,,,,,,,,,
Jul-21-2020,1.74mm,1017.50,,,,,,,,,,,,,,
Jul-22-2020,1.57mm,1005.00,,,,,,,,,,,,,,
Jul-27-2020,1.26mm,1001.25,,,,,,,,,,,,,,
Jul-28-2020,2.35mm,1020.00,,,,,,,,,,,,,,
Jul-29-2020,1.89mm,1010.00,,,,,,,,,,,,,,
Jul-30-2020,1.73mm,1021.25,,,,,,,,,,,,,,
Jul-31-2020,2.94mm,1032.50,,,,,,,,,,,,,,
Aug-03-2020,5.44mm,1128.75,,,,,,,,,,,,,1128.75,
Aug-04-2020,6.88mm,1196.25,,,,,,,,,,,,,,
Aug-05-2020,4.75mm,1238.75,,,,,,,,,,,,,,
Aug-06-2020,4.72mm,1282.50,,,,,,,,,,,,,,
Aug-07-2020,4.57mm,1312.50,,,,,,,,,,,,,,
Aug-11-2020,6.82mm,1222.50,,,,,,,,,,,,,,
Aug-12-2020,4.26mm,1207.50,,,,,,,,,,,,,,
Aug-13-2020,3.06mm,1228.75,,,,,,,,,,,,,,
Aug-14-2020,1.94mm,1262.50,,,,,,,,,,,,,,
Aug-17-2020,1.72mm,1262.50,,,,,,,,,,,,,,
Aug-18-2020,1.71mm,1287.50,,,,,,,,,,,,,,
Aug-19-2020,1.40mm,1270.00,,,,,,,,,,,,,,
Aug-20-2020,1.81mm,1252.50,,,,,,,,,,,,,,
Aug-21-2020,1.44mm,1275.00,,,,,,,,,,,,,,
Aug-24-2020,1.48mm,1295.00,,,,,,,,,,,,,,
Aug-25-2020,2.00mm,1262.50,,,,,,,,,,,,,,
Aug-26-2020,2.26mm,1300.00,,,,,,,,,,,,,,
Aug-27-2020,1.67mm,1310.00,,,,,,,,,,,,,,
Aug-28-2020,3.23mm,1260.00,,,,,,,,,,,,,,
Aug-31-2020,1.50mm,1285.00,,,,,,,,,,,,,,
Sep-01-2020,1.42mm,1320.00,,,,,,,,,,,,,,
Sep-02-2020,3.03mm,1365.00,,,,,,,,,,,,,,
Sep-03-2020,1.54mm,1362.50,,,,,,,,,,,,,,
Sep-04-2020,2.19mm,1342.50,,,,,,,,,,,,,,
Sep-07-2020,1.52mm,1307.50,,,,,,,,,,,,,,
Sep-08-2020,2.11mm,1312.50,,,,,,,,,,,,,,
Sep-09-2020,1.75mm,1315.00,,,,,,,,,,,,,,
Sep-10-2020,2.34mm,1345.00,,,,,,,,,,,,,,
Sep-11-2020,1.75mm,1362.50,,,,,,,,,,,,,,
Sep-14-2020,2.24mm,1400.00,,,,,,,,,,,,,,
Sep-15-2020,2.88mm,1437.50,,,,,,,,,,,,,,
Sep-16-2020,2.64mm,1487.50,,,,,,,,,,,,,,
Sep-17-2020,3.48mm,1490.00,,,,,,,,,,,,,,
Sep-18-2020,4.88mm,1457.50,,,,,,,,,,,,,,
Sep-23-2020,2.98mm,1477.50,,,,,,,,,,,,,,
Sep-24-2020,1.84mm,1455.00,,,,,,,,,,,,,,
Sep-25-2020,2.30mm,1465.00,,,,,,,,,,,,,,
Sep-28-2020,2.91mm,1485.00,,,,,,,,,,,,,,
Sep-29-2020,2.57mm,1495.00,,,,,,1495,,,,,,,,
Sep-30-2020,3.28mm,1465.00,,,,,,,,,,,,,,
Oct-02-2020,3.22mm,1472.50,,,,,,,,,,,,,,
Oct-05-2020,1.55mm,1477.50,,,,,,,,,,,,,,
Oct-06-2020,2.74mm,1445.00,,,,,,,,,,,,,,
Oct-07-2020,2.23mm,1480.00,,,,,,,,,,,,,,
Oct-08-2020,3.45mm,1520.00,,,,,,,,,,,,,,
Oct-09-2020,2.17mm,1515.00,,,,,,,,,,,,,,
Oct-12-2020,1.90mm,1535.00,,,,,,,,,,,,,,
Oct-13-2020,1.86mm,1517.50,,,,,,,,,,,,,,
Oct-14-2020,2.79mm,1582.50,,,,,,,,,,,,,,
Oct-15-2020,2.82mm,1532.50,,,,,,,,,,,,,,
Oct-16-2020,2.45mm,1537.50,,,,,,,,,,,,,,
Oct-19-2020,1.41mm,1562.50,,,,,,,,,,,,,,
Oct-20-2020,1.85mm,1555.00,,,,,,,,,,,,,,
Oct-21-2020,2.26mm,1515.00,,,,,,,,,,,,,,
Oct-22-2020,2.34mm,1495.00,,,,,,,,,,,,,,
Oct-23-2020,2.96mm,1510.00,,,,,,,,,,,,,,
Oct-26-2020,3.71mm,1455.00,,,,,1455,,,,,,,,,
Oct-27-2020,3.37mm,1487.50,,,,,,,,,,,,,,
Oct-28-2020,2.69mm,1507.50,,,,,,,,,,,,,,
Oct-29-2020,3.84mm,1542.50,,,,,,,,,,,,,1542.5,
Oct-30-2020,7.98mm,1437.50,,,,,,,,,,,,,1437.5,
Nov-02-2020,3.60mm,1412.50,,,,,,,,,,,,,,
Nov-04-2020,4.94mm,1387.50,,,,,,,,,,,,,,
Nov-05-2020,3.61mm,1452.50,,,,,,,,,,,,,,
Nov-06-2020,2.42mm,1427.50,,,,,,,,,,,,,,
Nov-09-2020,3.21mm,1490.00,,,,,,,,,,,,,,
Nov-10-2020,7.16mm,1317.50,,,,,,,,,,,,,,
Nov-11-2020,11.67mm,1237.50,,,,,,,,,,,,,,
Nov-12-2020,4.41mm,1295.00,,,,,,,,,,,,,,
Nov-13-2020,3.48mm,1315.00,,,,,,,,,,,,,,
Nov-16-2020,2.94mm,1287.50,,,,,,,,,,,,,,
Nov-17-2020,4.13mm,1250.00,,,,,,,,,,,,,,
Nov-18-2020,4.09mm,1290.00,,,,,,,,,,,,,,
Nov-19-2020,4.74mm,1335.00,,,,,,,,,,,,,,
Nov-20-2020,3.17mm,1342.50,,,,,,,,,,,,,,
Nov-24-2020,4.37mm,1372.50,,,,,,,,,,,,,1372.5,
Nov-25-2020,4.94mm,1357.50,,,,,,,,,,,,,,
Nov-26-2020,4.00mm,1432.50,,,,,,,,,,,,,,
Nov-27-2020,4.60mm,1452.50,,,,,,,,,,,,,,
Nov-30-2020,29.73mm,1470.00,,,,,,,,,,,,,,
Dec-01-2020,6.96mm,1422.50,,,,,,,,,,,,,,
Dec-02-2020,4.38mm,1435.00,,,,,,,,,,,,,,
Dec-03-2020,3.36mm,1432.50,,,,,,,,,,,,,,
Dec-04-2020,2.80mm,1462.50,,,,,,,,,,,,,,
Dec-07-2020,3.48mm,1485.00,,,,,,,,,,,,,1485,
Dec-08-2020,2.98mm,1522.50,,,,,,,,,,,,,,
Dec-09-2020,3.26mm,1522.50,,,,,,,,,,,,,,
Dec-10-2020,3.89mm,1582.50,,,,,,,,,,,,,,
Dec-11-2020,4.00mm,1660.00,,,,,,,,,,,,,,
Dec-14-2020,2.87mm,1655.00,,,,,,,,,,,,,,
Dec-15-2020,3.38mm,1647.50,,,,,,,,,,,,,,
Dec-16-2020,2.95mm,1657.50,,,,,,,,,,,,,,
Dec-17-2020,2.64mm,1712.50,,,,,,,,,,,,,,
Dec-18-2020,5.07mm,1717.50,,,,,,,,,,,,,,
Dec-21-2020,2.41mm,1667.50,,,,,,,,,,,,,,
Dec-22-2020,2.03mm,1637.50,,,,,,,,,,,,,,
Dec-23-2020,2.64mm,1652.50,,,,,,,,,,,,,,
Dec-24-2020,1.50mm,1660.00,,,,,,,,,,,,,,
Dec-25-2020,1.05mm,1647.50,,,,,,,,,,,,,,
Dec-28-2020,1.73mm,1665.00,,,,,,,,,,,,,,
Dec-29-2020,1.13mm,1660.00,,,,,,,,,,,,,,
Dec-30-2020,1.40mm,1675.00,,,,,,,,,,,,,,
Jan-04-2021,1.52mm,1655.00,,,,,,,,,,,,,,
Jan-05-2021,1.88mm,1700.00,,,,,,,,,,,,,,
Jan-06-2021,1.82mm,1695.00,,,,,,,,,,,,,,
Jan-07-2021,3.40mm,1650.00,,,,,,,,,,,,,,
Jan-08-2021,3.13mm,1675.00,,,,,,,,,,,,,,
Jan-12-2021,2.62mm,1682.50,,,,,,,,,,,,,,
Jan-13-2021,2.35mm,1732.50,,,,,,,,,,,,,,
Jan-14-2021,2.36mm,1755.00,,,,,,,,,,,,,,
Jan-15-2021,2.06mm,1742.50,,,,,,,,,,,,,,
Jan-18-2021,1.52mm,1775.00,,,,,,,,,,,,,,
Jan-19-2021,1.78mm,1770.00,,,,,,,,,,,,,,
Jan-20-2021,2.35mm,1732.50,,,,,,,,,,,,,,
Jan-21-2021,2.56mm,1717.50,,,,,,,,,,,,,,
Jan-22-2021,4.87mm,1785.00,,,,,,,,,,,,,,
Jan-25-2021,2.12mm,1800.00,,,,,,,,,,,,,,
Jan-26-2021,1.95mm,1755.00,,,,,,,,,,,,,,
Jan-27-2021,2.55mm,1822.50,,,,,,,,,,,,,,
Jan-28-2021,6.49mm,1712.50,,,,,,,,,,,,,1712.5,
Jan-29-2021,4.51mm,1647.50,,,,,,,,,,,,,,
Feb-01-2021,2.32mm,1672.50,,,,,,,,,,,,,,
Feb-02-2021,2.19mm,1650.00,,,,,,,,,,,,,,
Feb-03-2021,1.57mm,1675.00,,,,,,,,,,,,,,
Feb-04-2021,1.40mm,1670.00,,,,,,,,,,,,,,
Feb-05-2021,1.85mm,1655.00,,,,,,,,,,,,,,
Feb-08-2021,2.50mm,1710.00,,,,,,,,,,,,,,
Feb-09-2021,2.15mm,1767.50,,,,,,,,,,,,,,
Feb-10-2021,2.20mm,1797.50,,,,,,,,,,,,,,
Feb-12-2021,2.95mm,1720.00,,,,,,,,,,,,,,
Feb-15-2021,1.81mm,1712.50,,,,,,,,,,,,,,
Feb-16-2021,1.45mm,1725.00,,,,,,,,,,,,,,
Feb-17-2021,2.19mm,1747.50,,,,,,,,,,,,,,
Feb-18-2021,4.08mm,1687.50,,,,,,,,,,,,,,
Feb-19-2021,1.60mm,1700.00,,,,,,,,,,,,,,
Feb-22-2021,1.79mm,1675.00,,,,,,,,,,,,,,
Feb-24-2021,3.62mm,1647.50,,,,,,,,,,,,,,
Feb-25-2021,1.68mm,1650.00,,,,,,,,,,,,,,
Feb-26-2021,3.29mm,1620.00,,,,,,,,,,,,,,
Mar-01-2021,1.80mm,1662.50,,,,,,,,,,,,,,
Mar-02-2021,1.62mm,1657.50,,,,,,,,,,,,,,
Mar-03-2021,2.46mm,1635.00,,,,,,,,,,,,,,
Mar-04-2021,1.85mm,1610.00,,,,,,,,,,,,,,
Mar-05-2021,1.99mm,1630.00,,,,,,,,,,,,,,
Mar-08-2021,3.67mm,1595.00,,,,,,,,,,,,,,
Mar-09-2021,2.87mm,1642.50,,,,,,,,,,,,,,
Mar-10-2021,3.36mm,1615.00,,,,,,,,,,,,,,
Mar-11-2021,4.32mm,1687.50,,,,,,,,,,,,,,
Mar-12-2021,2.88mm,1690.00,,,,,,,,,,,,,,
Mar-15-2021,2.33mm,1657.50,,,,,,,,,,,,,,
Mar-16-2021,3.42mm,1650.00,,,,,,,,,,,,,,
Mar-17-2021,2.54mm,1672.50,,,,,,,,,,,,,,
Mar-18-2021,2.43mm,1662.50,,,,,,,,,,,,,,
Mar-19-2021,3.35mm,1722.50,,,,,,,,,,,,,,
Mar-22-2021,2.83mm,1742.50,,,,,,,,,,,,,,
Mar-23-2021,3.29mm,1787.50,,,,,,,,,,,,,,
Mar-24-2021,3.18mm,1790.00,,,,,,,,,,,,,,
Mar-25-2021,2.41mm,1800.00,,,,,,,,,,,,,,
Mar-26-2021,2.91mm,1852.50,,,,,,,,,,,,,,
Mar-29-2021,2.38mm,1867.50,,,,,,,,,,,,,,
Mar-30-2021,3.12mm,1795.00,,,,,,1795,,,,,,,,
Mar-31-2021,1.79mm,1797.50,,,,,,,,,,,,,,
Apr-01-2021,1.68mm,1825.00,,,,,,,,,,,,,,
Apr-02-2021,.95mm,1812.50,,,,,,,,,,,,,,
Apr-05-2021,1.37mm,1847.50,,,,,,,,,,,,,,
Apr-06-2021,1.36mm,1825.00,,,,,,,,,,,,,,
Apr-07-2021,2.13mm,1870.00,,,,,,,,,,,,,,
Apr-08-2021,2.12mm,1880.00,,,,,,,,,,,,,,
Apr-09-2021,1.41mm,1887.50,,,,,,,,,,,,,,
Apr-12-2021,1.83mm,1855.00,,,,,,,,,,,,,,
Apr-13-2021,1.04mm,1850.00,,,,,,,,,,,,,,
Apr-14-2021,2.07mm,1860.00,,,,,,,,,,,,,,
Apr-15-2021,2.28mm,1795.00,,,,,,,,,,,,,,
Apr-16-2021,2.25mm,1790.00,,,,,,,,,,,,,,
Apr-19-2021,2.39mm,1800.00,,,,,,,,,,,,,,
Apr-20-2021,1.54mm,1772.50,,,,,,,,,,,,,,
Apr-21-2021,1.58mm,1770.00,,,,,,,,,,,,,,
Apr-22-2021,1.21mm,1762.50,,,,,,,,,,,,,,
Apr-23-2021,.86mm,1775.00,,,,,,,,,,,,,,
Apr-26-2021,.98mm,1762.50,,,,,,,,,,,,,,
Apr-27-2021,.92mm,1750.00,,,,,,,,,,,,,,
Apr-28-2021,1.54mm,1740.00,,,,,,,,,,,,,,
Apr-30-2021,2.03mm,1775.00,,,,,,,,,,,,,,
May-06-2021,3.00mm,1692.50,,,,,,,,,,,,,,
May-07-2021,2.27mm,1680.00,,,,,,,,,,,,,,
May-10-2021,2.97mm,1680.00,,,,,,1680,,,,,,,1680,
May-11-2021,5.01mm,1722.50,,,,,,,,,,,,,,
May-12-2021,3.75mm,1757.50,,,,,,,,,,,,,,
May-13-2021,3.82mm,1632.50,,,,,,,,,,,,,1632.5,
May-14-2021,1.72mm,1697.50,,,,,,,,,,,,,,
May-17-2021,1.40mm,1667.50,,,,,,,,,,,,,,
May-18-2021,1.82mm,1690.00,,,,,,,,,,,,,,
May-19-2021,2.00mm,1667.50,,,,,,,,,,,,,1667.5,
May-20-2021,1.45mm,1652.50,,,,,,,,,,,,,1652.5,
May-21-2021,2.98mm,1647.50,,,,,,,,,,,,,,
May-24-2021,3.79mm,1622.50,,,,,,,,,,,,,,
May-25-2021,2.60mm,1645.00,,,,,,,,,,,,,,
May-26-2021,2.19mm,1650.00,,,,,,,,,,,,,,
May-27-2021,10.03mm,1752.50,,,,,,,,,,,,,,
May-28-2021,3.11mm,1765.00,,,,,,,,,,,,,,
May-31-2021,1.97mm,1800.00,,,,,,,,,,,,,,
Jun-01-2021,1.50mm,1757.50,,,,,,,,,,,,,,
Jun-02-2021,2.55mm,1705.00,,,,,,,,,,,,,,
Jun-03-2021,1.87mm,1672.50,,,,,,,,,,,,,,
Jun-04-2021,3.60mm,1612.50,,,,,,,,,,,,,,
Jun-07-2021,2.12mm,1660.00,,,,,,,,,,,,,,
Jun-08-2021,1.50mm,1692.50,,,,,,,,,,,,,,
Jun-09-2021,1.61mm,1647.50,,,,,,,,,,,,,,
Jun-10-2021,1.46mm,1662.50,,,,,,,,,,,,,,
Jun-11-2021,1.78mm,1700.00,,,,,,,,,,,,,,
Jun-14-2021,1.21mm,1680.00,,,,,,,,,,,,,,
Jun-15-2021,2.05mm,1655.00,,,,,,,,,,,,,,
Jun-16-2021,2.15mm,1642.50,,,,,,,,,,,,,,
Jun-17-2021,1.88mm,1617.50,,,,,,,,,,,,,,
Jun-18-2021,2.27mm,1630.00,,,,,,,,,,,,,,
Jun-21-2021,2.16mm,1562.50,,,,,,,,,,,,,,
Jun-22-2021,2.56mm,1610.00,,,,,,,,,,,,,1610,
Jun-23-2021,1.32mm,1592.50,,,,,,,,,,,,,,
Jun-24-2021,1.19mm,1612.50,,,,,,,,,,,,,,
Jun-25-2021,1.21mm,1627.50,,,,,,,,,,,,,,
Jun-28-2021,1.07mm,1605.00,,,,,,,,,,,,,,
Jun-29-2021,2.00mm,1607.50,,,,,,,,,,,,,,
Jun-30-2021,2.27mm,1625.00,,,,,,,,,,,,,,
Jul-01-2021,1.90mm,1575.00,,,,,,,,,,,,,,
Jul-02-2021,2.19mm,1570.00,,,,,,,,,,,,,,
Jul-05-2021,1.48mm,1562.50,,,,,,,,,,,,,,
Jul-06-2021,.84mm,1577.50,,,,,,,,,,,,,,
Jul-07-2021,1.42mm,1582.50,,,,,,,,,,,,,,
Jul-08-2021,2.30mm,1507.50,,,,,,,,,,,,,,
Jul-09-2021,2.90mm,1532.50,,,,,,,,,,,,,,
Jul-12-2021,1.49mm,1547.50,,,,,,,,,,,,,,
Jul-13-2021,1.16mm,1557.50,,,,,,,,,,,,,,
Jul-14-2021,1.73mm,1530.00,,,,,,,,,,,,,,
Jul-15-2021,2.37mm,1510.00,,,,,,,,,,,,,,
Jul-16-2021,1.29mm,1502.50,,,,,,,,,,,,,,
Jul-19-2021,1.77mm,1520.00,,,,,,,,,,,,,,
Jul-20-2021,1.75mm,1491.00,,,,,,,,,,,,,,
Jul-21-2021,1.36mm,1520.00,,,,,,,,,,,,,,
Jul-26-2021,1.50mm,1532.50,,,,,,,,,,,,,,
Jul-27-2021,1.73mm,1562.50,,,,,,,,,,,,,,
Jul-28-2021,1.59mm,1532.50,,,,,,,,,,,,,,
Jul-29-2021,3.11mm,1540.00,,,,,,,,,,,,,1540,
Jul-30-2021,4.31mm,1502.50,,,,,,,,,,,,,,
Aug-02-2021,2.60mm,1580.00,,,,,,,,,,,,,,
Aug-03-2021,4.81mm,1540.00,,,,,,,,,,,,,,
Aug-04-2021,1.90mm,1530.00,,,,,,,,,,,,,,
Aug-05-2021,.92mm,1527.50,,,,,,,,,,,,,,
Aug-06-2021,2.11mm,1507.50,,,,,,,,,,,,,,
Aug-10-2021,2.57mm,1490.00,,,,,,,,,,,,,,
Aug-11-2021,1.69mm,1476.00,,,,,,,,,,,,,,
Aug-12-2021,1.16mm,1478.50,,,,,,,,,,,,,,
Aug-13-2021,1.57mm,1464.50,,,,,,,,,,,,,,
Aug-16-2021,1.25mm,1443.50,,,,,,,,,,,,,,
Aug-17-2021,2.64mm,1399.50,,,,,,,,,,,,,,
Aug-18-2021,2.23mm,1421.00,,,,,,,,,,,,,,
Aug-19-2021,.97mm,1414.50,,,,,,,,,,,,,,
Aug-20-2021,1.57mm,1418.00,,,,,,,,,,,,,,
Aug-23-2021,1.52mm,1472.50,,,,,,,,,,,,,,
Aug-24-2021,1.58mm,1496.50,,,,,,,,,,,,,,
Aug-25-2021,1.27mm,1517.50,,,,,,,,,,,,,,
Aug-26-2021,1.16mm,1500.00,,,,,,,,,,,,,,
Aug-27-2021,1.38mm,1507.50,,,,,,,,,,,,,,
Aug-30-2021,1.45mm,1540.00,,,,,,,,,,,,,,
Aug-31-2021,2.57mm,1535.00,,,,,,,,,,,,,,
Sep-01-2021,2.39mm,1595.00,,,,,,,,,,,,,,
Sep-02-2021,1.91mm,1610.00,,,,,,,,,,,,,,
Sep-03-2021,1.48mm,1620.00,,,,,,,,,,,,,,
Sep-06-2021,1.88mm,1670.00,,,,,,,,,,,,,,
Sep-07-2021,1.43mm,1645.00,,,,,,,,,,,,,,
Sep-08-2021,1.84mm,1687.50,,,,,,,,,,,,,,
Sep-09-2021,1.25mm,1670.00,,,,,,,,,,,,,,
Sep-10-2021,2.10mm,1720.00,,,,,,,,,,,,,,
Sep-13-2021,1.28mm,1712.50,,,,,,,,,,,,,,
Sep-14-2021,1.95mm,1737.50,,,,,,,,,,,,,,
Sep-15-2021,1.34mm,1730.00,,,,,,,,,,,,,,
Sep-16-2021,1.66mm,1682.50,,,,,,,,,,,,,,
Sep-17-2021,2.05mm,1695.00,,,,,,,,,,,,,,
Sep-21-2021,1.14mm,1672.50,,,,,,,,,,,,,,
Sep-22-2021,1.26mm,1620.00,,,,,,,,,,,,,,
Sep-24-2021,1.82mm,1675.00,,,,,,,,,,,,,,
Sep-27-2021,1.08mm,1657.50,,,,,,,,,,,,,,
Sep-28-2021,1.06mm,1632.50,,,,,,,,,,,,,,
Sep-29-2021,1.89mm,1567.50,,,,,,1567.5,,,,,,,,
Sep-30-2021,1.96mm,1552.50,,,,,,,,,,,,,,
Oct-01-2021,1.78mm,1520.00,,,,,,,,,,,,,,
Oct-04-2021,2.43mm,1449.50,,,,,,,,,,,,,,
Oct-05-2021,4.37mm,1403.50,,,,,,,,,,,,,,
Oct-06-2021,3.25mm,1412.00,,,,,,,,,,,,,,
Oct-07-2021,2.57mm,1450.00,,,,,,,,,,,,,,
Oct-08-2021,2.43mm,1468.00,,,,,,,,,,,,,,
Oct-11-2021,1.49mm,1510.00,,,,,,,,,,,,,,
Oct-12-2021,1.83mm,1498.50,,,,,,,,,,,,,,
Oct-13-2021,1.48mm,1497.50,,,,,,,,,,,,,,
Oct-14-2021,1.59mm,1535.00,,,,,,,,,,,,,,
Oct-15-2021,1.82mm,1592.50,,,,,,,,,,,,,,
Oct-18-2021,1.48mm,1607.50,,,,,,,,,,,,,,
Oct-19-2021,.99mm,1625.00,,,,,,,,,,,,,,
Oct-20-2021,2.12mm,1625.00,,,,,,,,,,,,,,
Oct-21-2021,2.18mm,1632.50,,,,,,,,,,,,,,
Oct-22-2021,1.95mm,1687.50,,,,,,,,,,,,,,
Oct-25-2021,1.68mm,1700.00,,,,,,,,,,,,,,
Oct-26-2021,1.66mm,1732.50,,,,,,,,,,,,,,
Oct-27-2021,2.54mm,1650.00,,,,,,,,,,,,,,
Oct-28-2021,6.00mm,1690.00,,,,,,,,,,,,,1690,
Oct-29-2021,6.85mm,1530.00,,,,,,,,,,,,,,
Nov-01-2021,3.31mm,1540.00,,,,,,,,,,,,,,
Nov-02-2021,2.16mm,1535.00,,,,,,,,,,,,,,
Nov-04-2021,2.39mm,1507.50,,,,,,,,,,,,,,
Nov-05-2021,1.64mm,1540.00,,,,,,,,,,,,,,
Nov-08-2021,2.28mm,1587.50,,,,,,,,,,,,,,
Nov-09-2021,2.34mm,1620.00,,,,,,,,,,,,,,
Nov-10-2021,1.80mm,1585.00,,,,,,,,,,,,,,
Nov-11-2021,1.93mm,1565.00,,,,,,,,,,,,,,
Nov-12-2021,1.79mm,1607.50,,,,,,,,,,,,,,
Nov-15-2021,1.89mm,1652.50,,,,,,,,,,,,,,
Nov-16-2021,2.11mm,1667.50,,,,,,,,,,,,,,
Nov-17-2021,2.11mm,1600.00,,,,,,,,,,,,,,
Nov-18-2021,2.02mm,1555.00,,,,,,,,,,,,,,
Nov-19-2021,3.27mm,1530.00,,,,,,,,,,,,,,
Nov-22-2021,1.70mm,1525.00,,,,,,,,,,,,,,
Nov-24-2021,3.82mm,1462.00,,,,,,,,,,,,,,
Nov-25-2021,3.28mm,1477.50,,,,,,,,,,,,,,
Nov-26-2021,3.47mm,1458.50,,,,,,,,,,,,,,
Nov-29-2021,3.71mm,1462.50,,,,,,,,,,,,,,
Nov-30-2021,11.03mm,1414.50,,,,,,,,,,,,,,
Dec-01-2021,4.19mm,1421.00,,,,,,,,,,,,,,
Dec-02-2021,3.83mm,1420.50,,,,,,,,,,,,,,
Dec-03-2021,3.57mm,1393.50,,,,,,,,,,,,,,
Dec-06-2021,2.46mm,1381.00,,,,,,,,,,,,,,
Dec-07-2021,2.08mm,1396.00,,,,,,,,,,,,,,
Dec-08-2021,2.74mm,1433.00,,,,,,,,,,,,,,
Dec-09-2021,1.90mm,1417.50,,,,,,,,,,,,,,
Dec-10-2021,2.30mm,1390.00,,,,,,,,,,,,,,
Dec-13-2021,2.08mm,1388.00,,,,,,,,,,,,,,
Dec-14-2021,2.55mm,1370.50,,,,,,,,,,,,,,
Dec-15-2021,2.77mm,1340.50,,,,,,,,,,,,,,
Dec-16-2021,3.52mm,1350.50,,,,,,,,,,,,,,
Dec-17-2021,4.64mm,1327.00,,,,,,,,,,,,,,
Dec-20-2021,2.42mm,1349.50,,,,,,,,,,,,,,
Dec-21-2021,1.62mm,1364.00,,,,,,,,,,,,,,
Dec-22-2021,2.76mm,1393.00,,,,,,,,,,,,,,
Dec-23-2021,1.56mm,1388.50,,,,,,,,,,,,,,
Dec-24-2021,1.06mm,1368.50,,,,,,,,,,,,,,
Dec-27-2021,1.09mm,1348.50,,,,,,,,,,,,,,
Dec-28-2021,1.09mm,1371.50,,,,,,,,,,,,,,
Dec-29-2021,1.20mm,1363.50,,,,,,,,,,,,,,
Dec-30-2021,1.06mm,1354.00,,,,,,,,,,,,,,
Jan-04-2022,1.53mm,1389.00,,,,,,,,,,,,,,
Jan-05-2022,1.82mm,1349.00,,,,,,,,,,,,,,
Jan-06-2022,2.20mm,1318.50,,,,,,,,,,,,,,
Jan-07-2022,2.47mm,1287.50,,,,,,,,,,,,,,
Jan-11-2022,1.94mm,1268.50,,,,,,,,,,,,,,
Jan-12-2022,1.96mm,1292.50,,,,,,,,,,,,,,
Jan-13-2022,1.45mm,1259.00,,,,,,,,,,,,,,
Jan-14-2022,2.90mm,1221.00,,,,,,,,,,,,,,
Jan-17-2022,2.18mm,1238.00,,,,,,,,,,,,,,
Jan-18-2022,1.97mm,1237.00,,,,,,,,,,,,,,
Jan-19-2022,8.15mm,1293.50,,,,,,,,,,,,,,
Jan-20-2022,5.54mm,1318.50,,,,,,,,,,,,,,
Jan-21-2022,3.65mm,1302.50,,,,,,,,,,,,,,
Jan-24-2022,2.48mm,1301.50,,,,,,,,,,,,,,
Jan-25-2022,3.36mm,1296.00,,,,,,,,,,,,,,
Jan-26-2022,3.89mm,1337.50,,,,,,,,,,,,,1337.5,
Jan-27-2022,10.20mm,1316.50,,,,,,,,,,,,,,
Jan-28-2022,6.78mm,1368.00,,,,,,,,,,,,,,
Jan-31-2022,4.03mm,1375.50,,,,,,,,,,,,,,
Feb-01-2022,3.23mm,1388.50,,,,,,,,,,,,,,
Feb-02-2022,2.41mm,1435.00,,,,,,,,,,,,,,
Feb-03-2022,3.32mm,1380.50,,,,,,,,,,,,,,
Feb-04-2022,2.58mm,1422.00,,,,,,,,,,,,,,
Feb-07-2022,4.07mm,1446.50,,,,,,,,,,,,,,
Feb-08-2022,1.93mm,1418.00,,,,,,,,,,,,,,
Feb-09-2022,1.92mm,1424.00,,,,,,,,,,,,,,
Feb-10-2022,1.38mm,1417.50,,,,,,,,,,,,,,
Feb-14-2022,1.93mm,1384.50,,,,,,,,,,,,,,
Feb-15-2022,2.31mm,1439.00,,,,,,,,,,,,,,
Feb-16-2022,1.99mm,1437.00,,,,,,,,,,,,,,
Feb-17-2022,1.78mm,1395.00,,,,,,,,,,,,,,
Feb-18-2022,1.54mm,1395.50,,,,,,,,,,,,,,
Feb-21-2022,2.17mm,1409.50,,,,,,,,,,,,,,
Feb-22-2022,4.87mm,1341.00,,,,,,,,,,,,,,
Feb-24-2022,2.16mm,1355.50,,,,,,,,,,,,,,
Feb-25-2022,1.51mm,1391.00,,,,,,,,,,,,,,
Feb-28-2022,1.55mm,1387.50,,,,,,,,,,,,,,
Mar-01-2022,1.43mm,1421.00,,,,,,,,,,,,,,
Mar-02-2022,1.31mm,1406.00,,,,,,,,,,,,,,
Mar-03-2022,1.50mm,1386.50,,,,,,,,,,,,,,
Mar-04-2022,1.77mm,1373.50,,,,,,,,,,,,,,
Mar-07-2022,1.62mm,1349.00,,,,,,,,,,,,,,
Mar-08-2022,2.80mm,1312.00,,,,,,,,,,,,,,
Mar-09-2022,1.55mm,1339.50,,,,,,,,,,,,,,
Mar-10-2022,1.75mm,1385.00,,,,,,,,,,,,,,
Mar-11-2022,1.90mm,1368.50,,,,,,,,,,,,,,
Mar-14-2022,1.49mm,1383.50,,,,,,,,,,,,,,
Mar-15-2022,1.58mm,1372.50,,,,,,,,,,,,,,
Mar-16-2022,1.89mm,1374.50,,,,,,,,,,,,,,
Mar-17-2022,2.43mm,1441.00,,,,,,,,,,,,,,
Mar-18-2022,3.04mm,1458.00,,,,,,,,,,,,,,
Mar-22-2022,1.88mm,1462.50,,,,,,,,,,,,,,
Mar-23-2022,1.52mm,1515.00,,,,,,,,,,,,,,
Mar-24-2022,1.39mm,1505.00,,,,,,,,,,,,,,
Mar-25-2022,.93mm,1502.50,,,,,,,,,,,,,,
Mar-28-2022,.94mm,1517.50,,,,,,,,,,,,,,
Mar-29-2022,.97mm,1525.00,,,,,,,,,,,,,,
Mar-30-2022,1.32mm,1525.00,,,,,,1525,,,,,,,,
Mar-31-2022,1.46mm,1484.00,,,,,,,,,,,,,,
Apr-01-2022,2.49mm,1537.50,,,,,,,,,,,,,,
Apr-04-2022,1.17mm,1562.50,,,,,,,,,,,,,,
Apr-05-2022,1.47mm,1572.50,,,,,,,,,,,,,,
Apr-06-2022,2.13mm,1590.00,,,,,,,,,,,,,,
Apr-07-2022,1.65mm,1570.00,,,,,,,,,,,,,,
Apr-08-2022,1.34mm,1595.00,,,,,,,,,,,,,,
Apr-11-2022,1.50mm,1565.00,,,,,,,,,,,,,,
Apr-12-2022,.96mm,1562.50,,,,,,,,,,,,,,
Apr-13-2022,1.27mm,1545.00,,,,,,,,,,,,,,
Apr-14-2022,.80mm,1542.50,,,,,,,,,,,,,,
Apr-15-2022,.70mm,1560.00,,,,,,,,,,,,,,
Apr-18-2022,.86mm,1500.00,,,,,,,,,,,,,,
Apr-19-2022,1.46mm,1494.50,,,,,,,,,,,,,,
Apr-20-2022,1.63mm,1467.50,,,,,,,,,,,,,,
Apr-21-2022,1.63mm,1490.00,,,,,,,,,,,,,,
Apr-22-2022,2.41mm,1482.50,,,,,,,,,,,,,,
Apr-25-2022,2.39mm,1535.00,,,,,,,,,,,,,,
Apr-26-2022,2.20mm,1572.50,,,,,,,,,,,,,,
Apr-27-2022,6.41mm,1682.50,,,,,,,,,,,,,,
Apr-28-2022,6.57mm,1717.50,,,,,,,,,,,,,,
May-02-2022,1.73mm,1710.00,,,,,,,,,,,,,,
May-06-2022,2.30mm,1745.00,,,,,,,,,,,,,,
May-09-2022,1.55mm,1692.50,,,,,,,,,,,,,,
May-10-2022,1.62mm,1662.50,,,,,,,,,,,,,,
May-11-2022,1.75mm,1680.00,,,,,,,,,,,,,1680,
May-12-2022,4.48mm,1727.50,,,,,,,,,,,,,,
May-13-2022,2.28mm,1772.50,,1772.5,,,,,,,,,,,,
May-16-2022,1.69mm,1735.00,,,,,,,,,,,,,1735,
May-17-2022,2.05mm,1810.00,,,,,,,,,,,,,,
May-18-2022,1.66mm,1827.50,,,,,,,,,,,,,,
May-19-2022,2.49mm,1807.50,,,,,,,,,,,,,,
May-20-2022,3.20mm,1760.00,,,,,,,,,,,,,,
May-23-2022,1.89mm,1787.50,,,,,,,,,,,,,,
May-24-2022,1.47mm,1795.00,,,,,,,,,,,,,,
May-25-2022,2.39mm,1755.00,,,,,,,,,,,,,,
May-26-2022,1.55mm,1750.00,,,,,,,,,,,,,,
May-27-2022,2.03mm,1772.50,,,,,,,,,,,,,,
May-30-2022,2.26mm,1820.00,,,,,,,,,,,,,,
May-31-2022,4.70mm,1830.00,,,,,,,,,,,,,,
Jun-01-2022,1.50mm,1850.00,,,,,,,,,,,,,,
Jun-02-2022,1.01mm,1817.50,,,,,,,,,,,,,,
Jun-03-2022,3.77mm,1707.50,,,,,,,,,,,,,,
Jun-06-2022,2.00mm,1710.00,,,,,,,,,,,,,,
Jun-07-2022,1.54mm,1707.50,,,,,,,,,,,,,,
Jun-08-2022,1.29mm,1737.50,,,,,,,,,,,,,,
Jun-09-2022,1.22mm,1762.50,,,,,,,,,,,,,,
Jun-10-2022,1.32mm,1750.00,,,,,,,,,,,,,,
Jun-13-2022,1.10mm,1695.00,,1695,,,,,,,,,,,,
Jun-14-2022,1.55mm,1642.50,,,,,,,,,1642.5,,,,,
Jun-15-2022,1.31mm,1607.50,,,,,,,,,,,,,,
Jun-16-2022,1.12mm,1617.50,,,,,,,,,,,,,,
Jun-17-2022,3.17mm,1555.00,,,,,,,,,,,,,,
Jun-20-2022,1.28mm,1562.50,,,,,,,,,,,,,,
Jun-21-2022,1.25mm,1602.50,,,,,,,,,,,,,,
Jun-22-2022,1.06mm,1592.50,,,,,,,,,,,,,,
Jun-23-2022,1.29mm,1587.50,,,,,,,,,,,,,1587.5,
Jun-24-2022,1.88mm,1662.50,,,,,,,,,,,,,,
Jun-27-2022,1.39mm,1645.00,,,,,,,,,,,,,,
Jun-28-2022,1.21mm,1665.00,,,,,,,,,,,,,,
Jun-29-2022,2.34mm,1660.00,,,,,,,,,,,,,,
Jun-30-2022,1.60mm,1647.50,,,,,,,,,,,,,,
Jul-01-2022,1.69mm,1652.50,,,,,,,,,,,,,,
Jul-04-2022,1.86mm,1705.00,,,,,,,,,,,,,,
Jul-05-2022,3.44mm,1777.50,,,,,,,,,,,,,,
Jul-06-2022,3.84mm,1847.50,,,,,,,,,,,,,,
Jul-07-2022,2.69mm,1840.00,,,,,,,,,,,,,,
Jul-08-2022,1.82mm,1835.00,,,,,,,,,,,,,,
Jul-11-2022,1.94mm,1802.50,,,,,,,,,,,,,,
Jul-12-2022,1.98mm,1795.00,,,,,,,,,,,,,,
Jul-13-2022,1.05mm,1787.50,,,,,,,,,,,,,,
Jul-14-2022,1.65mm,1785.00,,,,,,,,,,,,,,
Jul-15-2022,1.67mm,1787.50,,,,,,,,,,,,,,
Jul-19-2022,1.62mm,1795.00,,,,,,,,,,,,,,
Jul-20-2022,1.50mm,1840.00,,,,,,,,,,,,,,
Jul-21-2022,1.42mm,1847.50,,,,,,,,,,,,,,
Jul-22-2022,1.74mm,1897.50,,,,,,,,,,,,,,
Jul-25-2022,1.47mm,1915.00,,,,,,,,,,,,,,
Jul-26-2022,2.70mm,1927.50,,,,,,,,,,,,,1927.5,
Jul-27-2022,6.38mm,1915.00,,,,,,,,,,,,,,
Jul-28-2022,3.43mm,1885.00,,,,,,,,,,,,,,
Jul-29-2022,2.43mm,1845.00,,,,,,,,,,,,,,
Aug-01-2022,1.95mm,1847.50,,,,,,,,,,,,,,
Aug-02-2022,2.39mm,1860.00,,,,,,,,,,,,,,
Aug-03-2022,2.14mm,1885.00,,,,,,,,,,,,,,
Aug-04-2022,1.62mm,1830.00,,,,,,,,,,,,,,
Aug-05-2022,1.54mm,1860.00,,,,,,,,,,,,,,
Aug-08-2022,1.80mm,1792.50,,,,,,,,,,,,,,
Aug-09-2022,1.36mm,1825.00,,,,,,,,,,,,,,
Aug-10-2022,1.50mm,1787.50,,,,,,,,,,,,,,
Aug-12-2022,2.28mm,1805.00,,,,,,,,,,,,,,
Aug-15-2022,.80mm,1830.00,,,,,,,,,,,,,,
Aug-16-2022,1.28mm,1862.50,,,,,,,,,,,,,,
Aug-17-2022,1.77mm,1855.00,,,,,,,,,,,,,,
Aug-18-2022,2.16mm,1915.00,,,,,,,,,,,,,,
Aug-19-2022,1.99mm,1912.50,,,,,,,,,,,,,,
Aug-22-2022,1.15mm,1925.00,,,,,,,,,,,,,,
Aug-23-2022,1.54mm,1902.50,,,,,,,,,,,,,,
Aug-24-2022,1.34mm,1855.00,,,,,,,,,,,,,,
Aug-25-2022,1.23mm,1867.50,,,,,,,,,,,,,,
Aug-26-2022,1.17mm,1835.00,,,,,,,,,,,,,,
Aug-29-2022,1.66mm,1842.50,,,,,,,,,,,,,,
Aug-30-2022,2.06mm,1897.50,,,,,,,,,,,,,,
Aug-31-2022,1.91mm,1905.00,,,,,,,,,,,,,,
Sep-01-2022,2.03mm,1850.00,,,,,,,,,,,,,,
Sep-02-2022,2.09mm,1820.00,,,,,,,,,,,,,,
Sep-05-2022,.93mm,1842.50,,,,,,,,,,,,,,
Sep-06-2022,1.08mm,1825.00,,,,,,,,,,,,,,
Sep-07-2022,2.17mm,1827.50,,,,,,,,,,,,,,
Sep-08-2022,1.94mm,1850.00,,,,,,,,,,,,,,
Sep-09-2022,2.47mm,1910.00,,,,,,,,,,,,,,
Sep-12-2022,1.62mm,1875.00,,,,,,,,,,,,,,
Sep-13-2022,1.45mm,1892.50,,,,,,,,,,,,,,
Sep-14-2022,1.75mm,1842.50,,,,,,,,,,,,,,
Sep-15-2022,1.36mm,1827.50,,,,,,,,,,,,,,
Sep-16-2022,1.96mm,1832.50,,,,,,,,,,,,,,
Sep-20-2022,1.77mm,1852.50,,,,,,,,,,,,,,
Sep-21-2022,2.12mm,1815.00,,,,,,,,,,,,,,
Sep-22-2022,1.31mm,1822.50,,,,,,,,,,,,,,
Sep-26-2022,1.47mm,1805.00,,,,,,,,,,,,,,
Sep-27-2022,2.37mm,1880.00,,,,,,,,,,,,,,
Sep-28-2022,2.88mm,1882.50,,,,,,,,,,,,,,
Sep-29-2022,1.83mm,1900.00,,,,,,1900,,,,,,,,
Sep-30-2022,2.71mm,1820.00,,,,,,,,,,,,,,
Oct-03-2022,1.69mm,1800.00,,,,,,,,,,,,,,
Oct-04-2022,1.65mm,1872.50,,,,,,,,,,,,,,
Oct-05-2022,1.77mm,1870.00,,,,,,,,,,,,,,
Oct-06-2022,1.28mm,1880.00,,,,,,,,,,,,,,
Oct-07-2022,1.95mm,1905.00,,,,,,,,,,,,,,
Oct-11-2022,1.35mm,1870.00,,,,,,,,,,,,,,
Oct-12-2022,2.02mm,1795.00,,,,,,,,,,,,,,
Oct-13-2022,1.91mm,1757.50,,,,,,,,,,,,,,
Oct-14-2022,1.65mm,1815.00,,,,,,,,,,,,,,
Oct-17-2022,1.44mm,1822.50,,,,,,,,,,,,,,
Oct-18-2022,1.42mm,1862.50,,,,,,,,,,,,,,
Oct-19-2022,1.02mm,1850.00,,,,,,,,,,,,,,
Oct-20-2022,1.56mm,1872.50,,,,,,,,,,,,,,
Oct-21-2022,1.51mm,1875.00,,,,,,,,,,,,,,
Oct-24-2022,1.09mm,1875.00,,,,,,,,,,,,,,
Oct-25-2022,1.89mm,1865.00,,,,,,,,,,,,,,
Oct-26-2022,2.04mm,1902.50,,,,,,,,,,,,,1902.5,
Oct-27-2022,7.22mm,2052.50,,,,,,,,,,,,,,
Oct-28-2022,5.46mm,2052.50,,,,,,,,,,,,,,
Oct-31-2022,2.21mm,2072.50,,,,,,,,,,,,,,
Nov-01-2022,1.69mm,2135.00,,,,,,,,,,,,,,
Nov-02-2022,2.23mm,2132.50,,,,,,,,,,,,,,
Nov-04-2022,2.03mm,2097.50,,,,,,,,,,,,,,
Nov-07-2022,1.10mm,2112.50,,,,,,,,,,,,,,
Nov-08-2022,1.64mm,2167.50,,,,,,,,,,,,,,
Nov-09-2022,2.30mm,2132.50,,,,,,,,,,,,,,
Nov-10-2022,1.69mm,2172.50,,,,,,,,,,,,,,
Nov-11-2022,1.36mm,2207.50,,,,,,,,,,,,,,
Nov-14-2022,1.54mm,2187.50,,,,,,,,,,,,,,
Nov-15-2022,2.27mm,2150.00,,,,,,,,,,,,,,
Nov-16-2022,1.46mm,2172.50,,,,,,,,,,,,,,
Nov-17-2022,1.10mm,2200.00,,,,,,,,,,,,,,
Nov-18-2022,1.54mm,2232.50,,,,,,,,,,,,,,
Nov-21-2022,1.49mm,2200.00,,,,,,,,,,,,,,
Nov-22-2022,2.04mm,2177.50,,,,,,,,,,,,,,
Nov-24-2022,1.61mm,2187.50,,,,,,,,,,,,,,
Nov-25-2022,1.27mm,2180.00,,,,,,,,,,,,,,
Nov-28-2022,1.32mm,2170.00,,,,,,,,,,,,,,
Nov-29-2022,1.98mm,2140.00,,,,,,,,,,,,,,
Nov-30-2022,4.68mm,2087.50,,,,,,,,,,,,,,
Dec-01-2022,2.15mm,2107.50,,,,,,,,,,,,,,
Dec-02-2022,1.66mm,2112.50,,,,,,,,,,,,,,
Dec-05-2022,1.96mm,2077.50,,,,,,,,,,,,,,
Dec-06-2022,1.34mm,2097.50,,,,,,,,,,,,,,
Dec-07-2022,2.23mm,2142.50,,,,,,,,,,,,,,
Dec-08-2022,1.46mm,2127.50,,,,,,,,,,,,,,
Dec-09-2022,1.63mm,2187.50,,,,,,,,,,,,,,
Dec-12-2022,1.08mm,2185.00,,,,,,,,,,,,,,
Dec-13-2022,1.31mm,2160.00,,,,,,,,,,,,,,
Dec-14-2022,1.00mm,2177.50,,,,,,,,,,,,,,
Dec-15-2022,1.26mm,2162.50,,,,,,,,,,,,,,
Dec-16-2022,1.81mm,2140.00,,,,,,,,,,,,,,
Dec-19-2022,.98mm,2125.00,,,,,,,2125,,,,,,,
Dec-20-2022,1.42mm,2092.50,,,,,,,,,,,,,,
Dec-21-2022,1.48mm,2107.50,,,,,,,,,,,,,,
Dec-22-2022,1.11mm,2135.00,,,,,,,,,,,,,,
Dec-23-2022,.95mm,2090.00,,,,,,,,,,,,,,
Dec-26-2022,.57mm,2112.50,,,,,,,,,,,,,,
Dec-27-2022,.68mm,2127.50,,,,,,,,,,,,,,
Dec-28-2022,.80mm,2090.00,,,,,,,,,,,,,,
Dec-29-2022,.95mm,2137.50,,,,,,,,,,,,,,
Dec-30-2022,.75mm,2105.00,,,,,,,,,,,,,,
Jan-04-2023,1.59mm,2125.00,,,,,,,,,,,,,,
Jan-05-2023,1.26mm,2060.00,,,,,,,,,,,,,,
Jan-06-2023,1.63mm,2027.50,,,,,,,,,,,,,,
Jan-10-2023,1.14mm,2040.00,,,,,,,,,,,,,,
Jan-11-2023,1.00mm,2065.00,,,,,,,,,,,,,,
Jan-12-2023,.87mm,2040.00,,,,,,,,,,,,,,
Jan-13-2023,1.57mm,2005.00,,,,,,,,,,,,,,
Jan-16-2023,.83mm,2007.50,,,,,,,,,,,,,,
Jan-17-2023,1.48mm,2037.50,,,,,,,,,,,,,,
Jan-18-2023,1.49mm,2072.50,,,,,,,,,,,,,,
Jan-19-2023,1.30mm,2062.50,,,,,,,,,,,,,,
Jan-20-2023,1.41mm,2025.00,,,,,,,,,,,,,,
Jan-23-2023,1.43mm,2057.50,,,,,,,,,,,,,,
Jan-24-2023,1.34mm,2092.50,,,,,,,,,,,,,,
Jan-25-2023,.87mm,2112.50,,,,,,,,,,,,,,
Jan-26-2023,.95mm,2100.00,,,,,,,,,,,,,,
Jan-27-2023,1.01mm,2077.50,,,,,,,,,,,,,,
Jan-30-2023,1.95mm,2107.50,,,2107.5,,,2107.5,,,,,,,2107.5,
Jan-31-2023,3.58mm,2100.00,,,,,,,,,,,,,,
Feb-01-2023,1.70mm,2080.00,,,,,,,,,,,,,,
Feb-02-2023,1.42mm,2135.00,,,,,,,,,,,,,,
Feb-03-2023,1.56mm,2127.50,,,,,,,,,,,,,,
Feb-06-2023,1.41mm,2092.50,,,,,,,,,,,,,,
Feb-07-2023,1.14mm,2092.50,,,,,,,,,,,,,,
Feb-08-2023,1.18mm,2102.50,,,,,,,,,,,,,,
Feb-09-2023,.93mm,2115.00,,,,,,,,,,,,,,
Feb-10-2023,1.60mm,2145.00,,,,,,,,,,,,,,
Feb-13-2023,.93mm,2120.00,,,,,,,,,,,,,,
Feb-14-2023,1.46mm,2202.50,,,,,,,,,,,,,,
Feb-15-2023,1.38mm,2192.50,,,,,,,,,,,,,,
Feb-16-2023,1.19mm,2255.00,,,,,,,,,,,,,,
Feb-17-2023,1.44mm,2270.00,,,,,,,,,,,,,,
Feb-20-2023,1.02mm,2245.00,,,,,,,,,,,,,,
Feb-21-2023,1.71mm,2252.50,,,,,,,,,,,,,,
Feb-22-2023,1.65mm,2220.00,,,,,,,,,,,,,,
Feb-24-2023,1.41mm,2190.00,,,,,,,,,,,,,,
Feb-27-2023,1.27mm,2132.50,,,,,,,,,,,,,,
Feb-28-2023,1.50mm,2142.50,,,,,,,,,,,,,,
Mar-01-2023,.98mm,2157.50,,,,,,,,,,,,,,
Mar-02-2023,1.01mm,2177.50,,,,,,,,,,,,,,
Mar-03-2023,1.45mm,2167.50,,,,,,,,,,,,,,
Mar-06-2023,1.12mm,2192.50,,,,,,,,,,,,,,
Mar-07-2023,.94mm,2200.00,,,,,,,,,,,,,,
Mar-08-2023,1.23mm,2212.50,,,,,,,,,,,,,,
Mar-09-2023,.92mm,2230.00,,,,,,,,,,,,,,
Mar-10-2023,1.20mm,2197.50,,,,,,,,,,,,,,
Mar-13-2023,.79mm,2212.50,,,,,,,,,,,,,,
Mar-14-2023,1.37mm,2185.00,,,,,,,,,,,,,,
Mar-15-2023,1.00mm,2167.50,,,,,,,,,,,,,,
Mar-16-2023,1.92mm,2242.50,,,,,,,,,,,,,,
Mar-17-2023,2.45mm,2310.00,,,,,,,,,,,,,,
Mar-20-2023,1.90mm,2290.00,,,,,,,,,,,,,,
Mar-22-2023,1.98mm,2342.50,,,,,,,,,,,,,,
Mar-23-2023,1.69mm,2357.50,,,,,,,,,,,,,,
Mar-24-2023,1.33mm,2365.00,,,,,,,,,,,,,,
Mar-27-2023,1.41mm,2342.50,,,,,,,,,,,,,,
Mar-28-2023,1.38mm,2332.50,,,,,,,,,,,,,,
Mar-29-2023,1.84mm,2385.00,,,,,,,,,,,,,,
Mar-30-2023,2.03mm,2357.50,,,,,,2357.5,,,,,,,,
Mar-31-2023,1.51mm,2367.50,,,,,,,,,,,,,,
Apr-03-2023,1.36mm,2420.00,,,,,,,,,,,,,,
Apr-04-2023,2.07mm,2377.50,,,,,,,,,,,,,,
Apr-05-2023,1.69mm,2367.50,,,,,,,,,,,,,,
Apr-06-2023,2.07mm,2315.00,,,,,,,,,,,,,,
Apr-07-2023,.83mm,2315.00,,,,,,,,,,,,,,
Apr-10-2023,.91mm,2362.50,,,,,,,,,,,,,,
Apr-11-2023,.98mm,2342.50,,,,,,,,,,,,,,
Apr-12-2023,1.29mm,2345.00,,,,,,,,,,,,,,
Apr-13-2023,.98mm,2370.00,,,,,,,,,,,,,,
Apr-14-2023,1.17mm,2395.00,,,,,,,,,,,,,,
Apr-17-2023,1.14mm,2357.50,,,,,,,,,,,,,,
Apr-18-2023,8.81mm,2570.00,,,,,,,,,,,,,,
Apr-19-2023,6.04mm,2540.00,,,,,,,,,,,,,,
Apr-20-2023,2.89mm,2475.00,,,,,,,,,,,,,,
Apr-21-2023,1.52mm,2470.00,,,,,,,,,,,,,,
Apr-24-2023,1.27mm,2455.00,,,,,,,,,,,,,,
Apr-25-2023,1.69mm,2497.50,,,,,,,,,,,,,,
Apr-26-2023,1.34mm,2500.00,,,,,,,,,,,,,,
Apr-27-2023,1.28mm,2530.00,,,,,,,,,,,,,,
Apr-28-2023,1.87mm,2555.00,,,,,,,,,,,,,,
May-01-2023,1.25mm,2560.00,,,,,,,,,,,,,,
May-02-2023,1.13mm,2590.00,,,,,,,,,,,,,,
May-08-2023,2.33mm,2610.00,,,,,,,,,,,,,,
May-09-2023,2.13mm,2665.00,,,,,,,,,,,,,,
May-10-2023,2.18mm,2635.00,,,,,,,,,,,,,2635,
May-11-2023,4.09mm,2610.00,,,,,,,,,,,,,,
May-12-2023,2.31mm,2680.00,,,,,,,,,,,,,,
May-15-2023,3.49mm,2615.00,,,,,,,,,,,,,,
May-16-2023,1.91mm,2680.00,,,2680,,,2680,,,,,,,2680,
May-17-2023,2.17mm,2675.00,,,,,,,,,,,,,,
May-18-2023,2.17mm,2720.00,,,,,,,,,,,,,,
May-19-2023,2.90mm,2795.00,,,,,,,,,,,,,,
May-22-2023,1.95mm,2810.00,,,,,,,,,,,,,,
May-23-2023,1.90mm,2795.00,,,,,,,,,,,,,,
May-24-2023,1.42mm,2790.00,,,,,,,,,,,,,,
May-25-2023,1.74mm,2715.00,,,,,,,,,,,,,,
May-26-2023,1.30mm,2735.00,,,,,,,,,,,,,,
May-29-2023,1.12mm,2715.00,,,,,,,,,,,,,,
May-30-2023,1.21mm,2690.00,,,,,,,,,,,,,,
May-31-2023,2.21mm,2720.00,,,,,,,,,,,,,,
Jun-01-2023,1.85mm,2800.00,,,,,,,,,,,,,,
Jun-02-2023,2.15mm,2855.00,,,,,,,,,,,,,,
Jun-05-2023,1.96mm,2898.00,,,,,,,,,,,,,,
Jun-06-2023,3.04mm,2988.00,,,,,,,,,,,,,,
Jun-07-2023,3.79mm,2913.50,,,,,,,,,,,,,,
Jun-08-2023,5.50mm,2732.50,,,,,,,,,,,,,,
Jun-09-2023,3.27mm,2806.50,,,,,,,,,,,,,,
Jun-12-2023,2.45mm,2847.50,,,,,,,,,,,,,,
Jun-13-2023,3.42mm,2822.00,,,,,,,,,,,,,,
Jun-14-2023,2.87mm,2775.50,,,,,,,,,,,,,,
Jun-15-2023,3.08mm,2766.00,,,,,,,,,,,,,,
Jun-16-2023,5.10mm,2819.50,,,,,,,,,,,,,,
Jun-19-2023,1.85mm,2804.00,,,,,,,,,,,,,,
Jun-20-2023,2.07mm,2768.50,,,,,,,,,,,,,2768.5,
Jun-21-2023,1.66mm,2789.00,,,,,,,,,,,,,,
Jun-22-2023,1.53mm,2775.50,,,,,,,,,,,,,,
Jun-23-2023,1.61mm,2724.50,,,,,,,,,,,,,,
Jun-26-2023,1.35mm,2718.00,,,,,,,,,,,,,,
Jun-27-2023,1.86mm,2748.50,,,,,,,,,,,,,,
Jun-28-2023,1.75mm,2827.00,,,,,,,,,,,,,,
Jun-29-2023,1.29mm,2827.50,,,,,,,,,,,,,,
Jun-30-2023,2.00mm,2847.50,,,,,,,,,,,,,,
Jul-03-2023,1.72mm,2872.50,,,,,,,,,,,,,,
Jul-04-2023,1.20mm,2834.50,,,,,,,,,,,,,,
Jul-05-2023,1.02mm,2853.50,,,,,,,,,,,,,,
Jul-06-2023,1.05mm,2827.00,,,,,,,,,,,,,,
Jul-07-2023,1.80mm,2796.00,,,,,,,,,,,,,,
Jul-10-2023,1.40mm,2778.50,,,,,,,,,,,,,,
Jul-11-2023,1.08mm,2785.50,,,,,,,,,,,,,,
Jul-12-2023,.92mm,2765.00,,,,,,,,,,,,,,
Jul-13-2023,1.21mm,2820.50,,,,,,,,,,,,,,
Jul-14-2023,1.09mm,2836.50,,,,,,,,,,,,,,
Jul-18-2023,1.25mm,2879.50,,,,,,,,,,,,,,
Jul-19-2023,1.42mm,2911.00,,,,,,,,,,,,,,
Jul-20-2023,1.20mm,2866.00,,,,,,,,,,,,,,
Jul-21-2023,1.14mm,2843.00,,,,,,,,,,,,,,
Jul-24-2023,1.25mm,2892.00,,,,,,,,,,,,,,
Jul-25-2023,1.97mm,2841.50,,,,,,,,,,,,,,
Jul-26-2023,1.93mm,2832.00,,2832,,,,,,,,,,,2832,
Jul-27-2023,14.60mm,3260.00,,,,,,,,,,,,,,
Jul-28-2023,10.48mm,3064.50,,,,,,,,,,,,,3064.5,
Jul-31-2023,5.22mm,3200.00,,,,,,,,,,,,,,
Aug-01-2023,3.07mm,3191.50,,,,,,,,,,,,,,
Aug-02-2023,2.16mm,3104.00,,,,,,,,,,,,,,
Aug-03-2023,2.12mm,3082.50,,,,,,,,,,,,,,
Aug-04-2023,1.53mm,3084.50,,,,,,,,,,,,,,
Aug-07-2023,1.20mm,3103.00,,,,,,,,,,,,,,
Aug-08-2023,1.10mm,3086.00,,,,,,,,,,,,,,
Aug-09-2023,1.43mm,3030.00,,,,,,,,,,,,,,
Aug-10-2023,1.99mm,3009.50,,,,,,,,,,,,,,
Aug-14-2023,1.37mm,3003.00,,,,,,,,,,,,,,
Aug-15-2023,1.02mm,3056.50,,,,,,,,,,,,,,
Aug-16-2023,1.16mm,3021.00,,,,,,,,,,,,,,
Aug-17-2023,1.15mm,2978.50,,,,,,,,,,,,,,
Aug-18-2023,1.69mm,2897.00,,,,,,,,,,,,,,
Aug-21-2023,1.63mm,2916.50,,,,,,,,,,,,,,
Aug-22-2023,1.42mm,2980.50,,,,,,,,,,,,,,
Aug-23-2023,1.41mm,3043.00,,,,,,,,,,,,,,
Aug-24-2023,1.17mm,3017.50,,,,,,,,,,,,,,
Aug-25-2023,1.40mm,2952.50,,,,,,,,,,,,,,
Aug-28-2023,1.12mm,2999.50,,,,,,,,,,,,,,
Aug-29-2023,1.59mm,3027.00,,,,,,,,,,,,,3027,
Aug-30-2023,1.63mm,3047.00,,,,,,,,,,,,,,
Aug-31-2023,1.83mm,3071.50,,,,,,,,,,,,,,
Sep-01-2023,1.40mm,3114.00,,,,,,,,,,,,,,
Sep-04-2023,1.35mm,3143.50,,,,,,,,,,,,,,
Sep-05-2023,1.26mm,3111.00,,,,,,,,,,,,,,
Sep-06-2023,1.15mm,3124.00,,,,,,,,,,,,,,
Sep-07-2023,1.01mm,3101.50,,,,,,,,,,,,,,
Sep-08-2023,1.65mm,3056.00,,,,,,,,,,,,,,
Sep-11-2023,.99mm,3033.50,,,,,,,,,,,,,,
Sep-12-2023,1.13mm,3052.50,,,,,,,,,,,,,,
Sep-13-2023,2.94mm,2904.00,,,,,,,,,,,,,,
Sep-14-2023,3.69mm,2911.50,,,,,,,,,,,,,,
Sep-15-2023,5.84mm,2819.50,,,,,,,,,,,,,,
Sep-19-2023,3.51mm,2818.50,,,,,,,,,,,,,,
Sep-20-2023,4.72mm,2689.00,,,,,,,,,,,,,,
Sep-21-2023,4.03mm,2617.00,,,,,,,,,,,,,,
Sep-22-2023,3.52mm,2636.50,,,,,,,,,,,,,,
Sep-25-2023,6.13mm,2802.50,,,,,,,,,,,,,,
Sep-26-2023,3.44mm,2731.50,,,,,,,,,,,,,,
Sep-27-2023,2.21mm,2725.00,,,,,,,,,,,,,,
Sep-28-2023,2.01mm,2702.50,,,,,,2702.5,,,,,,,,
Sep-29-2023,2.07mm,2692.50,,,,,,,,,,,,,,
Oct-02-2023,1.96mm,2651.50,,,,,,,,,,,,,,
Oct-03-2023,2.84mm,2687.00,,,,,,,,,,,,,,
Oct-04-2023,2.48mm,2678.00,,,,,,,,,,,,,,
Oct-05-2023,1.98mm,2726.50,,,,,,,,,,,,,,
Oct-06-2023,1.57mm,2707.00,,,,,,,,,,,,,,
Oct-10-2023,1.63mm,2736.50,,,,,,,,,,,,,,
Oct-11-2023,1.06mm,2710.50,,,,,,,,,,,,,,
Oct-12-2023,1.62mm,2725.50,,,,,,,,,,,,,,
Oct-13-2023,1.72mm,2691.50,,,,,,,,,,,,,,
Oct-16-2023,1.92mm,2643.50,,,,,,,,,,,,,,
Oct-17-2023,2.06mm,2688.00,,,,,,,,,,,,,,
Oct-18-2023,1.46mm,2694.00,,,,,,,,,,,,,,
Oct-19-2023,1.51mm,2620.50,,,,,,,,,,,,,,
Oct-20-2023,1.74mm,2644.00,,,,,,,,,,,,,,
Oct-23-2023,1.70mm,2636.50,,,,,,,,,,,,,,
Oct-24-2023,2.33mm,2693.50,,,,,,,,,,,,,,
Oct-25-2023,2.28mm,2702.00,,,,,,,,,,,,,,
Oct-26-2023,2.35mm,2641.50,,,,,,,,,,,,,2641.5,
Oct-27-2023,9.70mm,2400.00,,,,,,,,,,,,,2400,
Oct-30-2023,9.11mm,2345.50,,,,,,,,,,,,,,
Oct-31-2023,5.25mm,2419.50,,,,,,,,,,,,,,
Nov-01-2023,3.22mm,2417.00,,,,,,,,,,,,,,
Nov-02-2023,3.01mm,2458.00,,,,,,,,,,,,,,
Nov-06-2023,3.08mm,2549.50,,,,,,,,,,,,,,
Nov-07-2023,1.88mm,2541.00,,,,,,,,,,,,,,
Nov-08-2023,1.96mm,2514.50,,,,,,,,,,,,,,
Nov-09-2023,1.72mm,2556.50,,,,,,,,,,,,,,
Nov-10-2023,1.67mm,2540.50,,,,,,,,,,,,,,
Nov-13-2023,1.47mm,2519.00,,,,,,,,,,,,,,
Nov-14-2023,1.12mm,2507.50,,,,,,,,,,,,,,
Nov-15-2023,1.76mm,2564.50,,,,,,,,,,,,,,
Nov-16-2023,1.22mm,2546.50,,,,,,,,,,,,,,
Nov-17-2023,1.12mm,2568.50,,,,,,,,,,,,,,
Nov-20-2023,2.12mm,2523.50,,,,,,,,,,,,,,
Nov-21-2023,2.20mm,2545.00,,,,,,,,,,,,,,
Nov-22-2023,1.81mm,2553.00,,,,,,,,,,,,,,
Nov-24-2023,2.02mm,2514.00,,,,,,,,,,,,,,
Nov-27-2023,3.16mm,2465.50,,,,,,,,,,,,,,
Nov-28-2023,2.22mm,2467.00,,,,,,,,,,,,,,
Nov-29-2023,1.94mm,2463.50,,,,,,,,,,,,,,
Nov-30-2023,5.12mm,2491.50,,,,,,,,,,,,,,
Dec-01-2023,2.23mm,2466.00,,,,,,,,,,,,,,
Dec-04-2023,1.35mm,2430.50,,,,,,,,,,,,,,
Dec-05-2023,1.37mm,2413.50,,,,,,,,,,,,,,
Dec-06-2023,2.04mm,2457.50,,,,,,,,,,,,,,
Dec-07-2023,2.14mm,2483.50,,,,,,,,,,,,,,
Dec-08-2023,4.29mm,2414.00,,,,,,,,,,,,,,
Dec-11-2023,2.49mm,2406.50,,,,,,,,,,,,,,
Dec-12-2023,1.89mm,2357.50,,,,,,,,,,,,,,
Dec-13-2023,3.35mm,2331.00,,,,,,,,,,,,,,
Dec-14-2023,4.30mm,2265.50,,,,,,,,,,,,,,
Dec-15-2023,3.65mm,2309.00,,,,,,,,,,,,,,
Dec-18-2023,2.47mm,2275.00,,,,,,,,,,,,,,
Dec-19-2023,2.67mm,2326.50,,,,,,,,,,,,,,
Dec-20-2023,2.27mm,2297.50,,,,,,,,,,,,,,
Dec-21-2023,2.21mm,2282.50,,,,,,,,,,,,,,
Dec-22-2023,2.81mm,2245.50,,,,,,,,,,,,,,
Dec-25-2023,1.30mm,2273.00,,,,,,,,,,,,,,
Dec-26-2023,1.20mm,2256.00,,,,,,,,,,,,,,
Dec-27-2023,2.12mm,2297.50,,,,,,,,,,,,,,
Dec-28-2023,.75mm,2293.00,,,,,,,,,,,,,,
Dec-29-2023,1.43mm,2278.00,,,,,,,,,,,,,,
Jan-04-2024,3.05mm,2379.00,,,,,,,,,,,,,,
Jan-05-2024,4.10mm,2401.50,,,,,,,,,,,,,,
Jan-09-2024,4.39mm,2508.00,,,,,,,,,,,,,,
Jan-10-2024,7.75mm,2642.00,,,,,,,,,,,,,,
Jan-11-2024,3.58mm,2673.50,,,,,,,,,,,,,,
Jan-12-2024,3.76mm,2731.00,,,,,,,,,,,,,,
Jan-15-2024,3.34mm,2763.50,,,,,,,,,,,,,,
Jan-16-2024,3.06mm,2687.50,,,,,,,,,,,,,,
Jan-17-2024,3.03mm,2661.50,,,,,,,,,,,,,,
Jan-18-2024,2.51mm,2687.00,,,,,,,,,,,,,,
Jan-19-2024,2.43mm,2734.00,,,,,,,,,,,,,,
Jan-22-2024,2.80mm,2813.00,,,,,,,,,,,,,,
Jan-23-2024,2.42mm,2819.00,,,,,,,,,,,,,,
Jan-24-2024,2.72mm,2774.50,,,,,,,,,,,,,,
Jan-25-2024,1.64mm,2786.50,,,,,,,,,,,,,,
Jan-26-2024,1.54mm,2752.50,,,,,,,,,,,,,,
Jan-29-2024,1.48mm,2766.50,,,,,,,,,,,,,,
Jan-30-2024,1.96mm,2781.50,,,,,,,,,,,,,,
Jan-31-2024,2.71mm,2822.50,,,,,,,,,,,,,2822.5,
Feb-01-2024,6.22mm,2758.00,,,,,,,,,,,,,2758,
Feb-02-2024,5.45mm,2878.00,,,,,,,,,,,,,,
Feb-05-2024,2.03mm,2841.00,,,,,,,,,,,,,,
Feb-06-2024,1.96mm,2855.00,,,,,,,,,,,,,,
Feb-07-2024,1.66mm,2817.00,,,,,,,,,,,,,,
Feb-08-2024,2.21mm,2839.50,,,,,,,,,,,,,,
Feb-09-2024,1.15mm,2821.50,,,,,,,,,,,,,,
Feb-13-2024,1.35mm,2868.50,,,,,,,,,,,,,,
Feb-14-2024,1.98mm,2942.50,,,,,,,,,,,,,,
Feb-15-2024,1.52mm,2980.50,,,,,,,,,,,,,,
Feb-16-2024,1.85mm,2990.00,,,,,,,,,,,,,,
Feb-19-2024,1.23mm,2915.00,,,,,,,,,,,,,,
Feb-20-2024,1.31mm,2938.50,,,,,,,,,,,,,,
Feb-21-2024,1.40mm,2989.00,,,,,,,,,,,,,,
Feb-22-2024,1.22mm,2979.00,,,,,,,,,,,,,,
Feb-26-2024,1.38mm,2975.00,,,,,,,,,,,,,,
Feb-27-2024,1.90mm,3005.50,,,,,,,,,,,,,,
Feb-28-2024,1.58mm,3007.50,,,,,,,,,,,,,,
Feb-29-2024,2.58mm,3014.50,,,,,,,,,,,,,,
Mar-01-2024,.95mm,3025.00,,,,,,,,,,,,,,
Mar-04-2024,1.11mm,2986.00,,,,,,,,,,,,,,
Mar-05-2024,1.13mm,2981.00,,,,,,,,,,,,,,
Mar-06-2024,1.98mm,2983.00,,,,,,,,,,,,,,
Mar-07-2024,4.72mm,3084.00,,,,,,,,,,,,,,
Mar-08-2024,2.03mm,3017.50,,,,,,,,,,,,,,
Mar-11-2024,1.68mm,3066.00,,,,,,,,,,,,,,
Mar-12-2024,1.80mm,3056.50,,,,,,,,,,,,,,
Mar-13-2024,1.88mm,2976.00,,,,,,,,,,,,,,
Mar-14-2024,2.14mm,3014.50,,,,,,,,,,,,,,
Mar-15-2024,2.26mm,2968.00,,,,,,,,,,,,,,
Mar-18-2024,2.57mm,3072.00,,,,,,,,,,,,,3072,
Mar-19-2024,1.33mm,3123.00,,,,,,,,,,,,,,
Mar-21-2024,2.41mm,3091.50,,,,,,,,,,,,,,
Mar-22-2024,3.01mm,3194.00,,,,,,,,,,,,,,
Mar-25-2024,3.73mm,3010.50,,,,,,,,,,,,,,
Mar-26-2024,2.63mm,2965.50,,,,,,,,,,,,,,
Mar-27-2024,2.45mm,2963.00,,,,,,,,,,,,,,
Mar-28-2024,2.17mm,2826.00,,,,,,2826,,,,,,,,
Mar-29-2024,2.38mm,2795.00,,,,,,,,,,,,,,
Apr-01-2024,1.67mm,2800.00,,,,,,,,,,,,,,
Apr-02-2024,2.74mm,2729.50,,,,,,,,,,,,,,
Apr-03-2024,4.32mm,2760.00,,,,,,,,,,,,,,
Apr-04-2024,1.75mm,2733.00,,,,,,,,,,,,,,
Apr-05-2024,1.51mm,2722.00,,,,,,,,,,,,,,
Apr-08-2024,1.18mm,2734.50,,,,,,,,,,,,,,
Apr-09-2024,1.88mm,2704.00,,,,,,,,,,,,,,
Apr-10-2024,1.63mm,2664.00,,,,,,,,,,,,,,
Apr-11-2024,1.97mm,2653.50,,,,,,,,,,,,,,
Apr-12-2024,2.17mm,2676.00,,,,,,,,,,,,,,
Apr-15-2024,2.07mm,2640.50,,,,,,,,,,,,,,
Apr-16-2024,1.57mm,2642.50,,,,,,,,,,,,,,
Apr-17-2024,1.56mm,2598.00,,,,,,,,,,,,,,
Apr-18-2024,1.38mm,2616.00,,,,,,,,,,,,,,
Apr-19-2024,3.96mm,2487.50,,,,,,,,,,,,,,
Apr-22-2024,1.71mm,2509.50,,,,,,,,,,,,,,
Apr-23-2024,1.56mm,2484.50,,,,,,,,,,,,,,
Apr-24-2024,1.87mm,2562.50,,,,,,,,,,,,,,
Apr-25-2024,3.47mm,2622.50,,,,,,,,,,,,,,
Apr-26-2024,2.20mm,2619.50,,,,,,,,,,,,,,
Apr-30-2024,1.90mm,2621.50,,,,,,,,,,,,,,
May-01-2024,1.49mm,2605.00,,,,,,,,,,,,,,
May-02-2024,1.15mm,2594.00,,,,,,,,,,,,,,
May-07-2024,2.01mm,2669.50,,,,,,,,,,,,,,
May-08-2024,1.31mm,2595.00,,,,,,,,,,,,,,
May-09-2024,1.76mm,2645.50,,,,,,,,,,,,,2645.5,
May-10-2024,3.66mm,2669.50,,,,,,,,,,,,,2669.5,
May-13-2024,1.76mm,2658.50,,,,,,,,,,,,,2658.5,
May-14-2024,1.89mm,2731.00,,,,,,,,,,,,,,
May-15-2024,1.30mm,2675.00,,,,,,,,,,,,,,
May-16-2024,1.89mm,2757.00,,,,,,,,,,,,,,
May-17-2024,1.72mm,2739.50,,,,,,,,,,,,,,
May-20-2024,1.02mm,2729.50,,,,,,,,,,,,,,
May-21-2024,1.07mm,2687.00,,,,,,,,,,,,,,
May-22-2024,1.23mm,2652.00,,,,,,,,,,,,,,
May-23-2024,1.26mm,2690.50,,,,,,,,,,,,,,
May-24-2024,1.10mm,2698.00,,,,,,,,,,,,,,
May-27-2024,1.28mm,2716.50,,,,,,,,,,,,,,
May-28-2024,1.03mm,2683.00,,,,,,,,,,,,,,
May-29-2024,1.63mm,2730.00,,,,,,,,,,,,,,
May-30-2024,2.39mm,2790.50,,,,,,,,,,,,,,
May-31-2024,4.55mm,2900.00,,,,,,,,,,,,,,
Jun-03-2024,2.71mm,2972.00,,,,,,,,,,,,,,
Jun-04-2024,2.81mm,3021.00,,,,,,,,,,,,,,
Jun-05-2024,2.51mm,3060.00,,,,,,,,,,,,,,
Jun-06-2024,2.00mm,3010.00,,,,,,,,,,,,,,
Jun-07-2024,1.22mm,3000.00,,,,,,,,,,,,,,
Jun-10-2024,1.53mm,2976.50,,,,,,,,,,,,,,
Jun-11-2024,2.10mm,2915.00,,,,,,,,,,,,,,
Jun-12-2024,2.26mm,2832.50,,,,,,,,,,,,,,
Jun-13-2024,1.69mm,2845.00,,,,,,,,,,,,,,
Jun-14-2024,2.08mm,2876.50,,,,,,,,,,,,,,
Jun-17-2024,.99mm,2857.50,,,,,,,,,,,,,,
Jun-18-2024,1.25mm,2894.50,,,,,,,,,,,,,,
Jun-19-2024,1.03mm,2907.00,,,,,,,,,,,,,,
Jun-20-2024,1.44mm,2930.00,,,,,,,,,,,,,2930,
Jun-21-2024,1.77mm,2915.00,,,,,,,,,,,,,,
Jun-24-2024,1.16mm,2941.50,,,,,,,,,,,,,,
Jun-25-2024,1.88mm,3029.00,,,,,,,,,,,,,,
Jun-26-2024,2.10mm,3055.00,,,,,,,,,,,,,,
Jun-27-2024,1.38mm,3036.00,,,,,,,,,,,,,,
Jun-28-2024,1.46mm,3033.00,,,,,,,,,,,,,,
Jul-01-2024,.80mm,3032.00,,3032,,,,,,,,,,,,
Jul-02-2024,1.35mm,3098.00,,,,,,,,,,,,,,
Jul-03-2024,.99mm,3095.00,,,,,,,,,,,,,,
Jul-04-2024,.77mm,3081.00,,,,,,,,,,,,,,
Jul-05-2024,2.01mm,3108.00,,,,,,,,,,,,,,
Jul-08-2024,1.28mm,3141.00,,,,,,,,,,,,,,
Jul-09-2024,1.36mm,3228.00,,,,,,,,,,,,,,
Jul-10-2024,1.44mm,3218.00,,,,,,,,,,,,,,
Jul-11-2024,1.59mm,3297.00,,,,,,,,,,,,,,
Jul-12-2024,1.27mm,3276.00,,,,,,,,,,,,,,
Jul-16-2024,1.44mm,3305.00,,,,,,,,,,,,,,
Jul-17-2024,1.34mm,3284.00,,,,,,,,,,,,,,
Jul-18-2024,1.14mm,3206.00,,,,,,,,,,,,,,
Jul-19-2024,1.45mm,3174.00,,,,,,,,,,,,,,
Jul-22-2024,1.28mm,3114.00,,,,,,,,,,,,,,
Jul-23-2024,1.01mm,3115.00,,,,,,,,,,,,,,
Jul-24-2024,1.15mm,3108.00,,,,,,,,,,,,,,
Jul-25-2024,2.09mm,2990.00,,,,,,,,,,,,,,
Jul-26-2024,1.43mm,2968.00,,,,,,,,,,,,,,
Jul-29-2024,2.06mm,3132.00,,,,,,,,,,,,,3132,
Jul-30-2024,3.63mm,3152.00,,,,,,,,,,,,,,
Jul-31-2024,1.93mm,3202.00,,,,,,,,,,,,,,
Aug-01-2024,1.34mm,3048.00,,,,,,,,,,,,,,
Aug-02-2024,1.81mm,2848.50,,,,,,,,,,,,,,
Aug-05-2024,2.79mm,2356.00,,,,,,,,,,,,,,
Aug-06-2024,4.28mm,2790.00,,,,,,,,,,,,,,
Aug-07-2024,2.21mm,2836.50,,,,,,,,,,,,,,
Aug-08-2024,1.52mm,2807.00,,,,,,,,,,,,,,
Aug-09-2024,1.75mm,2900.00,,,,,,,,,,,,,,
Aug-13-2024,1.24mm,2956.00,,,,,,,,,,,,,,
Aug-14-2024,1.14mm,2982.00,,,,,,,,,,,,,,
Aug-15-2024,1.29mm,2982.50,,,,,,,,,,,,,,
Aug-16-2024,.98mm,3053.00,,,,,,,,,,,,,,
Aug-19-2024,1.75mm,3080.00,,,,,,,,,,,,,,
Aug-20-2024,1.36mm,3125.00,,,,,,,,,,,,,,
Aug-21-2024,.89mm,3168.00,,,,,,,,,,,,,,
Aug-22-2024,.85mm,3181.00,,,,,,,,,,,,,,
Aug-23-2024,2.70mm,3069.00,,,,,,,,,,,,,,
Aug-26-2024,2.25mm,3063.00,,,,,,,,,,,,,,
Aug-27-2024,1.20mm,3064.00,,,,,,,,,,,,,,
Aug-28-2024,1.22mm,3141.00,,,,,,,,,,,,,,
Aug-29-2024,.92mm,3103.00,,,,,,,,,,,,,,
Aug-30-2024,1.65mm,3173.00,,,,,,,,,,,,,,
Sep-02-2024,1.14mm,3204.00,,,,,,,,,,,,,,
Sep-03-2024,.99mm,3274.00,,,,,,,,,,,,,,
Sep-04-2024,1.46mm,3166.00,,,,,,,,,,,,,,
Sep-05-2024,1.33mm,3180.00,,,,,,,,,,,,,,
Sep-06-2024,1.73mm,3243.00,,,,,,,,,,,,,,
Sep-09-2024,1.10mm,3231.00,,,,,,,,,,,,,,
Sep-10-2024,1.58mm,3319.00,,,,,,,,,,,,,,
Sep-11-2024,1.69mm,3215.00,,,,,,,,,,,,,,
Sep-12-2024,1.47mm,3343.00,,,,,,,,,,,,,,
Sep-13-2024,1.66mm,3221.00,,,,,,,,,,,,,,
Sep-17-2024,1.27mm,3226.00,,,,,,,,,,,,,,
Sep-18-2024,1.10mm,3206.00,,,,,,,,,,,,,,
Sep-19-2024,1.07mm,3269.00,,,,,,,,,,,,,,
Sep-20-2024,2.01mm,3301.00,,,,,,,,,,,,,,
Sep-24-2024,1.42mm,3351.00,,,,,,,,,,,,,,
Sep-25-2024,1.65mm,3302.00,,,,,,,,,,,,,,
Sep-26-2024,2.05mm,3421.00,,,,,,,,,,,,,,
Sep-27-2024,1.60mm,3455.00,,,,,,3455,,,,,,,,
Sep-30-2024,2.20mm,3328.00,,,,,,,,,,,,,,
Oct-01-2024,1.27mm,3348.00,,,,,,,,,,,,,,
Oct-02-2024,1.41mm,3259.00,,,,,,,,,,,,,,
Oct-03-2024,1.06mm,3335.00,,,,,,,,,,,,,,
Oct-04-2024,1.37mm,3285.00,,,,,,,,,,,,,,
Oct-07-2024,1.69mm,3350.00,,,,,,,,,,,,,,
Oct-08-2024,2.51mm,3251.00,,,,,,,,,,,,,,
Oct-09-2024,1.77mm,3222.00,,,,,,,,,,,,,,
Oct-10-2024,1.21mm,3198.00,,,,,,,,,,,,,,
Oct-11-2024,1.18mm,3218.00,,,,,,,,,,,,,,
Oct-15-2024,1.08mm,3255.00,,,,,,,,,,,,,,
Oct-16-2024,1.05mm,3217.00,,,,,,,,,,,,,,
Oct-17-2024,1.12mm,3250.00,,,,,,,,,,,,,,
Oct-18-2024,.69mm,3238.00,,,,,,,,,,,,,,
Oct-21-2024,.68mm,3278.00,,,,,,,,,,,,,,
Oct-22-2024,.89mm,3242.00,,,,,,,,,,,,,,
Oct-23-2024,.73mm,3208.00,,,,,,,,,,,,,,
Oct-24-2024,.88mm,3235.00,,,,,,,,,,,,,,
Oct-25-2024,.77mm,3193.00,,,,,,,,,,,,,,
Oct-28-2024,1.64mm,3325.00,,,,,,,,,,,,,,
Oct-29-2024,2.31mm,3322.00,,,,,,,,,,,,,3322,
Oct-30-2024,8.90mm,3141.00,,,,,,,,,,,,,,
Oct-31-2024,4.16mm,3062.00,,,,,,,,,,,,,,
Nov-01-2024,2.15mm,3039.00,,,,,,,,,,,,,3039,
Nov-05-2024,1.95mm,3112.00,,,,,,,,,,,,,,
Nov-06-2024,2.50mm,3157.00,,,,,,,,,,,,,,
Nov-07-2024,1.67mm,3102.00,,,,,,,,,,,,,,
Nov-08-2024,2.00mm,3237.00,,,,,,,,,,,,,,
Nov-11-2024,1.65mm,3307.00,,,,,,,,,,,,,,
Nov-12-2024,1.45mm,3241.00,,,,,,,,,,,,,,
Nov-13-2024,3.19mm,3440.00,,,,,,,,,,,,,,
Nov-14-2024,2.70mm,3544.00,,,,,,,,,,,,,,
Nov-15-2024,3.08mm,3578.00,,,,,,,,,,,,,,
Nov-18-2024,2.01mm,3468.00,,,,,,,,,,,,,,
Nov-19-2024,3.76mm,3332.00,,,,,,,,,,,,,,
Nov-20-2024,2.00mm,3382.00,,,,,,,,,,,,,,
Nov-21-2024,1.81mm,3402.00,,,,,,,,,,,,,,
Nov-22-2024,1.03mm,3407.00,,,,,,,,,,,,,,
Nov-25-2024,1.92mm,3439.00,,,,,,,,,,,,,,
Nov-26-2024,1.47mm,3410.00,,,,,,,,,,,,,,
Nov-27-2024,1.11mm,3473.00,,,,,,,,,,,,,,
Nov-28-2024,.75mm,3519.00,,,,,,,,,,,,,,
Nov-29-2024,.85mm,3506.00,,,,,,,,,,,,,,
Dec-02-2024,.87mm,3510.00,,,,,,,,,,,,,,
Dec-03-2024,1.01mm,3518.00,,,,,,,,,,,,,,
Dec-04-2024,1.09mm,3548.00,,,,,,,,,,,,,,
Dec-05-2024,1.61mm,3551.00,,,,,,,,,,,,,,
Dec-06-2024,1.14mm,3490.00,,,,,,,,,,,,,,
Dec-09-2024,.99mm,3499.00,,,,,,,,,,,,,,
Dec-10-2024,2.00mm,3535.00,,,,,,,,,,,,,,
Dec-11-2024,1.08mm,3539.00,,,,,,,,,,,,,,
Dec-12-2024,1.19mm,3578.00,,,,,,,,,,,,,,
Dec-13-2024,2.47mm,3444.00,,,,,,,,,,,,,,
Dec-16-2024,1.70mm,3438.00,,,,,,,,,,,,,,
Dec-17-2024,1.49mm,3518.00,,,,,,,,,,,,,,
Dec-18-2024,1.59mm,3433.00,,,,,,,,,,,,,,
Dec-19-2024,1.13mm,3437.00,,,,,,,,,,,,,,
Dec-20-2024,1.31mm,3401.00,,,,,,,,,,,,,,
Dec-23-2024,.74mm,3415.00,,,,,,,,,,,,,,
Dec-24-2024,.56mm,3431.00,,,,,,,,,,,,,,
Dec-25-2024,.66mm,3404.00,,,,,,,,,,,,,,
Dec-26-2024,.72mm,3420.00,,,,,,,,,,,,,,
Dec-27-2024,.89mm,3487.00,,,,,,,,,,,,,,
Dec-30-2024,.97mm,3474.00,,,,,,,,,,,,,,
Jan-06-2025,1.33mm,3371.00,,,,,,,,,,,,,,
Jan-07-2025,.87mm,3398.00,,,,,,,,,,,,,,
Jan-08-2025,1.29mm,3378.00,,,,,,,,,,,,,,
Jan-09-2025,1.05mm,3368.00,,,,,,,,,,,,,,
Jan-10-2025,.75mm,3337.00,,,,,,,,,,,,,,
Jan-14-2025,1.19mm,3292.00,,,,,,,,,,,,,,
Jan-15-2025,1.29mm,3357.00,,,,,,,,,,,,,,
Jan-16-2025,.98mm,3346.00,,,,,,,,,,,,,,
Jan-17-2025,1.36mm,3280.00,,,,,,,,,,,,,,
Jan-20-2025,.76mm,3283.00,,,,,,,,,,,,,,
Jan-21-2025,1.06mm,3307.00,,,,,,,,,,,,,,
Jan-22-2025,1.20mm,3290.00,,,,,,,,,,,,,,
Jan-23-2025,1.55mm,3308.00,,,,,,,,,,,,,,
Jan-24-2025,1.85mm,3407.00,,,,,,,,,,,,,,
Jan-27-2025,1.38mm,3360.00,,,,,,,,,,,,,,
Jan-28-2025,1.86mm,3481.00,,,,,,,,,,,,,,
Jan-29-2025,1.81mm,3433.00,,,,,,,,,,,,,3433,
Jan-30-2025,3.98mm,3590.00,,,,,,,,,,,,,,
Jan-31-2025,1.77mm,3557.00,,,,,,,,,,,,,3557,
Feb-03-2025,2.19mm,3569.00,,,,,,,,,,,,,,
Feb-04-2025,1.98mm,3630.00,,,,,,,,,,,,,,
Feb-05-2025,2.47mm,3740.00,,,,,,,,,,,,,,
Feb-06-2025,2.86mm,3896.00,,,,,,,,,,,,,,
Feb-07-2025,2.49mm,3784.00,,,,,,,,,,,,,,
Feb-10-2025,1.48mm,3819.00,,,,,,,,,,,,,,
Feb-12-2025,1.96mm,3836.00,,,,,,,,,,,,,,
Feb-13-2025,1.86mm,3815.00,,,,,,,,,,,,,,
Feb-14-2025,1.22mm,3825.00,,,,,,,,,,,,,,
Feb-17-2025,1.23mm,3822.00,,,,,,,,,,,,,,
Feb-18-2025,1.85mm,3892.00,,,,,,,,,,,,,,
Feb-19-2025,1.73mm,3913.00,,,,,,,,,,,,,,
Feb-20-2025,1.61mm,3882.00,,,,,,,,,,,,,,
Feb-21-2025,3.88mm,4081.00,,,,,,,,,,,,,,
Feb-25-2025,3.72mm,3968.00,,,,,,,,,,,,,,
Feb-26-2025,4.50mm,3723.00,,,,,,,,,,,,,,
Feb-27-2025,2.61mm,3732.00,,,,,,,,,,,,,,
Feb-28-2025,3.90mm,3701.00,,,,,,,,,,,,,,
Mar-03-2025,5.09mm,3802.00,,,,,,,,,,,,,,
Mar-04-2025,3.34mm,3765.00,,,,,,,,,,,,,,
Mar-05-2025,6.14mm,3650.00,,,,,,,,,,,,,,
Mar-06-2025,3.27mm,3693.00,,,,,,,,,,,,,,
Mar-07-2025,3.20mm,3520.00,,,,,,,,,,,,,,
Mar-10-2025,3.75mm,3436.00,,,,,,,,,,,,,,
Mar-11-2025,3.85mm,3411.00,,,,,,,,,,,,,,
Mar-12-2025,2.30mm,3435.00,,,,,,,,,,,,,,
Mar-13-2025,1.98mm,3442.00,,,,,,,,,,,,,,
Mar-14-2025,1.98mm,3477.00,,,,,,,,,,,,,,
Mar-17-2025,1.27mm,3490.00,,,,,,,,,,,,,,
Mar-18-2025,1.52mm,3505.00,,,,,,,,,,,,,,
Mar-19-2025,2.15mm,3546.00,,,,,,,,,,,,,,
Mar-21-2025,3.25mm,3666.00,,,,,,,,,,,,,,
Mar-24-2025,2.21mm,3705.00,,,,,,,,,,,,,,
Mar-25-2025,1.85mm,3764.00,,,,,,,,,,,,,,
Mar-26-2025,2.47mm,3830.00,,,,,,,,,,,,,,
Mar-27-2025,2.26mm,3872.00,,,,,,,,,,,,,,
Mar-28-2025,2.21mm,3839.00,,,,,,3839,,,,,,,,
Mar-31-2025,2.22mm,3664.00,,,,,,,,,,,,,,
Apr-01-2025,2.04mm,3656.00,,,,,,,,,,,,,,
Apr-02-2025,1.35mm,3695.00,,,,,,,,,,,,,,
Apr-03-2025,2.06mm,3650.00,,,,,,,,,,,,,,
Apr-04-2025,2.26mm,3645.00,,,,,,,,,,,,,,
Apr-07-2025,2.88mm,3404.00,,,,,,,,,,,,,,
Apr-08-2025,2.37mm,3590.00,,,,,,,,,,,,,,
Apr-09-2025,2.22mm,3520.00,,,,,,,,,,,,,,
Apr-10-2025,2.39mm,3833.00,,,,,,,,,,,,,,
Apr-11-2025,2.01mm,3737.00,,,,,,,,,,,,,,
Apr-14-2025,1.21mm,3823.00,,,,,,,,,,,,,,
Apr-15-2025,1.41mm,3842.00,,,,,,,,,,,,,,
Apr-16-2025,1.21mm,3850.00,,,,,,,,,,,,,,
Apr-17-2025,1.20mm,3922.00,,,,,,,,,,,,,,
Apr-18-2025,1.39mm,3980.00,,,,,,,,,,,,,,
Apr-21-2025,1.08mm,3896.00,,,,,,,,,,,,,,
Apr-22-2025,1.20mm,3861.00,,,,,,,,,,,,,,
Apr-23-2025,1.28mm,3895.00,,,,,,,,,,,,,,
Apr-24-2025,1.57mm,3867.00,,,,,,,,,,,,,,
Apr-25-2025,2.30mm,3849.00,,,,,,,,,,,,,,
Apr-28-2025,1.44mm,3932.00,,,,,,,,,,,,,,
Apr-30-2025,3.01mm,4139.00,,,,,,,,,,,,,,
May-01-2025,1.84mm,4167.00,,,,,,,,,,,,,,
May-02-2025,1.53mm,4167.00,,,,,,,,,,,,,,
May-07-2025,1.56mm,4169.00,,,,,,,,,,,,,,
May-08-2025,1.60mm,4142.00,,,,,,,,,,,,,,
May-09-2025,2.01mm,4131.00,,,,,,,,,,,,,4131,
May-12-2025,1.89mm,4035.00,,,,,,,,,,,,,,
May-13-2025,2.62mm,3986.00,,,3986,,,3986,,,,,,,3986,
May-14-2025,4.47mm,3813.00,,,,,,,,,,,,,,
May-15-2025,3.43mm,3960.00,,,,,,,,,,,,,,
May-16-2025,2.87mm,4124.00,,,,,,,,,,,,,,
May-19-2025,2.57mm,4162.00,,,,,,,,,,,,,,
May-20-2025,2.26mm,4168.00,,,,,,,,,,,,,,
May-21-2025,1.62mm,4086.00,,,,,,,,,,,,,,
May-22-2025,1.51mm,4101.00,,,,,,,,,,,,,,
May-23-2025,1.60mm,4154.00,,,,,,,,,,,,,,
May-26-2025,1.08mm,4227.00,,,,,,,,,,,,,,
May-27-2025,1.32mm,4285.00,,,,,,,,,,,,,,
May-28-2025,1.59mm,4300.00,,,,,,,,,,,,,,
May-29-2025,1.96mm,4377.00,,,,,,,,,,,,,,
May-30-2025,3.00mm,4300.00,,,,,,,,,,,,,,
Jun-02-2025,1.50mm,4344.00,,,,,,,,,,,,,,
Jun-03-2025,1.18mm,4270.00,,,,,,,,,,,,,,
Jun-04-2025,1.44mm,4360.00,,,,,,,,,,,,,,
Jun-05-2025,1.42mm,4313.00,,,,,,,,,,,,,,
Jun-06-2025,1.26mm,4299.00,,,,,,,,,,,,,,
Jun-09-2025,1.79mm,4428.00,,,,,,,,,,,,,,
Jun-10-2025,1.99mm,4462.00,,,,,,,,,,,,,,
Jun-11-2025,1.91mm,4406.00,,,,,,,,,,,,,,
Jun-12-2025,1.61mm,4461.00,,,,,,,,,,,,,,
Jun-13-2025,3.13mm,4602.00,,,,,,,,,,,,,,
Jun-16-2025,1.57mm,4625.00,,,,,,,,,,,,,,
Jun-17-2025,1.49mm,4663.00,,,,,,,,,,,,,,
Jun-18-2025,1.70mm,4709.00,,,,,,,,,,,,,,
Jun-19-2025,1.45mm,4770.00,,,,,,,,,,,,,,
Jun-20-2025,2.22mm,4712.00,,,,,,,,,,,,,4712,
Jun-23-2025,1.08mm,4754.00,,,,,,,,,,,,,,
Jun-24-2025,1.15mm,4754.00,,,,,,,,,,,,,,
Jun-25-2025,1.87mm,4805.00,,,,,,,,,,,,,,
Jun-26-2025,1.46mm,4840.00,,,,,,,,,,,,,,
Jun-27-2025,1.39mm,4881.00,,,,,,,,,,,,,,
Jun-30-2025,1.71mm,4933.00,,,,,,,,,,,,,,
Jul-01-2025,1.52mm,4905.00,,,,,,,,,,,,,,
Jul-02-2025,2.61mm,4611.00,,,,,,,,,,,,,,
Jul-03-2025,3.56mm,4444.00,,,,,,,,,,,,,,
Jul-04-2025,1.57mm,4481.00,,,,,,,,,,,,,,
Jul-07-2025,1.53mm,4450.00,,,,,,,,,,,,,,
Jul-08-2025,1.62mm,4431.00,,,,,,,,,,,,,,
Jul-09-2025,2.42mm,4378.00,,,,,,,,,,,,,,
Jul-10-2025,2.97mm,4334.00,,,,,,,,,,,,,,
Jul-11-2025,2.15mm,4268.00,,,,,,,,,,,,,,
Jul-14-2025,1.55mm,4247.00,,,,,,,,,,,,,,
Jul-15-2025,1.47mm,4260.00,,,,,,,,,,,,,,
Jul-16-2025,1.23mm,4291.00,,,,,,,,,,,,,,
Jul-17-2025,1.88mm,4346.00,,,,,,,,,,,,,,
Jul-18-2025,3.35mm,4467.00,,,,,,,,,,,,,,
Jul-22-2025,2.30mm,4397.00,,,,,,,,,,,,,,
Jul-23-2025,2.51mm,4398.00,,,,,,,,,,,,,,
Jul-24-2025,1.97mm,4527.00,,,,,,,,,,,,,,
Jul-25-2025,3.45mm,4315.00,,,,,,,,,,,,,,
Jul-28-2025,1.73mm,4285.00,,,,,,,,,,,,,,
Jul-29-2025,1.88mm,4315.00,,,,,,,,,,,,,4315,
Jul-30-2025,1.38mm,4283.00,,,,,,,,,,,,,4283,
Jul-31-2025,9.09mm,3876.00,,,,,,,,,,,,,,
Aug-01-2025,6.33mm,3971.00,,,,,,,,,,,,,,
Aug-04-2025,2.78mm,3956.00,,,,,,,,,,,,,,
Aug-05-2025,2.25mm,3959.00,,,,,,,,,,,,,,
Aug-06-2025,2.30mm,3923.00,,,,,,,,,,,,,,
Aug-07-2025,2.03mm,3964.00,,,,,,,,,,,,,,
Aug-08-2025,2.15mm,3959.00,,,,,,,,,,,,,,
Aug-12-2025,2.49mm,4057.00,,,,,,,,,,,,,,
Aug-13-2025,2.90mm,4131.00,,,,,,,,,,,,,,
Aug-14-2025,1.89mm,4064.00,,,,,,,,,,,,,,
Aug-15-2025,2.98mm,4209.00,,,,,,,,,,,,,,
Aug-18-2025,2.84mm,4286.00,,,,,,,,,,,,,,
Aug-19-2025,2.45mm,4263.00,,,,,,,,,,,,,,
Aug-20-2025,2.80mm,4088.00,,,,,,,,,,,,,,
Aug-21-2025,1.68mm,4043.00,,,,,,,,,,,,,,
Aug-22-2025,1.53mm,4065.00,,,,,,,,,,,,,,
Aug-25-2025,1.77mm,4035.00,,,,,,,,,,,,,,
Aug-26-2025,1.83mm,4013.00,,,,,,,,,,,,,,
Aug-27-2025,1.63mm,4004.00,,,,,,,,,,,,,,
Aug-28-2025,1.54mm,3975.00,,,,,,,,,,,,,,
Aug-29-2025,1.75mm,4005.00,,,,,,,,,,,,,,
Sep-01-2025,2.09mm,4006.00,,,,,,,,,,,,,,
Sep-02-2025,2.44mm,4054.00,,,,,,,,,,,,,,
Sep-03-2025,2.30mm,3957.00,,,,,,,,,,,,,,
Sep-04-2025,2.05mm,3981.00,,,,,,,,,,,,,,
Sep-05-2025,2.13mm,4000.00,,,,,,,,,,,,,,
Sep-08-2025,1.51mm,4011.00,,,,,,,,,,,,,,
Sep-09-2025,1.62mm,4029.00,,,,,,,,,,,,,,
Sep-10-2025,1.73mm,3980.00,,,,,,,,,,,,,,
Sep-11-2025,1.55mm,4038.00,,,,,,,,,,,,,,
Sep-12-2025,1.38mm,4017.00,,,,,,,,,,,,,,
Sep-16-2025,1.45mm,4047.00,,,,,,,,,,,,,,
Sep-17-2025,2.72mm,4132.00,,,,,,,,,,,,,,
Sep-18-2025,1.74mm,4146.00,,,,,,,,,,,,,,
Sep-19-2025,3.14mm,4083.00,,,,,,,,,,,,,,
Sep-22-2025,1.68mm,4059.00,,,,,,,,,,,,,,
Sep-24-2025,2.22mm,3999.00,,,,,,,,,,,,,,
Sep-25-2025,2.14mm,3977.00,,,,,,,,,,,,,,
Sep-26-2025,2.35mm,4006.00,,,,,,,,,,,,,,
Sep-29-2025,2.28mm,3919.00,,,,,,3919,,,,,,,,
Sep-30-2025,2.33mm,4023.00,,,,,,,,,,,,,,
Oct-01-2025,2.80mm,4120.00,,,,,,,,,,,,,,
Oct-02-2025,2.15mm,4095.00,,,,,,,,,,,,,,
Oct-03-2025,3.09mm,4266.00,,,,,,,,,,,,,,
Oct-06-2025,2.81mm,4311.00,,,,,,,,,,,,,,
Oct-07-2025,1.31mm,4311.00,,,,,,,,,,,,,,
Oct-08-2025,1.71mm,4355.00,,,,,,,,,,,,,,
Oct-09-2025,1.45mm,4283.00,,,,,,,,,,,,,,
Oct-10-2025,1.73mm,4275.00,,,,,,,,,,,,,,
Oct-14-2025,2.22mm,4123.00,,,,,,,,,,,,,,
Oct-15-2025,1.24mm,4173.00,,,,,,,,,,,,,,
Oct-16-2025,1.22mm,4140.00,,,,,,,,,,,,,,
Oct-17-2025,1.20mm,4125.00,,,,,,,,,,,,,,
Oct-20-2025,1.13mm,4173.00,,,,,,,,,,,,,,
Oct-21-2025,1.47mm,4319.00,,,,,,,,,,,,,,
Oct-22-2025,1.67mm,4268.00,,,,,,,,,,,,,,
Oct-23-2025,1.14mm,4275.00,,,,,,,,,,,,,,
Oct-24-2025,1.14mm,4282.00,,,,,,,,,,,,,,
Oct-27-2025,1.01mm,4341.00,,,,,,,,,,,,,4341,
Oct-28-2025,1.63mm,4331.00,,,,,,,,,,,,,,
Oct-29-2025,2.05mm,4325.00,,,,,,4325,,,,,,,4325,
Oct-30-2025,7.38mm,4000.00,,,,,,,,,,,,,,
Oct-31-2025,3.56mm,4034.00,,,,,,,,,,,,,,
Nov-04-2025,2.52mm,3976.00,,,,,,,,,,,,,,
Nov-05-2025,2.55mm,3961.00,,,,,,,,,,,,,,
Nov-06-2025,2.91mm,3957.00,,,,,,,,,,,,,,
Nov-07-2025,1.98mm,4071.00,,,,,,,,,,,,,,
Nov-10-2025,2.24mm,4043.00,,,,,,,,,,,,,,
Nov-11-2025,2.24mm,3938.00,,,,,,,,,,,,,,
Nov-12-2025,2.29mm,3902.00,,,,,,,,,,,,,,
Nov-13-2025,1.94mm,3860.00,,,,,,,,,,,,,,
Nov-14-2025,1.69mm,3858.00,,,,,,,,,,,,,,
Nov-17-2025,1.35mm,3856.00,,,,,,,,,,,,,,
Nov-18-2025,1.80mm,3812.00,,,,,,,,,,,,,,
Nov-19-2025,2.67mm,3773.00,,,,,,,,,,,,,,
Nov-20-2025,1.75mm,3807.00,,,,,,,,,,,,,,
Nov-21-2025,3.22mm,3934.00,,,,,,,,,,,,,,
Nov-25-2025,2.50mm,3777.00,,,,,,,,,,,,,,
Nov-26-2025,1.84mm,3793.00,,,,,,,,,,,,,,
Nov-27-2025,.95mm,3815.00,,,,,,,,,,,,,,
Nov-28-2025,1.00mm,3823.00,,,,,,,,,,,,,,
Dec-01-2025,1.47mm,3732.00,,,,,,,,,,,,,,
Dec-02-2025,1.39mm,3701.00,,,,,,,,,,,,,,
Dec-03-2025,2.14mm,3615.00,,,,,,,,,,,,,,
Dec-04-2025,1.09mm,3685.00,,,,,,,,,,,,,,
Dec-05-2025,1.68mm,3673.00,,,,,,,,,,,,,,
Dec-08-2025,1.49mm,3728.00,,,,,,,,,,,,,,
Dec-09-2025,1.39mm,3685.00,,,,,,,,,,,,,,
Dec-10-2025,2.08mm,3737.00,,,,,,,,,,,,,,
Dec-11-2025,2.63mm,3775.00,,,,,,,,,,,,,,
Dec-12-2025,2.99mm,3615.00,,,,,,,,,,,,,,
Dec-15-2025,2.24mm,3601.00,,,,,,,,,,,,,,
Dec-16-2025,1.65mm,3520.00,,,,,,,,,,,,,,
Dec-17-2025,1.56mm,3505.00,,,,,,,,,,,,,,
Dec-18-2025,1.45mm,3519.00,,,,,,,,,,,,,,
Dec-19-2025,1.88mm,3483.00,,,,,,,,,,,,,,
Dec-22-2025,1.60mm,3463.00,,,,,,,,,,,,,,
Dec-23-2025,2.49mm,3613.00,,,,,,,,,,,,,,
Dec-24-2025,1.31mm,3600.00,,,,,,,,,,,,,,
Dec-25-2025,1.04mm,3647.00,,,,,,,,,,,,,,
Dec-26-2025,1.42mm,3674.00,,,,,,,,,,,,,,
Dec-29-2025,1.43mm,3700.00,,,,,,,,,,,,,,
Dec-30-2025,1.61mm,3651.00,,,,,,,,,,,,,,
Jan-05-2026,2.06mm,3667.00,,,,,,,,,,,,,,
Jan-06-2026,1.67mm,3734.00,,,,,,,,,,,,,,
Jan-07-2026,2.84mm,3597.00,,,,,,,,,,,,,,
Jan-08-2026,2.19mm,3602.00,,,,,,,,,,,,,,
Jan-09-2026,4.51mm,3650.00,,,,,,,,,,,,,,
Jan-13-2026,2.13mm,3625.00,,,,,,,,,,,,,,
Jan-14-2026,1.74mm,3694.00,,,,,,,,,,,,,,
Jan-15-2026,2.17mm,3772.00,,,,,,,,,,,,,,
Jan-16-2026,2.31mm,3670.00,,,,,,,,,,,,,,
Jan-19-2026,1.78mm,3625.00,,,,,,,,,,,,,,
Jan-20-2026,1.98mm,3617.00,,,,,,,,,,,,,,
Jan-21-2026,1.96mm,3550.00,,,,,,,,,,,,,,
Jan-22-2026,1.74mm,3462.00,,,,,,,,,,,,,,
Jan-23-2026,2.51mm,3542.00,,,,,,,,,,,,,,
Jan-26-2026,2.74mm,3644.00,,,,,,,,,,,,,,
Jan-27-2026,2.86mm,3555.00,,,,,,,,,,,,,3555,
Jan-28-2026,7.04mm,3904.00,,,,,,,,,,,,,,
Jan-29-2026,3.35mm,3758.00,,,,,,,,,,,,,3758,
Jan-30-2026,3.89mm,3936.00,,,,,,,,,,,,,,
Feb-02-2026,4.69mm,3645.00,,,,,,,,,,,,,,
Feb-03-2026,4.02mm,3539.00,,,,,,,,,,,,,,
Feb-04-2026,6.85mm,3190.00,,,,,,,,,,,,,,
Feb-05-2026,4.93mm,3118.00,,,,,,,,,,,,,,
Feb-06-2026,5.38mm,3044.00,,,,,,,,,,,,,,
Feb-09-2026,3.78mm,3105.00,,,,,,,,,,,,,,
Feb-10-2026,4.04mm,3284.00,,,,,,,,,,,,,,
Feb-12-2026,4.25mm,3272.00,,,,,,,,,,,,,,
Feb-13-2026,4.38mm,3057.00,,,,,,,,,,,,,,
Feb-16-2026,2.21mm,3140.00,,,,,,,,,,,,,,
Feb-17-2026,1.92mm,3120.00,,,,,,,,,,,,,,
Feb-18-2026,2.62mm,3167.00,,,,,,,,,,,,,,
Feb-19-2026,2.06mm,3147.00,,,,,,,,,,,,,,
Feb-20-2026,2.78mm,3148.00,,,,,,,,,,,,,,
Feb-24-2026,3.83mm,3115.00,,,,,,,,,,,,,,
Feb-25-2026,3.37mm,3252.00,,,,,,,,,,,,,,
Feb-26-2026,3.87mm,3365.00,,,,,,,,,,,,,,
Feb-27-2026,5.71mm,3593.00,,,,,,,,,,,,,,
Mar-02-2026,5.49mm,3636.00,,,,,,,,,,,,,,
Mar-03-2026,3.81mm,3584.00,,,,,,,,,,,,,,
Mar-04-2026,4.73mm,3562.00,,,,,,,,,,,,,,
Mar-05-2026,7.31mm,3302.00,,,,,3302,,,,,,,,,
Mar-06-2026,3.36mm,3383.00,,,,,,,,,,,,,,
Mar-09-2026,3.21mm,3378.00,,,,,,,,,,,,,,
Mar-10-2026,2.38mm,3442.00,,,,,,,,,,,,,,
Mar-11-2026,2.66mm,3406.00,,,,,,,,,,,,,,
Mar-12-2026,2.67mm,3457.00,,,,,,,,,,,,,,
Mar-13-2026,3.14mm,3545.00,,,,,,,,,,,,,,
Mar-16-2026,2.40mm,3562.00,,,,,,,,,,,,,,
Mar-17-2026,2.67mm,3578.00,,,,,,,,,,,,,,
Mar-18-2026,2.62mm,3584.00,,,,,,,,,,,,,,
Mar-19-2026,2.52mm,3537.00,,,,,,,,,,,,,,
Mar-23-2026,2.36mm,3464.00,,,,,,,,,,,,,,
Mar-24-2026,2.76mm,3464.00,,,,,,,,,,,,,,
Mar-25-2026,2.94mm,3364.00,,,,,,,,,,,,,,
Mar-26-2026,2.84mm,3305.00,,,,,,,,,,,,,,
Mar-27-2026,2.76mm,3407.00,,,,,,,,,,,,,,
Mar-30-2026,3.41mm,3312.00,,,,,,3312,,,,,,,,
Mar-31-2026,2.52mm,3348.00,,,,,,,,,,,,,,
Apr-01-2026,1.93mm,3477.00,,,,,,,,,,,,,,
Apr-02-2026,2.46mm,3393.00,,,,,,,,,,,,,,
Apr-03-2026,.92mm,3371.00,,,,,,,,,,,,,,
Apr-06-2026,1.14mm,3340.00,,,,,,,,,,,,,,
Apr-07-2026,1.96mm,3450.00,,,,,,,,,,,,,,
Apr-08-2026,2.74mm,3418.00,,,,,,,,,,,,,,
Apr-09-2026,2.19mm,3328.00,,,,,,,,,,,,,,
Apr-10-2026,1.82mm,3319.00,,,,,,,,,,,,,,
Apr-13-2026,1.75mm,3406.00,,,,,,,,,,,,,,
Apr-14-2026,2.76mm,3560.00,,,,,,,,,,,,,,
Apr-15-2026,2.83mm,3634.00,,,,,,,,,,,,,,
Apr-16-2026,3.21mm,3701.00,,,,,,,,,,,,,,
Apr-17-2026,2.37mm,3669.00,,,,,,,,,,,,,,