Dates,"Nintendo Co., Ltd. (TSE:7974) - Share Pricing",Annotation,Bankruptcy Updates,Announced/Completed Transactions,Company Forecasts and Ratings,Corporate Structure Related,Potential Red Flags/Distress Indicators,Potential Transactions,Listing/Trading Related,Investor Activism,Dividends/Splits,Transaction Updates,Insider Trades,Results Announcements/Corporate Communications,Annotation,"Nintendo Co., Ltd. (TSE:7974) - Volume"
Apr-20-2016,1722.00,,,,,,,,,,,,,,,8.55mm
Apr-21-2016,1746.00,,,,,,,,,,,,,,,5.13mm
Apr-22-2016,1714.00,,,,,,,,,,,,,,,7.49mm
Apr-25-2016,1689.00,,,,,,,,,,,,,,,6.56mm
Apr-26-2016,1666.50,,,,,,,,,,,,,,,5.75mm
Apr-27-2016,1652.00,,,,,,,,,,,,,1652,,5.18mm
Apr-28-2016,1515.50,,,,,,,,,,,,,1515.5,,21.91mm
May-02-2016,1493.50,,,,,,,,,,,,,,,11.58mm
May-06-2016,1499.00,,,,,,,,,,,,,,,8.16mm
May-09-2016,1522.00,,,,,,,,,,,,,,,6.13mm
May-10-2016,1517.00,,,,,,,,,,,,,,,6.26mm
May-11-2016,1520.00,,,,,,,,,,,,,,,4.13mm
May-12-2016,1556.50,,,,,,,,,,,,,,,5.89mm
May-13-2016,1535.00,,,,,,,,,,,,,,,4.61mm
May-16-2016,1560.50,,,,,,,,,,,,,,,4.57mm
May-17-2016,1600.50,,,,,,,,,,,,,,,5.10mm
May-18-2016,1613.00,,,,,,,,,,,,,,,6.04mm
May-19-2016,1634.00,,,,,,,,,,,,,,,4.42mm
May-20-2016,1636.50,,,,,,,,,,,,,,,3.23mm
May-23-2016,1617.00,,,,,,,,,,,,,,,3.95mm
May-24-2016,1578.50,,,,,,,,,,,,,,,4.68mm
May-25-2016,1595.00,,,,,,,,,,,,,,,3.36mm
May-26-2016,1587.00,,,,,,,,,,,,,,,2.76mm
May-27-2016,1586.00,,,,,,,,,,,,,,,5.11mm
May-30-2016,1600.00,,,,,,,,,,,,,,,3.85mm
May-31-2016,1645.00,,,,,,,,,,,,,,,9.89mm
Jun-01-2016,1605.50,,,,,,,,,,,,,,,5.35mm
Jun-02-2016,1569.50,,,,,,,,,,,,,,,6.74mm
Jun-03-2016,1582.00,,,,,,,,,,,,,,,3.23mm
Jun-06-2016,1584.50,,,,,,,,,,,,,,,4.33mm
Jun-07-2016,1624.50,,,,,,,,,,,,,,,4.29mm
Jun-08-2016,1631.00,,,,,,,,,,,,,,,4.85mm
Jun-09-2016,1628.50,,,,,,,,,,,,,,,3.98mm
Jun-10-2016,1606.50,,,,,,,,,,,,,,,4.80mm
Jun-13-2016,1535.50,,,,,,,,,,,,,,,4.88mm
Jun-14-2016,1522.50,,,,,,,,,,,,,,,5.36mm
Jun-15-2016,1505.50,,,,,,,,,,,,,,,4.49mm
Jun-16-2016,1465.00,,,,,,,,,,,,,,,6.15mm
Jun-17-2016,1468.50,,,,,,,,,,,,,,,5.99mm
Jun-20-2016,1497.00,,,,,,,,,,,,,,,5.06mm
Jun-21-2016,1509.00,,,,,,,,,,,,,,,4.02mm
Jun-22-2016,1487.50,,,,,,,,,,,,,,,4.97mm
Jun-23-2016,1492.50,,,,,,,,,,,,,,,4.22mm
Jun-24-2016,1380.00,,,,,,,,,,,,,,,9.20mm
Jun-27-2016,1386.50,,,,,,,,,,,,,,,10.30mm
Jun-28-2016,1383.50,,,,,,,,,,,,,,,8.26mm
Jun-29-2016,1447.50,,,,,,,,,,,,,1447.5,,6.61mm
Jun-30-2016,1458.50,,,,,,,,,,,,,,,5.76mm
Jul-01-2016,1466.00,,,,,,,,,,,,,,,4.41mm
Jul-04-2016,1481.00,,,,,,,,,,,,,,,3.13mm
Jul-05-2016,1449.00,,,,,,,,,,,,,,,4.21mm
Jul-06-2016,1438.00,,,,,,,,,,,,,,,5.78mm
Jul-07-2016,1493.50,,,,,,,,,,,,,,,7.60mm
Jul-08-2016,1627.00,,,,,,,,,,,,,,,29.25mm
Jul-11-2016,2026.00,,,,,,,,,,,,,,,74.79mm
Jul-12-2016,2284.00,,,,,,,,,,,,,,,141.82mm
Jul-13-2016,2183.00,,,,,,,,,,,,,,,104.47mm
Jul-14-2016,2530.00,,,,,,,,,,,,,,,175.96mm
Jul-15-2016,2778.00,,,,,,,,,,,,,,,177.80mm
Jul-19-2016,3177.00,,,,,,,,,,,,,,,226.64mm
Jul-20-2016,2776.50,,,,,,,,,,,,,,,261.37mm
Jul-21-2016,2800.00,,,,,,,,,,,,,,,183.04mm
Jul-22-2016,2822.00,,,,,,,,,,,,,,,254.13mm
Jul-25-2016,2322.00,,,,,,,,,,,,,,,113.21mm
Jul-26-2016,2359.00,,,,,,,,,,,,,,,166.34mm
Jul-27-2016,2230.50,,,,,,,,,,,,,2230.5,,97.22mm
Jul-28-2016,2108.00,,,,,,,,,,,,,,,142.10mm
Jul-29-2016,2150.50,,,,,,,,,,,,,,,108.90mm
Aug-01-2016,2096.50,,,,,,,,,,,,,,,73.01mm
Aug-02-2016,2100.50,,,,,,,,,,,,,,,46.41mm
Aug-03-2016,2106.50,,,,,,2106.5,,,,,,,,,51.32mm
Aug-04-2016,2122.50,,,,,,,,,,,,,,,30.23mm
Aug-05-2016,2071.50,,,,,,,,,,,,,,,27.97mm
Aug-08-2016,2128.00,,,,,,,,,,,,,,,37.32mm
Aug-09-2016,2285.00,,,,,,,,,,,,,2285,,90.96mm
Aug-10-2016,2278.00,,,,,,,,,,,,,,,61.86mm
Aug-12-2016,2200.00,,,,,,,,,,,,,,,37.15mm
Aug-15-2016,2206.50,,,,,,,,,,,,,,,22.80mm
Aug-16-2016,2172.00,,,,,,,,,,,,,,,20.80mm
Aug-17-2016,2270.00,,,,,,,,,,,,,,,36.90mm
Aug-18-2016,2289.50,,,,,,,,,,,,,,,48.56mm
Aug-19-2016,2220.00,,,,,,,,,,,,,,,35.99mm
Aug-22-2016,2289.00,,,,,,,,,,,,,,,33.34mm
Aug-23-2016,2259.50,,,,,,,,,,,,,,,30.38mm
Aug-24-2016,2238.50,,,,,,,,,,,,,,,24.43mm
Aug-25-2016,2224.00,,,2224,,,,,,,,,,,,15.02mm
Aug-26-2016,2169.00,,,,,,,,,,,,,,,18.17mm
Aug-29-2016,2241.00,,,,,,,,,,,,,,,19.03mm
Aug-30-2016,2219.50,,,,,,,,,,,,,,,12.63mm
Aug-31-2016,2267.50,,,,,,,,,,,,,,,17.15mm
Sep-01-2016,2343.00,,,,,,,,,,,,,,,28.02mm
Sep-02-2016,2382.00,,,,,,,,,,,,,,,56.78mm
Sep-05-2016,2321.50,,,,,,,,,,,,,,,30.57mm
Sep-06-2016,2355.00,,,,,,,,,,,,,,,15.88mm
Sep-07-2016,2469.50,,,,,,,,,,,,,,,52.44mm
Sep-08-2016,2795.50,,,,,,,,,,,,,,,135.40mm
Sep-09-2016,2762.50,,,,,,,,,,,,,,,62.68mm
Sep-12-2016,2669.00,,,,,,,,,,,,,,,47.17mm
Sep-13-2016,2562.50,,,,,,,,,,,,,,,60.18mm
Sep-14-2016,2575.50,,,,,,,,,,,,,,,52.14mm
Sep-15-2016,2692.50,,,,,,,,,,,,,,,58.07mm
Sep-16-2016,2706.50,,,,,,,,,,,,,,,51.75mm
Sep-20-2016,2731.50,,,,,,,,,,,,,,,47.49mm
Sep-21-2016,2699.50,,,,,,,,,,,,,,,44.63mm
Sep-23-2016,2710.50,,,,,,,,,,,,,,,34.97mm
Sep-26-2016,2667.50,,,,,,,,,,,,,,,18.11mm
Sep-27-2016,2703.50,,,,,,,,,,,,,,,30.12mm
Sep-28-2016,2713.00,,,,,,,,,,,,,,,25.25mm
Sep-29-2016,2714.00,,,,,,,,,,,,,,,21.38mm
Sep-30-2016,2660.50,,,,,,,,,,,,,,,21.96mm
Oct-03-2016,2644.50,,,,,,,,,,,,,,,20.23mm
Oct-04-2016,2617.00,,,,,,,,,,,,,,,21.15mm
Oct-05-2016,2678.00,,,,,,,,,,,,,,,24.10mm
Oct-06-2016,2636.50,,,,,,,,,,,,,,,19.07mm
Oct-07-2016,2669.00,,,,,,,,,,,,,,,17.56mm
Oct-11-2016,2628.50,,,,,,,,,,,,,,,15.81mm
Oct-12-2016,2586.50,,,,,,,,,,,,,,,14.88mm
Oct-13-2016,2607.50,,,,,,,,,,,,,,,22.46mm
Oct-14-2016,2617.00,,,,,,,,,,,,,,,16.39mm
Oct-17-2016,2593.50,,,,,,,,,,,,,,,21.95mm
Oct-18-2016,2621.50,,,,,,,,,,,,,,,16.60mm
Oct-19-2016,2608.00,,,,,,,,,,,,,,,10.77mm
Oct-20-2016,2695.00,,,,,,,,,,,,,,,52.01mm
Oct-21-2016,2518.50,,,,,,,,,,,,,,,60.96mm
Oct-24-2016,2397.00,,,,,,,,,,,,,,,43.82mm
Oct-25-2016,2468.50,,,,,,,,,,,,,,,32.11mm
Oct-26-2016,2452.00,,,,2452,,,,,,,,,2452,,23.51mm
Oct-27-2016,2488.50,,,,,,,,,,,,,2488.5,,58.40mm
Oct-28-2016,2559.00,,,,,,2559,,,,,,,,,32.18mm
Oct-31-2016,2544.00,,,,,,,,,,,,,,,21.72mm
Nov-01-2016,2544.50,,,,,,,,,,,,,,,13.51mm
Nov-02-2016,2539.50,,,,,,,,,,,,,,,19.73mm
Nov-04-2016,2440.00,,,,,,,,,,,,,,,21.55mm
Nov-07-2016,2453.50,,,,,,,,,,,,,,,12.32mm
Nov-08-2016,2442.00,,,,,,,,,,,,,,,10.31mm
Nov-09-2016,2291.50,,,,,,,,,,,,,,,42.34mm
Nov-10-2016,2441.00,,,,,,,,,,,,,,,24.27mm
Nov-11-2016,2410.00,,,,,,,,,,,,,,,13.37mm
Nov-14-2016,2484.00,,,,,,,,,,,,,,,16.61mm
Nov-15-2016,2486.00,,,,,,,,,,,,,,,11.43mm
Nov-16-2016,2555.00,,,,,,,,,,,,,,,32.17mm
Nov-17-2016,2605.00,,,,,,,,,,,,,,,18.63mm
Nov-18-2016,2681.50,,,,,,,,,,,,,,,26.44mm
Nov-21-2016,2765.00,,,,,,,,,,,,,,,29.21mm
Nov-22-2016,2785.50,,,,,,,,,,,,,,,22.30mm
Nov-24-2016,2763.50,,,,,,,,,,,,,,,27.12mm
Nov-25-2016,2786.50,,,,,,,,,,,,,,,16.67mm
Nov-28-2016,2797.00,,,,,,,,,,,,,2797,,16.69mm
Nov-29-2016,2799.00,,,,,,,,,,,,,,,11.64mm
Nov-30-2016,2777.50,,,,,,,,,,,,,2777.5,,17.99mm
Dec-01-2016,2794.00,,,,,,,,,,,,,,,16.01mm
Dec-02-2016,2704.50,,,,,,,,,,,,,,,23.40mm
Dec-05-2016,2707.00,,,,,,,,,,,,,,,13.47mm
Dec-06-2016,2786.50,,,,,,,,,,,,,,,16.99mm
Dec-07-2016,2798.00,,,,,,,,,,,,,,,18.30mm
Dec-08-2016,2822.50,,,,,,,,,,,,,,,14.63mm
Dec-09-2016,2925.50,,,,,,,,,,,,,,,41.86mm
Dec-12-2016,2940.00,,,,,,,,,,,,,,,36.81mm
Dec-13-2016,2827.50,,,,,,,,,,,,,,,30.45mm
Dec-14-2016,2797.50,,,,,,,,,,,,,,,17.86mm
Dec-15-2016,2757.50,,,,,,,,,,,,,,,30.91mm
Dec-16-2016,2640.50,,,,,,,,,,,,,,,53.56mm
Dec-19-2016,2454.00,,,,,,,,,,,,,,,56.30mm
Dec-20-2016,2481.50,,,,,,,,,,,,,,,40.58mm
Dec-21-2016,2453.00,,,,,,,,,,,,,,,22.15mm
Dec-22-2016,2359.50,,,,,,,,,,,,,,,33.61mm
Dec-26-2016,2455.50,,,,,,,,,,,,,,,23.64mm
Dec-27-2016,2455.50,,,,,,,,,,,,,,,23.16mm
Dec-28-2016,2434.50,,,,,,,,,,,,,,,13.12mm
Dec-29-2016,2440.50,,,,,,,,,,,,,,,10.95mm
Dec-30-2016,2454.00,,,,,,,,,,,,,,,12.00mm
Jan-04-2017,2448.00,,,,,,,,,,,,,,,14.38mm
Jan-05-2017,2408.50,,,,,,,,,,,,,,,25.46mm
Jan-06-2017,2405.00,,,,,,,,,,,,,,,14.44mm
Jan-10-2017,2437.00,,,,,,,,,,,,,,,17.26mm
Jan-11-2017,2514.50,,,,,,,,,,,,,,,32.24mm
Jan-12-2017,2520.00,,,,,,,,,,,,,,,25.82mm
Jan-13-2017,2375.00,,,,,,,,,,,,,,,75.89mm
Jan-16-2017,2320.00,,,,,,,,,,,,,,,36.76mm
Jan-17-2017,2358.50,,,,,,,,,,,,,,,32.12mm
Jan-18-2017,2346.50,,,,,,,,,,,,,,,28.30mm
Jan-19-2017,2380.00,,,,,,,,,,,,,,,36.08mm
Jan-20-2017,2363.00,,,,,,,,,,,,,,,20.92mm
Jan-23-2017,2351.00,,,,,,,,,,,,,,,12.08mm
Jan-24-2017,2326.50,,,,,,,,,,,,,,,11.07mm
Jan-25-2017,2359.50,,,,,,,,,,,,,,,11.93mm
Jan-26-2017,2357.00,,,,,,,,,,,,,,,14.53mm
Jan-27-2017,2349.00,,,,,,,,,,,,,,,8.36mm
Jan-30-2017,2356.50,,,,,,,,,,,,,,,7.19mm
Jan-31-2017,2312.00,,,,2312,,,,,,,,,2312,,13.50mm
Feb-01-2017,2262.50,,,,,,,,,,,,,2262.5,,30.83mm
Feb-02-2017,2252.00,,,,,,,,,,,,,,,16.25mm
Feb-03-2017,2394.50,,,,,,,,,,,,,,,36.98mm
Feb-06-2017,2373.50,,,,,,,,,,,,,,,15.93mm
Feb-07-2017,2323.00,,,,,,,,,,,,,,,12.10mm
Feb-08-2017,2326.00,,,,,,,,,,,,,,,14.05mm
Feb-09-2017,2340.50,,,,,,,,,,,,,,,16.05mm
Feb-10-2017,2364.50,,,,,,,,,,,,,,,13.19mm
Feb-13-2017,2365.50,,,,,,,,,,,,,,,8.29mm
Feb-14-2017,2326.00,,,,,,,,,,,,,,,10.10mm
Feb-15-2017,2269.00,,,,,,,,,,,,,,,17.22mm
Feb-16-2017,2312.00,,,,,,,,,,,,,,,13.05mm
Feb-17-2017,2335.50,,,,,,,,,,,,,,,13.81mm
Feb-20-2017,2309.50,,,,,,,,,,,,,,,8.08mm
Feb-21-2017,2313.50,,,,,,,,,,,,,,,6.27mm
Feb-22-2017,2331.00,,,,,,,,,,,,,,,8.68mm
Feb-23-2017,2320.50,,,,,,,,,,,,,,,6.85mm
Feb-24-2017,2371.50,,,,,,,,,,,,,,,17.91mm
Feb-27-2017,2368.00,,,,,,,,,,,,,2368,,10.13mm
Feb-28-2017,2350.00,,,,,,,,,,,,,,,10.90mm
Mar-01-2017,2328.50,,,,,,,,,,,,,,,12.11mm
Mar-02-2017,2287.50,,,,,,,,,,,,,,,20.38mm
Mar-03-2017,2371.00,,,,,,,,,,,,,,,48.34mm
Mar-06-2017,2424.00,,,,,,,,,,,,,,,34.60mm
Mar-07-2017,2469.00,,,,,,,,,,,,,,,35.31mm
Mar-08-2017,2482.50,,,,,,,,,,,,,,,38.08mm
Mar-09-2017,2466.00,,,,,,,,,,,,,,,21.39mm
Mar-10-2017,2473.50,,,,,,,,,,,,,,,22.28mm
Mar-13-2017,2500.00,,,,,,,,,,,,,,,14.23mm
Mar-14-2017,2489.00,,,,,,,,,,,,,,,10.59mm
Mar-15-2017,2498.50,,,,,,,,,,,,,,,11.18mm
Mar-16-2017,2515.50,,,,,,,,,,,,,,,12.48mm
Mar-17-2017,2558.00,,,,,,,,,,,,,,,25.69mm
Mar-21-2017,2626.50,,,,,,,,,,,,,,,42.11mm
Mar-22-2017,2740.50,,,,,,,,,,,,,,,61.44mm
Mar-23-2017,2683.00,,,,,,,,,,,,,,,61.25mm
Mar-24-2017,2686.00,,,,,,,,,,,,,,,24.35mm
Mar-27-2017,2688.50,,,,,,,,,,,,,,,17.50mm
Mar-28-2017,2663.50,,,,,,,,,,,,,,,21.55mm
Mar-29-2017,2667.00,,,,,,,,,,2667,,,,,17.00mm
Mar-30-2017,2599.50,,,,,,,,,,,,,,,18.92mm
Mar-31-2017,2583.50,,,,,,,,,,,,,,,21.81mm
Apr-03-2017,2675.50,,,,,,,,,,,,,,,19.92mm
Apr-04-2017,2605.50,,,,,,,,,,,,,,,24.92mm
Apr-05-2017,2609.00,,,,,,,,,,,,,,,19.71mm
Apr-06-2017,2637.00,,,,,,,,,,,,,,,22.02mm
Apr-07-2017,2576.50,,,,,,,,,,,,,,,28.06mm
Apr-10-2017,2577.50,,,,,,,,,,,,,,,16.03mm
Apr-11-2017,2571.50,,,,,,,,,,,,,,,11.69mm
Apr-12-2017,2561.00,,,,,,,,,,,,,,,12.97mm
Apr-13-2017,2524.00,,,,,,,,,,,,,,,13.82mm
Apr-14-2017,2576.00,,,,,,,,,,,,,,,25.09mm
Apr-17-2017,2650.50,,,,,,,,,,,,,,,22.67mm
Apr-18-2017,2671.50,,,,,,,,,,,,,,,21.60mm
Apr-19-2017,2716.00,,,,,,,,,,,,,,,30.07mm
Apr-20-2017,2681.50,,,,,,,,,,,,,,,26.20mm
Apr-21-2017,2700.50,,,,,,,,,,,,,,,20.16mm
Apr-24-2017,2737.00,,,,,,,,,,,,,,,19.84mm
Apr-25-2017,2796.00,,,,,,,,,,,,,,,29.72mm
Apr-26-2017,2762.00,,,,,,,,,,,,,,,20.08mm
Apr-27-2017,2746.50,,,,,,,,,,,,,2746.5,,19.27mm
Apr-28-2017,2804.50,,,,,,,,,,,,,2804.5,,56.41mm
May-01-2017,2831.50,,,,,,,,,,,,,,,22.20mm
May-02-2017,2835.50,,,,,,,,,,,,,,,14.69mm
May-08-2017,2881.00,,,,,,,,,,,,,,,34.47mm
May-09-2017,2873.50,,,,,,,,,,,,,,,14.17mm
May-10-2017,2950.00,,,,,,,,,,,,,,,26.14mm
May-11-2017,2954.50,,,,,,,,,,,,,,,18.80mm
May-12-2017,2948.00,,,,,,,,,,,,,,,13.75mm
May-15-2017,2973.50,,,,,,,,,,,,,,,27.15mm
May-16-2017,2999.00,,,,,,,,,,,,,,,26.01mm
May-17-2017,3049.00,,,,,,,,,,,,,,,26.32mm
May-18-2017,3043.00,,,,,,,,,,,,,,,20.95mm
May-19-2017,3030.00,,,,,,,,,,,,,,,14.72mm
May-22-2017,3049.00,,,,,,,,,,,,,,,11.27mm
May-23-2017,3088.00,,,,,,,,,,,,,,,17.43mm
May-24-2017,3188.00,,,,,,,,,,,,,,,30.80mm
May-25-2017,3177.00,,,,,,,,,,,,,,,27.04mm
May-26-2017,3351.00,,,,,,,,,,,,,,,53.09mm
May-29-2017,3395.00,,,,,,,,,,,,,,,61.96mm
May-30-2017,3401.00,,,,,,,,,,,,,,,32.06mm
May-31-2017,3365.00,,,,,,,,,,,,,,,29.26mm
Jun-01-2017,3316.00,,,,,,,,,,,,,,,22.61mm
Jun-02-2017,3354.00,,,,,,,,,,,,,,,36.55mm
Jun-05-2017,3457.00,,,,,,,,,,,,,,,32.66mm
Jun-06-2017,3463.00,,,,,,,,,,,,,,,44.38mm
Jun-07-2017,3425.00,,,,,,,,,,,,,,,30.28mm
Jun-08-2017,3398.00,,,,,,,,,,,,,,,26.30mm
Jun-09-2017,3482.00,,,,,,,,,,,,,,,31.73mm
Jun-12-2017,3402.00,,,,,,,,,,,,,,,33.63mm
Jun-13-2017,3416.00,,,,,,,,,,,,,,,21.23mm
Jun-14-2017,3476.00,,,,,,,,,,,,,,,31.22mm
Jun-15-2017,3625.00,,,,,,,,,,,,,,,49.19mm
Jun-16-2017,3604.00,,,,,,,,,,,,,,,44.38mm
Jun-19-2017,3696.00,,,,,,,,,,,,,,,32.39mm
Jun-20-2017,3745.00,,,,,,,,,,,,,,,28.88mm
Jun-21-2017,3720.00,,,,,,,,,,,,,,,29.15mm
Jun-22-2017,3740.00,,,,,,,,,,,,,,,22.69mm
Jun-23-2017,3844.00,,,,,,,,,,,,,,,42.88mm
Jun-26-2017,3928.00,,,,,,,,,,,,,,,36.28mm
Jun-27-2017,3932.00,,,,,,,,,,,,,,,35.92mm
Jun-28-2017,3787.00,,,,,,,,,,,,,,,40.56mm
Jun-29-2017,3878.00,,,,,,,,,,,,,3878,,41.31mm
Jun-30-2017,3768.00,,,,,,,,,,,,,,,34.05mm
Jul-03-2017,3692.00,,,,,,,,,,,,,,,28.46mm
Jul-04-2017,3509.00,,,,,,,,,,,,,,,62.85mm
Jul-05-2017,3542.00,,,,,,,,,,,,,,,66.58mm
Jul-06-2017,3495.00,,,,,,,,,,,,,,,35.59mm
Jul-07-2017,3516.00,,,,,,,,,,,,,,,31.37mm
Jul-10-2017,3647.00,,,,,,,,,,,,,,,39.04mm
Jul-11-2017,3606.00,,,,,,,,,,,,,,,35.09mm
Jul-12-2017,3602.00,,,,,,,,,,,,,,,23.93mm
Jul-13-2017,3615.00,,,,,,,,,,,,,,,23.03mm
Jul-14-2017,3588.00,,,,,,,,,,,,,,,17.06mm
Jul-18-2017,3650.00,,,,,,,,,,,,,,,27.11mm
Jul-19-2017,3764.00,,,,,,,,,,,,,,,33.78mm
Jul-20-2017,3732.00,,,,,,,,,,,,,,,26.69mm
Jul-21-2017,3722.00,,,,,,,,,,,,,,,19.58mm
Jul-24-2017,3624.00,,,,,,,,,,,,,,,21.53mm
Jul-25-2017,3530.00,,,,,,,,,,,,,,,33.31mm
Jul-26-2017,3577.00,,,,,,,,,,,,,3577,,32.88mm
Jul-27-2017,3849.00,,,,,,,,,,,,,,,80.43mm
Jul-28-2017,3746.00,,,,,,,,,,,,,,,38.50mm
Jul-31-2017,3748.00,,,,,,,,,,,,,,,25.21mm
Aug-01-2017,3710.00,,,,,,,,,,,,,,,23.46mm
Aug-02-2017,3789.00,,,,,,,,,,,,,,,32.97mm
Aug-03-2017,3737.00,,,,,,,,,,,,,,,23.44mm
Aug-04-2017,3760.00,,,,,,,,,,,,,,,23.39mm
Aug-07-2017,3816.00,,,,,,,,,,,,,,,26.48mm
Aug-08-2017,3819.00,,,,,,,,,,,,,,,21.84mm
Aug-09-2017,3749.00,,,,,,,,,,,,,,,22.60mm
Aug-10-2017,3672.00,,,,,,,,,,,,,,,23.47mm
Aug-14-2017,3601.00,,,,,,,,,,,,,,,22.30mm
Aug-15-2017,3664.00,,,,,,,,,,,,,,,21.77mm
Aug-16-2017,3668.00,,,,,,,,,,,,,,,14.33mm
Aug-17-2017,3668.00,,,,,,,,,,,,,,,15.28mm
Aug-18-2017,3610.00,,,,,,,,,,,,,,,20.84mm
Aug-21-2017,3574.00,,,,,,,,,,,,,,,15.89mm
Aug-22-2017,3608.00,,,,,,,,,,,,,,,18.10mm
Aug-23-2017,3598.00,,,,,,,,,,,,,,,14.78mm
Aug-24-2017,3592.00,,,,,,,,,,,,,,,12.78mm
Aug-25-2017,3604.00,,,,,,,,,,,,,,,13.68mm
Aug-28-2017,3684.00,,,,,,,,,,,,,,,19.64mm
Aug-29-2017,3650.00,,,,,,,,,,,,,,,17.66mm
Aug-30-2017,3645.00,,,,,,,,,,,,,,,13.51mm
Aug-31-2017,3664.00,,,,,,,,,,,,,,,12.52mm
Sep-01-2017,3680.00,,,,,,,,,,,,,,,16.85mm
Sep-04-2017,3678.00,,,,,,,,,,,,,,,12.55mm
Sep-05-2017,3590.00,,,,,,,,,,,,,,,21.90mm
Sep-06-2017,3576.00,,,,,,,,,,,,,,,19.15mm
Sep-07-2017,3542.00,,,,,,,,,,,,,,,15.81mm
Sep-08-2017,3600.00,,,,,,,,,,,,,,,21.22mm
Sep-11-2017,3668.00,,,,,,,,,,,,,,,15.66mm
Sep-12-2017,3788.00,,,,,,,,,,,,,,,26.66mm
Sep-13-2017,3777.00,,,,,,,,,,,,,,,15.36mm
Sep-14-2017,3767.00,,,,,,,,,,,,,,,20.09mm
Sep-15-2017,3825.00,,,,,,,,,,,,,,,22.35mm
Sep-19-2017,4095.00,,,,,,,,,,,,,,,65.00mm
Sep-20-2017,4289.00,,,,,,,,,,,,,,,70.82mm
Sep-21-2017,4175.00,,,,,,,,,,,,,,,42.02mm
Sep-22-2017,4113.00,,,,,,,,,,,,,,,38.37mm
Sep-25-2017,4120.00,,,,,,,,,,,,,,,21.46mm
Sep-26-2017,4042.00,,,,,,,,,,,,,,,30.17mm
Sep-27-2017,4085.00,,,,,,,,,,4085,,,,,24.84mm
Sep-28-2017,4157.00,,,,,,,,,,,,,,,28.12mm
Sep-29-2017,4156.00,,,,,,,,,,,,,,,16.08mm
Oct-02-2017,4172.00,,,,,,,,,,,,,,,16.76mm
Oct-03-2017,4176.00,,,,,,,,,,,,,,,16.79mm
Oct-04-2017,4202.00,,,,,,,,,,,,,,,18.94mm
Oct-05-2017,4254.00,,,,,,,,,,,,,,,20.11mm
Oct-06-2017,4367.00,,,,,,,,,,,,,,,33.70mm
Oct-10-2017,4339.00,,,,,,,,,,,,,,,27.00mm
Oct-11-2017,4403.00,,,,,,,,,,,,,,,20.55mm
Oct-12-2017,4370.00,,,,,,,,,,,,,,,22.85mm
Oct-13-2017,4415.00,,,,,,,,,,,,,,,22.79mm
Oct-16-2017,4431.00,,,,,,,,,,,,,,,21.47mm
Oct-17-2017,4370.00,,,,,,,,,,,,,,,22.47mm
Oct-18-2017,4292.00,,,,,,,,,,,,,,,21.39mm
Oct-19-2017,4353.00,,,,,,,,,,,,,,,23.69mm
Oct-20-2017,4362.00,,,,,,,,,,,,,,,15.72mm
Oct-23-2017,4371.00,,,,,,,,,,,,,,,14.35mm
Oct-24-2017,4410.00,,,,,,,,,,,,,,,17.50mm
Oct-25-2017,4414.00,,,,,,,,,,,,,,,47.90mm
Oct-26-2017,4241.00,,,,,,,,,,,,,,,41.95mm
Oct-27-2017,4298.00,,,,,,,,,,,,,,,23.41mm
Oct-30-2017,4287.00,,,,,,,,,,,,,4287,,23.17mm
Oct-31-2017,4380.00,,,,,,,,,,,,,4380,,82.71mm
Nov-01-2017,4338.00,,,,,,,,,,,,,,,30.86mm
Nov-02-2017,4295.00,,,,,,,,,,,,,,,27.89mm
Nov-06-2017,4252.00,,,,,,,,,,,,,,,20.80mm
Nov-07-2017,4281.00,,,,,,,,,,,,,,,21.28mm
Nov-08-2017,4345.00,,,,,,,,,,,,,,,23.38mm
Nov-09-2017,4307.00,,,,,,,,,,,,,,,28.15mm
Nov-10-2017,4330.00,,,,,,,,,,,,,,,25.62mm
Nov-13-2017,4405.00,,,,,,,,,,,,,,,29.23mm
Nov-14-2017,4478.00,,,,,,,,,,,,,,,27.04mm
Nov-15-2017,4309.00,,,,,,,,,,,,,,,45.69mm
Nov-16-2017,4479.00,,,,,,,,,,,,,,,39.67mm
Nov-17-2017,4483.00,,,,,,,,,,,,,,,39.46mm
Nov-20-2017,4477.00,,,,,,,,,,,,,,,19.28mm
Nov-21-2017,4450.00,,,,,,,,,,,,,,,21.44mm
Nov-22-2017,4501.00,,,,,,,,,,,,,,,23.21mm
Nov-24-2017,4661.00,,,,,,,,,,,,,,,46.02mm
Nov-27-2017,4772.00,,,,,,,,,,,,,4772,,42.69mm
Nov-28-2017,4708.00,,,,,,,,,,,,,,,25.72mm
Nov-29-2017,4623.00,,,,,,,,,,,,,,,27.81mm
Nov-30-2017,4520.00,,,,,,,,,,,,,,,35.88mm
Dec-01-2017,4529.00,,,,,,,,,,,,,,,23.01mm
Dec-04-2017,4444.00,,,,,,,,,,,,,,,21.86mm
Dec-05-2017,4302.00,,,,,,,,,,,,,,,28.74mm
Dec-06-2017,4316.00,,,,,,,,,,,,,,,27.59mm
Dec-07-2017,4448.00,,,,,,,,,,,,,,,24.85mm
Dec-08-2017,4371.00,,,,,,,,,,,,,,,24.71mm
Dec-11-2017,4438.00,,,,,,,,,,,,,,,18.22mm
Dec-12-2017,4390.00,,,,,,,,,,,,,,,15.37mm
Dec-13-2017,4393.00,,,,,,,,,,,,,,,20.46mm
Dec-14-2017,4301.00,,,,,,,,,,,,,,,20.12mm
Dec-15-2017,4303.00,,,,,,,,,,,,,,,22.83mm
Dec-18-2017,4303.00,,,,,,,,,,,,,,,20.83mm
Dec-19-2017,4269.00,,,,,,,,,,,,,,,15.43mm
Dec-20-2017,4215.00,,,,,,,,,,,,,,,18.65mm
Dec-21-2017,4220.00,,,,,,,,,,,,,,,16.92mm
Dec-22-2017,4231.00,,,,,,,,,,,,,,,17.38mm
Dec-25-2017,4236.00,,,,,,,,,,,,,,,9.84mm
Dec-26-2017,4168.00,,,,,,,,,,,,,,,16.06mm
Dec-27-2017,4197.00,,,,,,,,,,,,,,,21.10mm
Dec-28-2017,4110.00,,,,,,,,,,,,,,,16.96mm
Dec-29-2017,4119.00,,,,,,,,,,,,,,,14.52mm
Jan-04-2018,4321.00,,,,,,,,,,,,,,,29.18mm
Jan-05-2018,4261.00,,,,,,,,,,,,,,,24.94mm
Jan-09-2018,4314.00,,,,,,,,,,,,,,,22.22mm
Jan-10-2018,4423.00,,,,,,,,,,,,,,,24.47mm
Jan-11-2018,4412.00,,,,,,,,,,,,,,,15.54mm
Jan-12-2018,4462.00,,,,,,,,,,,,,,,23.41mm
Jan-15-2018,4486.00,,,,,,,,,,,,,,,19.34mm
Jan-16-2018,4511.00,,,,,,,,,,,,,,,18.73mm
Jan-17-2018,4529.00,,,,,,,,,,,,,,,19.42mm
Jan-18-2018,4636.00,,,,,,,,,,,,,,,45.50mm
Jan-19-2018,4832.00,,,,,,,,,,,,,,,50.98mm
Jan-22-2018,4845.00,,,,,,,,,,,,,,,38.37mm
Jan-23-2018,4959.00,,,,,,,,,,,,,,,38.98mm
Jan-24-2018,4864.00,,,,,,,,,,,,,,,39.55mm
Jan-25-2018,4777.00,,,,,,,,,,,,,,,31.33mm
Jan-26-2018,4823.00,,,,,,,,,,,,,,,20.92mm
Jan-29-2018,4790.00,,,,,,,,,,,,,,,17.00mm
Jan-30-2018,4701.00,,,,,,,,,,,,,,,20.31mm
Jan-31-2018,4797.00,,,,,,,,,,,,,4797,,31.54mm
Feb-01-2018,4822.00,,,,,,,,,,,,,4822,,63.67mm
Feb-02-2018,4717.00,,,,,,,,,,,,,,,33.28mm
Feb-05-2018,4691.00,,,,,,,,,,,,,,,24.79mm
Feb-06-2018,4447.00,,,,,,,,,,,,,,,53.38mm
Feb-07-2018,4491.00,,,,,,,,,,,,,,,36.76mm
Feb-08-2018,4432.00,,,,,,,,,,,,,,,34.04mm
Feb-09-2018,4333.00,,,,,,,,,,,,,,,33.61mm
Feb-13-2018,4440.00,,,,,,,,,,,,,,,33.89mm
Feb-14-2018,4431.00,,,,,,,,,,,,,,,29.89mm
Feb-15-2018,4584.00,,,,,,,,,,,,,,,31.05mm
Feb-16-2018,4584.00,,,,,,,,,,,,,,,21.72mm
Feb-19-2018,4679.00,,,,,,,,,,,,,,,18.60mm
Feb-20-2018,4696.00,,,,,,,,,,,,,,,22.97mm
Feb-21-2018,4777.00,,,,,,,,,,,,,,,30.60mm
Feb-22-2018,4718.00,,,,,,,,,,,,,,,26.40mm
Feb-23-2018,4836.00,,,,,,,,,,,,,,,29.43mm
Feb-26-2018,4877.00,,,,,,,,,,,,,,,27.28mm
Feb-27-2018,4943.00,,,,,,,,,,,,,,,32.10mm
Feb-28-2018,4908.00,,,,,,,,,,,,,,,27.10mm
Mar-01-2018,4819.00,,,,,,,,,,,,,,,23.58mm
Mar-02-2018,4860.00,,,,,,,,,,,,,,,31.21mm
Mar-05-2018,4612.00,,,,,,,,,,,,,,,35.93mm
Mar-06-2018,4752.00,,,,,,,,,,,,,,,32.19mm
Mar-07-2018,4610.00,,,,,,,,,,,,,,,32.27mm
Mar-08-2018,4797.00,,,,,,,,,,,,,,,28.10mm
Mar-09-2018,4811.00,,,,,,,,,,,,,,,34.93mm
Mar-12-2018,4840.00,,,,,,,,,,,,,,,25.07mm
Mar-13-2018,4878.00,,,,,,,,,,,,,,,19.21mm
Mar-14-2018,4822.00,,,,,,,,,,,,,,,17.21mm
Mar-15-2018,4904.00,,,,,,,,,,,,,,,23.25mm
Mar-16-2018,4899.00,,,,,,,,,,,,,,,32.86mm
Mar-19-2018,4832.00,,,,,,,,,,,,,,,25.93mm
Mar-20-2018,4823.00,,,,,,,,,,,,,,,28.37mm
Mar-22-2018,4898.00,,,,,,,,,,,,,,,24.29mm
Mar-23-2018,4767.00,,,,,,,,,,,,,,,26.20mm
Mar-26-2018,4739.00,,,,,,,,,,,,,,,32.56mm
Mar-27-2018,4789.00,,,,,,,,,,,,,,,30.16mm
Mar-28-2018,4665.00,,,,,,,,,,4665,,,,,27.65mm
Mar-29-2018,4666.00,,,,,,,,,,,,,,,19.27mm
Mar-30-2018,4686.00,,,,,,,,,,,,,,,22.03mm
Apr-02-2018,4772.00,,,,,,,,,,,,,,,17.96mm
Apr-03-2018,4627.00,,,,,,,,,,,,,,,28.75mm
Apr-04-2018,4530.00,,,,,,,,,,,,,,,26.40mm
Apr-05-2018,4548.00,,,,,,,,,,,,,,,21.44mm
Apr-06-2018,4513.00,,,,,,,,,,,,,,,24.46mm
Apr-09-2018,4552.00,,,,,,,,,,,,,,,18.76mm
Apr-10-2018,4505.00,,,,,,,,,,,,,,,21.24mm
Apr-11-2018,4469.00,,,,,,,,,,,,,,,16.89mm
Apr-12-2018,4473.00,,,,,,,,,,,,,,,14.53mm
Apr-13-2018,4528.00,,,,,,,,,,,,,,,15.70mm
Apr-16-2018,4467.00,,,,,,,,,,,,,,,13.33mm
Apr-17-2018,4442.00,,,,,,,,,,,,,,,15.62mm
Apr-18-2018,4444.00,,,,,,,,,,,,,,,23.08mm
Apr-19-2018,4416.00,,,,,,,,,,,,,,,15.09mm
Apr-20-2018,4590.00,,,,,,,,,,,,,,,31.51mm
Apr-23-2018,4630.00,,,,,,,,,,,,,,,27.75mm
Apr-24-2018,4630.00,,,,,,,,,,,,,,,19.52mm
Apr-25-2018,4637.00,,,,,,,,,,,,,,,18.48mm
Apr-26-2018,4543.00,,,,,,,,,,,,,4543,,25.20mm
Apr-27-2018,4617.00,,,4617,,,,,,,,,,4617,,33.00mm
May-01-2018,4616.00,,,,,,,,,,,,,,,16.53mm
May-02-2018,4618.00,,,,,4618,,,,,,,,,,13.79mm
May-07-2018,4654.00,,,,,,,,,,,,,,,12.54mm
May-08-2018,4724.00,,,,,,,,,,,,,,,15.47mm
May-09-2018,4624.00,,,,,,,,,,,,,,,17.38mm
May-10-2018,4550.00,,,,,,,,,,,,,,,17.07mm
May-11-2018,4610.00,,,,,,,,,,,,,,,12.55mm
May-14-2018,4592.00,,,,,,,,,,,,,,,9.94mm
May-15-2018,4600.00,,,,,,,,,,,,,,,8.91mm
May-16-2018,4587.00,,,,,,,,,,,,,,,10.63mm
May-17-2018,4658.00,,,,,,,,,,,,,,,14.25mm
May-18-2018,4570.00,,,,,,,,,,,,,,,18.16mm
May-21-2018,4450.00,,,,,,,,,,,,,,,22.16mm
May-22-2018,4431.00,,,,,,,,,,,,,,,17.66mm
May-23-2018,4353.00,,,,,,,,,,,,,,,19.57mm
May-24-2018,4251.00,,,,,,,,,,,,,,,23.91mm
May-25-2018,4247.00,,,,,,,,,,,,,,,22.75mm
May-28-2018,4160.00,,,,,,,,,,,,,,,17.20mm
May-29-2018,4240.00,,,,,,,,,,,,,,,15.05mm
May-30-2018,4424.00,,,,,,,,,,,,,,,44.08mm
May-31-2018,4500.00,,,,,,,,,,,,,,,27.90mm
Jun-01-2018,4320.00,,,,,,,,,,,,,,,21.81mm
Jun-04-2018,4047.00,,,,,,,,,,,,,,,40.13mm
Jun-05-2018,4086.00,,,,,,,,,,,,,,,34.93mm
Jun-06-2018,3961.00,,,,,,,,,,,,,,,35.71mm
Jun-07-2018,4097.00,,,,,,,,,,,,,,,30.24mm
Jun-08-2018,4159.00,,,,,,,,,,,,,,,22.10mm
Jun-11-2018,4164.00,,,,,,,,,,,,,,,14.52mm
Jun-12-2018,4171.00,,,,,,,,,,,,,,,17.42mm
Jun-13-2018,3912.00,,,,,,,,,,,,,,,55.66mm
Jun-14-2018,3713.00,,,,,,,,,,,,,,,44.91mm
Jun-15-2018,3776.00,,,,,,,,,,,,,,,32.22mm
Jun-18-2018,3697.00,,,,,,,,,,,,,,,23.85mm
Jun-19-2018,3606.00,,,,,,,,,,,,,,,24.20mm
Jun-20-2018,3665.00,,,,,,,,,,,,,,,27.78mm
Jun-21-2018,3672.00,,,,,,,,,,,,,,,28.77mm
Jun-22-2018,3648.00,,,,,,,,,,,,,,,20.42mm
Jun-25-2018,3611.00,,,,,,,,,,,,,,,11.59mm
Jun-26-2018,3607.00,,,,,,,,,,,,,,,16.51mm
Jun-27-2018,3555.00,,,,,,,,,,,,,,,15.83mm
Jun-28-2018,3603.00,,,,,,,,,,,,,3603,,15.61mm
Jun-29-2018,3620.00,,,,,,,,,,,,,,,14.65mm
Jul-02-2018,3575.00,,,,,,,,,,,,,,,14.18mm
Jul-03-2018,3643.00,,,,,,,,,,,,,,,18.46mm
Jul-04-2018,3451.00,,,,,,,,,,,,,,,30.40mm
Jul-05-2018,3475.00,,,,,,,,,,,,,,,21.43mm
Jul-06-2018,3472.00,,,,,,,,,,,,,,,22.76mm
Jul-09-2018,3560.00,,,,,,,,,,,,,,,14.09mm
Jul-10-2018,3551.00,,,,,,,,,,,,,,,15.23mm
Jul-11-2018,3552.00,,,,,,,,,,,,,,,13.62mm
Jul-12-2018,3582.00,,,,,,,,,,,,,,,13.39mm
Jul-13-2018,3648.00,,,,,,,,,,,,,,,17.49mm
Jul-17-2018,3739.00,,,,,,,,,,,,,,,25.41mm
Jul-18-2018,3663.00,,,,,,,,,,,,,,,23.36mm
Jul-19-2018,3718.00,,,,,,,,,,,,,,,15.73mm
Jul-20-2018,3732.00,,,,,,,,,,,,,,,13.83mm
Jul-23-2018,3637.00,,,,,,,,,,,,,,,12.27mm
Jul-24-2018,3703.00,,,,,,,,,,,,,,,14.69mm
Jul-25-2018,3715.00,,,,,,,,,,,,,,,12.76mm
Jul-26-2018,3758.00,,,,,,,,,,,,,,,20.06mm
Jul-27-2018,3790.00,,,,,,,,,,,,,,,13.93mm
Jul-30-2018,3754.00,,,,,,,,,,,,,,,11.42mm
Jul-31-2018,3676.00,,,,,,,,,,,,,3676,,29.03mm
Aug-01-2018,3910.00,,,,,,,,,,,,,,,45.86mm
Aug-02-2018,3822.00,,,,,,,,,,,,,,,27.73mm
Aug-03-2018,3826.00,,,,,,,,,,,,,,,21.54mm
Aug-06-2018,3689.00,,,,,,,,,,,,,,,22.18mm
Aug-07-2018,3724.00,,,,,,,,,,,,,,,12.84mm
Aug-08-2018,3712.00,,,,,,,,,,,,,,,13.96mm
Aug-09-2018,3740.00,,,,,,,,,,,,,,,12.59mm
Aug-10-2018,3650.00,,,,,,,,,,,,,,,14.26mm
Aug-13-2018,3568.00,,,,,,,,,,,,,,,17.17mm
Aug-14-2018,3591.00,,,,,,,,,,,,,,,9.68mm
Aug-15-2018,3485.00,,,,,,,,,,,,,,,20.72mm
Aug-16-2018,3450.00,,,,,,,,,,,,,,,25.44mm
Aug-17-2018,3544.00,,,,,,,,,,,,,,,18.14mm
Aug-20-2018,3667.00,,,,,,,,,,,,,,,21.29mm
Aug-21-2018,3700.00,,,,,,,,,,,,,,,21.88mm
Aug-22-2018,3756.00,,,,,,,,,,,,,,,16.39mm
Aug-23-2018,3740.00,,,,,,,,,,,,,,,14.34mm
Aug-24-2018,3787.00,,,,,,,,,,,,,,,13.25mm
Aug-27-2018,3885.00,,,,,,,,,,,,,,,19.28mm
Aug-28-2018,3867.00,,,,,,,,,,,,,,,17.17mm
Aug-29-2018,3923.00,,,,,,,,,,,,,,,16.91mm
Aug-30-2018,3999.00,,,,,,,,,,,,,3999,,36.73mm
Aug-31-2018,4016.00,,,,,,,,,,,,,,,23.90mm
Sep-03-2018,4009.00,,,,,,,,,,,,,4009,,19.72mm
Sep-04-2018,3975.00,,,,,,,,,,,,,,,17.58mm
Sep-05-2018,3965.00,,,,,,,,,,,,,,,15.03mm
Sep-06-2018,3822.00,,,,,,,,,,,,,,,32.41mm
Sep-07-2018,3853.00,,,,,,,,,,,,,,,17.56mm
Sep-10-2018,3864.00,,,,,,,,,,,,,,,13.73mm
Sep-11-2018,3915.00,,,,,,,,,,,,,,,13.04mm
Sep-12-2018,3934.00,,,,,,,,,,,,,,,14.52mm
Sep-13-2018,3874.00,,,,,,,,,,,,,,,15.38mm
Sep-14-2018,3813.00,,,,,,,,,,,,,,,20.66mm
Sep-18-2018,3905.00,,,,,,,,,,,,,,,18.90mm
Sep-19-2018,4000.00,,,,,,,,,,,,,,,20.34mm
Sep-20-2018,4192.00,,,,,,,,,,,,,,,42.82mm
Sep-21-2018,4172.00,,,,,,,,,,,,,,,28.77mm
Sep-25-2018,4160.00,,,,,,,,,,,,,,,19.31mm
Sep-26-2018,4140.00,,,,,,,,,,4140,,,,,18.52mm
Sep-27-2018,4083.00,,,,,,,,,,,,,,,16.42mm
Sep-28-2018,4146.00,,,,,,,,,,,,,,,16.18mm
Oct-01-2018,4204.00,,,,,,,,,,,,,,,17.63mm
Oct-02-2018,4218.00,,,,,,,,,,,,,,,16.20mm
Oct-03-2018,4133.00,,,,,,,,,,,,,,,16.57mm
Oct-04-2018,4079.00,,,,,,,,,,,,,,,26.12mm
Oct-05-2018,4118.00,,,,,,,,,,,,,,,15.80mm
Oct-09-2018,4014.00,,,,,,,,,,,,,,,16.70mm
Oct-10-2018,3990.00,,,,,,,,,,,,,,,15.39mm
Oct-11-2018,3865.00,,,,,,,,,,,,,,,20.28mm
Oct-12-2018,4000.00,,,,,,,,,,,,,,,18.60mm
Oct-15-2018,3919.00,,,,,,,,,,,,,,,13.88mm
Oct-16-2018,3953.00,,,,,,,,,,,,,,,12.17mm
Oct-17-2018,3977.00,,,,,,,,,,,,,,,12.04mm
Oct-18-2018,3964.00,,,,,,,,,,,,,,,10.37mm
Oct-19-2018,3807.00,,,,,,,,,,,,,,,24.59mm
Oct-22-2018,3805.00,,,,,,,,,,,,,,,14.98mm
Oct-23-2018,3752.00,,,,,,,,,,,,,,,11.39mm
Oct-24-2018,3714.00,,,,,,,,,,,,,,,13.69mm
Oct-25-2018,3545.00,,,,,,,,,,,,,,,19.97mm
Oct-26-2018,3481.00,,,,,,,,,,,,,,,23.66mm
Oct-29-2018,3467.00,,,,,,,,,,,,,,,19.11mm
Oct-30-2018,3525.00,,,,,,,,,,,,,3525,,17.27mm
Oct-31-2018,3516.00,,,,,,,,,,,,,3516,,33.38mm
Nov-01-2018,3532.00,,,,,,,,,,,,,,,17.09mm
Nov-02-2018,3597.00,,,,,,,,,,,,,,,19.27mm
Nov-05-2018,3499.00,,,,,,,,,,,,,,,15.42mm
Nov-06-2018,3534.00,,,,,,,,,,,,,,,10.76mm
Nov-07-2018,3599.00,,,,,,,,,,,,,,,20.76mm
Nov-08-2018,3743.00,,,,,,,,,,,,,,,18.91mm
Nov-09-2018,3644.00,,,,,,,,,,,,,,,15.59mm
Nov-12-2018,3629.00,,,,,,,,,,,,,,,12.26mm
Nov-13-2018,3556.00,,,,,,,,,,,,,,,15.83mm
Nov-14-2018,3537.00,,,,,,,,,,,,,,,12.86mm
Nov-15-2018,3505.00,,,,,,,,,,,,,,,10.13mm
Nov-16-2018,3186.00,,,,,,,,,,,,,,,49.09mm
Nov-19-2018,3310.00,,,,,,,,,,,,,,,24.05mm
Nov-20-2018,3122.00,,,,,,,,,,,,,,,31.78mm
Nov-21-2018,3102.00,,,,,,,,,,,,,,,31.53mm
Nov-22-2018,3141.00,,,,,,,,,,,,,,,21.93mm
Nov-26-2018,3232.00,,,,,,,,,,,,,,,21.84mm
Nov-27-2018,3268.00,,,,,,,,,,,,,,,18.08mm
Nov-28-2018,3350.00,,,,,,,,,,,,,,,17.49mm
Nov-29-2018,3486.00,,,,,,,,,,,,,,,29.90mm
Nov-30-2018,3461.00,,,,,,,,,,,,,,,27.89mm
Dec-03-2018,3484.00,,,,,,,,,,,,,,,14.41mm
Dec-04-2018,3300.00,,,,,,,,,,,,,,,28.66mm
Dec-05-2018,3328.00,,,,,,,,,,,,,,,19.71mm
Dec-06-2018,3192.00,,,,,,,,,,,,,,,25.59mm
Dec-07-2018,3288.00,,,,,,,,,,,,,,,21.69mm
Dec-10-2018,3283.00,,,,,,,,,,,,,,,21.44mm
Dec-11-2018,3262.00,,,,,,,,,,,,,,,20.85mm
Dec-12-2018,3268.00,,,,,,,,,,,,,,,17.45mm
Dec-13-2018,3283.00,,,,,,,,,,,,,,,17.95mm
Dec-14-2018,3197.00,,,,,,,,,,3197,,,,,24.80mm
Dec-17-2018,3207.00,,,,,,,,,,,,,,,15.84mm
Dec-18-2018,3099.00,,,,,,,,,,,,,,,20.31mm
Dec-19-2018,3000.00,,,,,,,,,,,,,,,26.43mm
Dec-20-2018,3021.00,,,,,,,,,,,,,,,32.29mm
Dec-21-2018,2902.50,,,,,,,,,,,,,,,28.24mm
Dec-25-2018,2777.00,,,,,,,,,,,,,,,33.89mm
Dec-26-2018,2811.50,,,,,,,,,,,,,,,29.21mm
Dec-27-2018,2931.00,,,,,,,,,,,,,,,23.59mm
Dec-28-2018,2928.50,,,,,,,,,,,,,,,20.45mm
Jan-04-2019,2803.00,,,,,,,,,,,,,,,25.81mm
Jan-07-2019,2967.00,,,,,,,,,,,,,,,19.34mm
Jan-08-2019,3002.00,,,,,,,,,,,,,,,16.63mm
Jan-09-2019,3073.00,,,,,,,,,,,,,,,19.11mm
Jan-10-2019,2979.50,,,,,,,,,,,,,,,20.21mm
Jan-11-2019,3033.00,,,,,,,,,,,,,,,12.01mm
Jan-15-2019,3173.00,,,,,,,,,,,,,,,28.71mm
Jan-16-2019,3194.00,,,,,,,,,,,,,,,18.13mm
Jan-17-2019,3315.00,,,,,,,,,,,,,,,26.92mm
Jan-18-2019,3385.00,,,,,,,,,,,,,,,22.70mm
Jan-21-2019,3374.00,,,,,,,,,,,,,,,19.25mm
Jan-22-2019,3370.00,,,,,,,,,,,,,,,17.41mm
Jan-23-2019,3368.00,,,,,,,,,,,,,,,16.25mm
Jan-24-2019,3388.00,,,,,,,,,,,,,,,14.85mm
Jan-25-2019,3389.00,,,,,,,,,,,,,,,13.67mm
Jan-28-2019,3291.00,,,,,,,,,,,,,,,15.40mm
Jan-29-2019,3346.00,,,,,,,,,,,,,,,25.10mm
Jan-30-2019,3315.00,,,,,,,,,,,,,,,13.98mm
Jan-31-2019,3383.00,,,,,,,,,,,,,3383,,22.51mm
Feb-01-2019,3072.00,,,,,,,,,,,,,3072,,46.04mm
Feb-04-2019,3226.00,,,,,,,,,,,,,,,32.65mm
Feb-05-2019,3124.00,,,,,,,,,,,,,,,22.69mm
Feb-06-2019,2950.50,,,,,,,,,,,,,,,37.23mm
Feb-07-2019,2931.50,,,,,,,,,,,,,,,33.49mm
Feb-08-2019,2928.00,,,,,,,,,,,,,,,21.30mm
Feb-12-2019,2923.50,,,,,,,,,,,,,,,22.20mm
Feb-13-2019,2999.50,,,,,,,,,,,,,,,18.54mm
Feb-14-2019,2981.00,,,,,,,,,,,,,,,18.82mm
Feb-15-2019,2925.00,,,,,,,,,,,,,,,22.38mm
Feb-18-2019,2967.50,,,,,,,,,,,,,,,15.85mm
Feb-19-2019,2937.50,,,,,,,,,,,,,,,14.99mm
Feb-20-2019,2967.50,,,,,,,,,,,,,,,15.34mm
Feb-21-2019,2990.50,,,,,,,,,,,,,,,17.68mm
Feb-22-2019,3003.00,,,3003,,,,,,,,,,,,15.94mm
Feb-25-2019,3032.00,,,,,,,,,,,,,,,29.25mm
Feb-26-2019,3047.00,,,,,,,,,,,,,,,12.35mm
Feb-27-2019,3133.00,,,,,,,,,,,,,,,19.56mm
Feb-28-2019,3044.00,,,,,,,,,,,,,,,20.05mm
Mar-01-2019,3089.00,,,,,,,,,,,,,,,14.66mm
Mar-04-2019,3040.00,,,,,,,,,,,,,,,18.28mm
Mar-05-2019,3035.00,,,,,,,,,,,,,,,17.06mm
Mar-06-2019,3108.00,,,,,,,,,,,,,,,21.72mm
Mar-07-2019,3048.00,,,,,,,,,,,,,,,15.34mm
Mar-08-2019,2966.50,,,,,,,,,,,,,,,20.22mm
Mar-11-2019,2960.50,,,,,,,,,,,,,,,16.79mm
Mar-12-2019,3062.00,,,,,,,,,,,,,,,37.67mm
Mar-13-2019,3084.00,,,,,,,,,,,,,,,21.99mm
Mar-14-2019,3028.00,,,,,,,,,,,,,,,28.01mm
Mar-15-2019,3109.00,,,,,,,,,,,,,,,24.55mm
Mar-18-2019,3202.00,,,3202,,,,,,,,,,,,24.94mm
Mar-19-2019,3149.00,,,,,,,,,,,3149,,,,18.18mm
Mar-20-2019,3048.00,,,,,,,,,,,,,,,29.35mm
Mar-22-2019,3070.00,,,,,,,,,,,,,,,19.53mm
Mar-25-2019,3045.00,,,,,,,,,,,,,,,14.06mm
Mar-26-2019,3190.00,,,,,,,,,,,,,,,38.97mm
Mar-27-2019,3135.00,,,,,,,,,,3135,,,,,20.91mm
Mar-28-2019,3173.00,,,,,,,,,,,,,,,19.12mm
Mar-29-2019,3156.00,,,,,,,,,,,,,,,17.03mm
Apr-01-2019,3192.00,,,,,,,,,,,,,,,16.48mm
Apr-02-2019,3201.00,,,,,,,,,,,,,,,17.99mm
Apr-03-2019,3244.00,,,,,,,,,,,,,,,14.15mm
Apr-04-2019,3245.00,,,,,,,,,,,,,,,13.79mm
Apr-05-2019,3321.00,,,,,,,,,,,,,,,22.41mm
Apr-08-2019,3261.00,,,,,,,,,,,,,,,22.30mm
Apr-09-2019,3324.00,,,,,,,,,,,,,,,16.85mm
Apr-10-2019,3292.00,,,,,,,,,,,,,,,14.70mm
Apr-11-2019,3295.00,,,,,,,,,,,,,,,12.22mm
Apr-12-2019,3365.00,,,,,,,,,,,,,,,18.84mm
Apr-15-2019,3428.00,,,,,,,,,,,,,,,18.48mm
Apr-16-2019,3446.00,,,,,,,,,,,,,,,16.85mm
Apr-17-2019,3483.00,,,,,,,,,,,,,,,18.44mm
Apr-18-2019,3435.00,,,,,,,,,,,,,,,19.26mm
Apr-19-2019,3920.00,,,,,,,,,,,,,,,89.19mm
Apr-22-2019,3856.00,,,,,,,,,,,,,,,41.68mm
Apr-23-2019,3717.00,,,,,,,,,,,,,,,33.40mm
Apr-24-2019,3800.00,,,,,,,,,,,,,,,31.50mm
Apr-25-2019,3851.00,,,,,,,,,,,,,3851,,32.27mm
Apr-26-2019,3800.00,,,,,,,,,,,,,3800,,47.17mm
May-07-2019,3722.00,,,,,,,,,,,,,,,26.99mm
May-08-2019,3713.00,,,,,,,,,,,,,,,17.32mm
May-09-2019,3676.00,,,,,,,,,,,,,,,14.78mm
May-10-2019,3700.00,,,,,,,,,,,,,,,17.97mm
May-13-2019,3699.00,,,,,,,,,,,,,,,11.45mm
May-14-2019,3702.00,,,,,,,,,,,,,,,16.85mm
May-15-2019,3741.00,,,,,,,,,,,,,,,11.24mm
May-16-2019,3688.00,,,,,,,,,,,,,,,14.98mm
May-17-2019,3769.00,,,,,,,,,,,,,,,15.95mm
May-20-2019,3821.00,,,,,,,,,,,,,,,13.01mm
May-21-2019,3798.00,,,,,,,,,,,,,,,13.88mm
May-22-2019,3828.00,,,,,,,,,,,,,,,13.79mm
May-23-2019,3863.00,,,,,,,,,,,,,,,18.37mm
May-24-2019,3908.00,,,,,,,,,,,,,,,15.89mm
May-27-2019,3873.00,,,,,,,,,,,,,,,12.03mm
May-28-2019,3911.00,,,,,,,,,,,,,,,11.18mm
May-29-2019,3896.00,,,,,,,,,,,,,,,17.70mm
May-30-2019,3840.00,,,,,,,,,,,,,,,14.20mm
May-31-2019,3870.00,,,,,,,,,,,,,,,15.49mm
Jun-03-2019,3852.00,,,,,,,,,,,,,,,15.01mm
Jun-04-2019,3765.00,,,,,,,,,,,,,,,16.67mm
Jun-05-2019,3877.00,,,,,,,,,,,,,,,14.59mm
Jun-06-2019,3858.00,,,,,,,,,,,,,,,11.28mm
Jun-07-2019,3915.00,,,,,,,,,,,,,,,13.55mm
Jun-10-2019,3970.00,,,,,,,,,,,,,,,12.96mm
Jun-11-2019,3937.00,,,,,,,,,,,,,,,10.11mm
Jun-12-2019,3798.00,,,,,,,,,,,,,,,24.38mm
Jun-13-2019,3739.00,,,,,,,,,,,,,,,17.53mm
Jun-14-2019,3757.00,,,,,,,,,,,,,,,11.27mm
Jun-17-2019,3745.00,,,,,,,,,,,,,,,8.99mm
Jun-18-2019,3770.00,,,,,,,,,,,,,,,12.08mm
Jun-19-2019,3785.00,,,,,,,,,,,,,,,11.76mm
Jun-20-2019,3856.00,,,,,,,,,,,,,,,13.46mm
Jun-21-2019,3829.00,,,,,,,,,,,,,,,10.94mm
Jun-24-2019,3815.00,,,,,,,,,,,,,,,9.34mm
Jun-25-2019,3815.00,,,,,,,,,,,,,,,11.18mm
Jun-26-2019,3825.00,,,,,,,,,,,,,,,12.86mm
Jun-27-2019,3938.00,,,,,,,,,,,,,3938,,21.34mm
Jun-28-2019,3949.00,,,,,,,,,,,,,,,14.55mm
Jul-01-2019,4005.00,,,,,,,,,,,,,,,14.21mm
Jul-02-2019,4014.00,,,,,,,,,,,,,,,13.13mm
Jul-03-2019,4062.00,,,,,,,,,,,,,,,15.34mm
Jul-04-2019,4057.00,,,,,,,,,,,,,,,10.35mm
Jul-05-2019,4075.00,,,,,,,,,,,,,,,7.86mm
Jul-08-2019,4051.00,,,,,,,,,,,,,,,10.63mm
Jul-09-2019,4054.00,,,,,,,,,,,,,,,8.96mm
Jul-10-2019,4000.00,,,,,,,,,,,,,,,12.48mm
Jul-11-2019,4166.00,,,,,,,,,,,,,,,28.17mm
Jul-12-2019,4165.00,,,,,,,,,,,,,,,12.88mm
Jul-16-2019,4161.00,,,,,,,,,,,,,,,8.66mm
Jul-17-2019,4135.00,,,,,,,,,,,,,,,10.25mm
Jul-18-2019,4095.00,,,,,,,,,,,,,,,12.25mm
Jul-19-2019,4119.00,,,,,,,,,,,,,,,8.96mm
Jul-22-2019,4021.00,,,,,,,,,,,,,,,13.29mm
Jul-23-2019,3995.00,,,,,,,,,,,,,,,11.75mm
Jul-24-2019,3985.00,,,,,,,,,,,,,,,10.53mm
Jul-25-2019,4018.00,,,,,,,,,,,,,,,9.21mm
Jul-26-2019,4022.00,,,,,,,,,,,,,,,8.49mm
Jul-29-2019,4032.00,,,,,,,,,,,,,,,8.48mm
Jul-30-2019,4059.00,,,,,,,,,,,,,4059,,8.96mm
Jul-31-2019,4010.00,,,,,,,,,,,,,,,25.38mm
Aug-01-2019,4144.00,,,,,,,,,,,,,,,24.02mm
Aug-02-2019,4029.00,,,,,,,,,,,,,,,22.78mm
Aug-05-2019,3933.00,,,,,,,,,,,,,,,15.00mm
Aug-06-2019,3894.00,,,,,,,,,,,,,,,17.92mm
Aug-07-2019,3918.00,,,,,,,,,,,,,,,12.32mm
Aug-08-2019,3932.00,,,,,,,,,,,,,,,10.53mm
Aug-09-2019,3944.00,,,,,,,,,,,,,,,10.90mm
Aug-13-2019,3841.00,,,,,,,,,,,,,,,11.15mm
Aug-14-2019,4007.00,,,,,,,,,,,,,,,17.36mm
Aug-15-2019,3990.00,,,,,,,,,,,,,,,17.14mm
Aug-16-2019,3972.00,,,,,,,,,,,,,,,9.98mm
Aug-19-2019,3996.00,,,,,,,,,,,,,,,8.43mm
Aug-20-2019,4001.00,,,,,,,,,,,,,,,6.49mm
Aug-21-2019,4023.00,,,,,,,,,,,,,,,8.72mm
Aug-22-2019,4018.00,,,,,,,,,,,,,,,9.49mm
Aug-23-2019,4098.00,,,,,,,,,,,,,,,14.01mm
Aug-26-2019,3982.00,,,,,,,,,,,,,,,14.94mm
Aug-27-2019,4025.00,,,,,,,,,,,,,,,11.07mm
Aug-28-2019,4035.00,,,,,,,,,,,,,,,10.30mm
Aug-29-2019,4018.00,,,,,,,,,,,,,4018,,7.02mm
Aug-30-2019,4029.00,,,,,,,,,,,,,,,8.33mm
Sep-02-2019,4038.00,,,,,,,,,,,,,,,10.10mm
Sep-03-2019,4053.00,,,,,,,,,,,,,,,6.65mm
Sep-04-2019,4158.00,,,,,,,,,,,,,,,20.65mm
Sep-05-2019,4096.00,,,,,,,,,,,,,,,21.74mm
Sep-06-2019,4145.00,,,,,,,,,,,,,,,13.55mm
Sep-09-2019,4189.00,,,,,,,,,,,,,,,11.28mm
Sep-10-2019,4166.00,,,,,,,,,,,,,,,9.35mm
Sep-11-2019,4110.00,,,,,,,,,,,,,,,12.87mm
Sep-12-2019,4158.00,,,,,,,,,,,,,,,11.30mm
Sep-13-2019,4160.00,,,,,,,,,,,,,,,11.29mm
Sep-17-2019,4189.00,,,,,,,,,,,,,,,10.19mm
Sep-18-2019,4239.00,,,,,,,,,,,,,,,11.93mm
Sep-19-2019,4246.00,,,,,,,,,,,,,,,11.63mm
Sep-20-2019,4283.00,,,,,,,,,,,,,,,15.05mm
Sep-24-2019,4235.00,,,,,,,,,,,,,,,13.31mm
Sep-25-2019,4052.00,,,,,,,,,,,,,,,27.53mm
Sep-26-2019,4066.00,,,,,,,,,,,,,,,18.91mm
Sep-27-2019,4038.00,,,,,,,,,,4038,,,,,14.21mm
Sep-30-2019,4002.00,,,,,,,,,,,,,,,9.97mm
Oct-01-2019,4092.00,,,,,,,,,,,,,,,15.57mm
Oct-02-2019,4118.00,,,,,,,,,,,,,,,9.68mm
Oct-03-2019,4049.00,,,,,,,,,,,,,,,11.62mm
Oct-04-2019,4097.00,,,,,,,,,,,,,,,11.18mm
Oct-07-2019,4041.00,,,,,,,,,,,,,,,8.87mm
Oct-08-2019,4077.00,,,,,,,,,,,,,,,10.16mm
Oct-09-2019,4089.00,,,,,,,,,,,,,,,9.95mm
Oct-10-2019,4030.00,,,,,,,,,,,,,,,12.00mm
Oct-11-2019,3987.00,,,,,,,,,,,,,,,15.56mm
Oct-15-2019,4015.00,,,,,,,,,,,,,,,8.92mm
Oct-16-2019,4016.00,,,,,,,,,,,,,,,10.06mm
Oct-17-2019,3906.00,,,,,,,,,,,,,,,16.69mm
Oct-18-2019,3861.00,,,,,,,,,,,,,,,14.16mm
Oct-21-2019,3855.00,,,,,,,,,,,,,,,8.08mm
Oct-22-2019,3855.00,,,,,,,,,,,,,,,#N/A
Oct-23-2019,3811.00,,,,,,,,,,,,,,,9.90mm
Oct-24-2019,3787.00,,,,,,,,,,,,,,,9.44mm
Oct-25-2019,3673.00,,,,,,,,,,,,,,,18.91mm
Oct-28-2019,3702.00,,,,,,,,,,,,,,,11.10mm
Oct-29-2019,3779.00,,,,,,,,,,,,,,,16.07mm
Oct-30-2019,3849.00,,,,,,,,,,,,,,,22.68mm
Oct-31-2019,3862.00,,,,3862,,,,,,3862,,,3862,,13.27mm
Nov-01-2019,4150.00,,,,,,,,,,,,,4150,,42.38mm
Nov-05-2019,4273.00,,,,,,,,,,,,,,,27.36mm
Nov-06-2019,4221.00,,,,,,,,,,,,,,,18.61mm
Nov-07-2019,4200.00,,,,,,,,,,,,,,,12.43mm
Nov-08-2019,4196.00,,,,,,,,,,,,,,,10.21mm
Nov-11-2019,4196.00,,,,,,,,,,,,,,,10.46mm
Nov-12-2019,4239.00,,,,,,,,,,,,,,,10.15mm
Nov-13-2019,4204.00,,,,,,,,,,,,,,,10.57mm
Nov-14-2019,4179.00,,,,,,,,,,,,,,,9.38mm
Nov-15-2019,4128.00,,,,,,,,,,,,,,,9.84mm
Nov-18-2019,4207.00,,,,,,,,,,,,,,,12.73mm
Nov-19-2019,4233.00,,,,,,,,,,,,,,,9.58mm
Nov-20-2019,4297.00,,,,,,,,,,,,,,,21.03mm
Nov-21-2019,4300.00,,,,,,,,,,,,,,,17.75mm
Nov-22-2019,4149.00,,,,,,,,,,,,,,,21.08mm
Nov-25-2019,4229.00,,,,,,,,,,,,,,,13.78mm
Nov-26-2019,4258.00,,,,,,,,,,,,,,,12.64mm
Nov-27-2019,4253.00,,,,,,,,,,,,,,,8.73mm
Nov-28-2019,4258.00,,,,,,,,,,,,,,,6.64mm
Nov-29-2019,4235.00,,,,,,,,,,,,,,,5.38mm
Dec-02-2019,4324.00,,,,,,,,,,,,,,,16.13mm
Dec-03-2019,4439.00,,,,,,,,,,,,,,,22.85mm
Dec-04-2019,4383.00,,,,,,,,,,,,,,,25.19mm
Dec-05-2019,4368.00,,,,,,,,,,,,,,,15.02mm
Dec-06-2019,4376.00,,,,,,,,,,,,,,,11.91mm
Dec-09-2019,4508.00,,,,,,,,,,,,,,,21.22mm
Dec-10-2019,4637.00,,,,,,,,,,,,,,,32.82mm
Dec-11-2019,4574.00,,,,,,,,,,,,,,,18.08mm
Dec-12-2019,4487.00,,,,,,,,,,,,,,,19.52mm
Dec-13-2019,4493.00,,,,,,,,,,,,,,,17.65mm
Dec-16-2019,4546.00,,,,,,,,,,,,,,,15.92mm
Dec-17-2019,4552.00,,,,,,,,,,,,,,,10.83mm
Dec-18-2019,4450.00,,,,,,,,,,,,,,,14.00mm
Dec-19-2019,4372.00,,,,,,,,,,,,,,,13.09mm
Dec-20-2019,4320.00,,,,,,,,,,,,,,,15.32mm
Dec-23-2019,4326.00,,,,,,,,,,,,,,,7.96mm
Dec-24-2019,4326.00,,,,,,,,,,,,,,,6.38mm
Dec-25-2019,4337.00,,,,,,,,,,,,,,,4.75mm
Dec-26-2019,4355.00,,,,,,,,,,,,,,,6.47mm
Dec-27-2019,4381.00,,,,,,,,,,,,,,,6.38mm
Dec-30-2019,4397.00,,,,,,,,,,,,,,,6.21mm
Jan-06-2020,4274.00,,,,,,,,,,,,,,,11.55mm
Jan-07-2020,4294.00,,,,,,,,,,,,,,,11.68mm
Jan-08-2020,4264.00,,,,,,,,,,,,,,,14.84mm
Jan-09-2020,4338.00,,,,,,,,,,,,,,,10.31mm
Jan-10-2020,4344.00,,,,,,,,,,,,,,,8.26mm
Jan-14-2020,4320.00,,,,,,,,,,,,,,,12.04mm
Jan-15-2020,4307.00,,,,,,,,,,,,,,,7.56mm
Jan-16-2020,4296.00,,,,,,,,,,,,,,,6.99mm
Jan-17-2020,4299.00,,,,,,,,,,,,,,,7.64mm
Jan-20-2020,4299.00,,,,,,,,,,,,,,,8.18mm
Jan-21-2020,4311.00,,,,,,,,,,,,,,,5.63mm
Jan-22-2020,4332.00,,,,,,,,,,,,,,,7.02mm
Jan-23-2020,4353.00,,,,,,,,,,,,,,,8.64mm
Jan-24-2020,4370.00,,,,,,,,,,,,,,,8.41mm
Jan-27-2020,4240.00,,,,,,,,,,,,,,,9.72mm
Jan-28-2020,4260.00,,,,,,,,,,,,,,,9.76mm
Jan-29-2020,4272.00,,,,,,,,,,,,,,,8.15mm
Jan-30-2020,4227.00,,,,4227,,,,,,4227,,,4227,,11.50mm
Jan-31-2020,4077.00,,,,,,,,,,,,,4077,,25.78mm
Feb-03-2020,4004.00,,,,,,,,,,,,,,,26.07mm
Feb-04-2020,4010.00,,,,,,,,,,,,,,,12.97mm
Feb-05-2020,4043.00,,,,,,,,,,,,,,,9.27mm
Feb-06-2020,4090.00,,,,,,,,,,,,,,,13.31mm
Feb-07-2020,4050.00,,,,,,,,,,,,,,,11.87mm
Feb-10-2020,4065.00,,,,,,,,,,,,,,,9.00mm
Feb-12-2020,4056.00,,,,,,,,,,,,,,,7.61mm
Feb-13-2020,4019.00,,,,,,,,,,,,,,,8.79mm
Feb-14-2020,3984.00,,,,,,,,,,,,,,,9.34mm
Feb-17-2020,4000.00,,,,,,,,,,,,,,,9.28mm
Feb-18-2020,3979.00,,,,,,,,,,,,,,,6.94mm
Feb-19-2020,4005.00,,,,,,,,,,,,,,,9.19mm
Feb-20-2020,4010.00,,,,,,,,,,,,,,,7.38mm
Feb-21-2020,3995.00,,,,,,,,,,,,,,,9.16mm
Feb-25-2020,3923.00,,,,,,,,,,,,,,,13.01mm
Feb-26-2020,3896.00,,,,,,,,,,,,,,,11.20mm
Feb-27-2020,3819.00,,,,,,,,,,,,,,,11.11mm
Feb-28-2020,3627.00,,,,,,,,,,,,,,,23.00mm
Mar-02-2020,3709.00,,,,,,,,,,,,,,,21.48mm
Mar-03-2020,3680.00,,,,,,,,,,,,,,,18.61mm
Mar-04-2020,3725.00,,,,,,,,,,,,,,,10.88mm
Mar-05-2020,3792.00,,,,,,,,,,,,,,,12.32mm
Mar-06-2020,3741.00,,,,,,,,,,,,,,,12.74mm
Mar-09-2020,3593.00,,,,,,,,,,,,,,,20.33mm
Mar-10-2020,3619.00,,,,,,,,,,,,,,,22.55mm
Mar-11-2020,3547.00,,,,,,,,,,,,,,,15.06mm
Mar-12-2020,3482.00,,,,,,,,,,,,,,,21.18mm
Mar-13-2020,3322.00,,,,,,,,,,,,,,,31.91mm
Mar-16-2020,3295.00,,,,,,,,,,,,,,,21.58mm
Mar-17-2020,3488.00,,,,,,,,,,,,,,,31.91mm
Mar-18-2020,3551.00,,,,,,,,,,,,,,,18.54mm
Mar-19-2020,3723.00,,,,,,,,,,,,,,,24.65mm
Mar-23-2020,3781.00,,,,,,,,,,,,,,,19.11mm
Mar-24-2020,3861.00,,,,,,,,,,,,,,,15.14mm
Mar-25-2020,3964.00,,,,,,,,,,,,,,,15.11mm
Mar-26-2020,3973.00,,,,,,,,,,,,,,,14.08mm
Mar-27-2020,4040.00,,,,,,,,,,,,,,,16.20mm
Mar-30-2020,4093.00,,,,,,,,,,4093,,,,,14.80mm
Mar-31-2020,4161.00,,,,,,,,,,,,,,,19.26mm
Apr-01-2020,4195.00,,,,,,,,,,,,,,,19.18mm
Apr-02-2020,4133.00,,,,,,,,,,,,,,,16.76mm
Apr-03-2020,4188.00,,,,,,,,,,,,,,,12.45mm
Apr-06-2020,4292.00,,,,,,,,,,,,,,,15.37mm
Apr-07-2020,4319.00,,,,,,,,,,,,,,,17.29mm
Apr-08-2020,4359.00,,,,,,,,,,,,,,,16.90mm
Apr-09-2020,4373.00,,,,,,,,,,,,,,,12.38mm
Apr-10-2020,4437.00,,,,,,,,,,,,,,,12.91mm
Apr-13-2020,4431.00,,,,,,,,,,,,,,,8.19mm
Apr-14-2020,4548.00,,,,,,,,,,,,,,,14.18mm
Apr-15-2020,4673.00,,,,,,,,,,,,,,,17.54mm
Apr-16-2020,4700.00,,,,,,,,,,,,,,,13.86mm
Apr-17-2020,4683.00,,,,,,,,,,,,,,,17.12mm
Apr-20-2020,4593.00,,,,,,,,,,,,,,,11.64mm
Apr-21-2020,4603.00,,,,,,,,,,,,,,,12.30mm
Apr-22-2020,4698.00,,,,,,,,,,,,,,,15.97mm
Apr-23-2020,4666.00,,,,,,,,,,,,,,,10.24mm
Apr-24-2020,4690.00,,,,,,,,,,,,,,,8.33mm
Apr-27-2020,4684.00,,,,,,,,,,,,,,,8.02mm
Apr-28-2020,4622.00,,,,,,,,,,,,,,,9.25mm
Apr-30-2020,4465.00,,,,,,,,,,,,,,,17.76mm
May-01-2020,4465.00,,,,,,,,,,,,,,,10.33mm
May-07-2020,4610.00,,,,,,,,,,,,,4610,,15.08mm
May-08-2020,4430.00,,,,,,,,,,,,,4430,,24.84mm
May-11-2020,4364.00,,,,,,,,,,,,,,,14.32mm
May-12-2020,4485.00,,,,,,,,,,,,,,,13.04mm
May-13-2020,4500.00,,,,,,,,,,,,,,,8.23mm
May-14-2020,4477.00,,,,,,,,,,,,,,,8.19mm
May-15-2020,4501.00,,,,,,,,,,,,,,,7.97mm
May-18-2020,4455.00,,,,,,,,,,,,,,,7.23mm
May-19-2020,4398.00,,,,,,,,,,,,,,,11.18mm
May-20-2020,4421.00,,,,,,,,,,,,,,,8.94mm
May-21-2020,4506.00,,,,,,,,,,,,,,,9.87mm
May-22-2020,4488.00,,,,,,,,,,,,,,,6.28mm
May-25-2020,4460.00,,,,,,,,,,,,,,,5.98mm
May-26-2020,4460.00,,,,,,,,,,,,,,,6.49mm
May-27-2020,4410.00,,,,,,,,,,,,,,,8.80mm
May-28-2020,4386.00,,,,,,,,,,,,,,,10.09mm
May-29-2020,4354.00,,,,,,,,,,,,,,,13.50mm
Jun-01-2020,4446.00,,,,,,,,,,,,,,,11.30mm
Jun-02-2020,4407.00,,,,,,,,,,,,,,,7.87mm
Jun-03-2020,4463.00,,,,,,,,,,,,,,,11.35mm
Jun-04-2020,4524.00,,,,,,,,,,,,,,,11.18mm
Jun-05-2020,4585.00,,,,,,,,,,,,,,,9.99mm
Jun-08-2020,4507.00,,,,,,,,,,,,,,,10.41mm
Jun-09-2020,4520.00,,,,,,,,,,,,,,,5.95mm
Jun-10-2020,4534.00,,,,,,,,,,,,,,,5.76mm
Jun-11-2020,4703.00,,,,,,,,,,,,,,,22.29mm
Jun-12-2020,4764.00,,,,,,,,,,,,,,,17.44mm
Jun-15-2020,4697.00,,,,,,,,,,,,,,,12.09mm
Jun-16-2020,4759.00,,,,,,,,,,,,,,,9.74mm
Jun-17-2020,4874.00,,,,,,,,,,,,,,,13.77mm
Jun-18-2020,5011.00,,,,,,,,,,,,,,,17.52mm
Jun-19-2020,5052.00,,,,,,,,,,,,,,,13.19mm
Jun-22-2020,5015.00,,,,,,,,,,,,,,,7.14mm
Jun-23-2020,4920.00,,,,,,,,,,,,,,,11.66mm
Jun-24-2020,4939.00,,,,,,,,,,,,,,,9.11mm
Jun-25-2020,4827.00,,,,,,,,,,,,,,,9.53mm
Jun-26-2020,4850.00,,,,,,,,,,,,,4850,,7.03mm
Jun-29-2020,4804.00,,,,,,,,,,,,,,,6.12mm
Jun-30-2020,4801.00,,,,,,,,,,,,,,,6.90mm
Jul-01-2020,4779.00,,,,,,,,,,,,,,,5.91mm
Jul-02-2020,4829.00,,,,,,,,,,,,,,,10.11mm
Jul-03-2020,5002.00,,,,,,,,,,,,,,,14.07mm
Jul-06-2020,5043.00,,,,,,,,,,,,,,,9.09mm
Jul-07-2020,5156.00,,,,,,,,,,,,,,,12.22mm
Jul-08-2020,4963.00,,,,,,,,,,,,,,,14.13mm
Jul-09-2020,4965.00,,,,,,,,,,,,,,,9.92mm
Jul-10-2020,4868.00,,,,,,,,,,,,,,,8.99mm
Jul-13-2020,4880.00,,,,,,,,,,,,,,,7.80mm
Jul-14-2020,4810.00,,,,,,,,,,,,,,,8.94mm
Jul-15-2020,4871.00,,,,,,,,,,,,,,,8.68mm
Jul-16-2020,4775.00,,,,,,,,,,,,,,,9.87mm
Jul-17-2020,4765.00,,,,,,,,,,,,,,,6.56mm
Jul-20-2020,4702.00,,,,,,,,,,,,,,,8.88mm
Jul-21-2020,4787.00,,,,,,,,,,,,,,,11.85mm
Jul-22-2020,4768.00,,,,,,,,,,,,,,,8.43mm
Jul-27-2020,4750.00,,,,,,,,,,,,,,,7.82mm
Jul-28-2020,4729.00,,,,,,,,,,,,,,,6.78mm
Jul-29-2020,4727.00,,,,,,,,,,,,,,,6.54mm
Jul-30-2020,4730.00,,,,,,,,,,,,,,,5.92mm
Jul-31-2020,4644.00,,,,,,,,,,,,,,,9.07mm
Aug-03-2020,4697.00,,,,,,,,,,,,,,,9.12mm
Aug-04-2020,4759.00,,,,,,,,,,,,,,,14.68mm
Aug-05-2020,4910.00,,,,,,,,,,,,,,,13.65mm
Aug-06-2020,4919.00,,,,4919,,,,,,4919,,,4919,,11.13mm
Aug-07-2020,5046.00,,,,,,,,,,,,,,,26.63mm
Aug-11-2020,5004.00,,,,,,,,,,,,,,,13.62mm
Aug-12-2020,5046.00,,,,,,,,,,,,,,,8.22mm
Aug-13-2020,5120.00,,,,,,,,,,,,,,,10.69mm
Aug-14-2020,5132.00,,,,,,,,,,,,,,,6.88mm
Aug-17-2020,5155.00,,,,,,,,,,,,,,,8.88mm
Aug-18-2020,5283.00,,,,,,,,,,,,,,,13.87mm
Aug-19-2020,5338.00,,,,,,,,,,,,,,,10.00mm
Aug-20-2020,5330.00,,,,,,,,,,,,,,,8.85mm
Aug-21-2020,5470.00,,,,,,,,,,,,,,,15.28mm
Aug-24-2020,5732.00,,,,,,,,,,,,,,,21.46mm
Aug-25-2020,5603.00,,,,,,,,,,,,,,,19.80mm
Aug-26-2020,5753.00,,,,,,,,,,,,,,,18.96mm
Aug-27-2020,5725.00,,,,,,,,,,,,,,,10.45mm
Aug-28-2020,5639.00,,,,,,,,,,,,,,,17.53mm
Aug-31-2020,5674.00,,,,,,,,,,,,,,,11.71mm
Sep-01-2020,5859.00,,,,,,,,,,,,,,,17.75mm
Sep-02-2020,5955.00,,,,,,,,,,,,,,,18.84mm
Sep-03-2020,6052.00,,,,,,,,,,,,,,,25.74mm
Sep-04-2020,5980.00,,,,,,,,,,,,,,,16.10mm
Sep-07-2020,5895.00,,,,,,,,,,,,,,,11.57mm
Sep-08-2020,5703.00,,,,,,,,,,,,,,,17.47mm
Sep-09-2020,5788.00,,,,,,,,,,,,,,,17.15mm
Sep-10-2020,5903.00,,,,,,,,,,,,,,,13.22mm
Sep-11-2020,5923.00,,,,,,,,,,,,,,,11.15mm
Sep-14-2020,5925.00,,,,,,,,,,,,,,,6.42mm
Sep-15-2020,5973.00,,,,,,,,,,,,,,,8.78mm
Sep-16-2020,5983.00,,,,,,,,,,,,,,,7.57mm
Sep-17-2020,5898.00,,,,,,,,,,,,,,,9.53mm
Sep-18-2020,5970.00,,,,,,,,,,,,,,,8.83mm
Sep-23-2020,6042.00,,,,,,,,,,,,,,,11.44mm
Sep-24-2020,5922.00,,,,,,,,,,,,,,,9.68mm
Sep-25-2020,5902.00,,,,,,,,,,,,,,,7.83mm
Sep-28-2020,6010.00,,,,,,,,,,,,,,,10.70mm
Sep-29-2020,6092.00,,,,,,,,,,6092,,,,,11.11mm
Sep-30-2020,5966.00,,,,,,,,,,,,,,,9.57mm
Oct-02-2020,5820.00,,,,,,,,,,,,,,,13.45mm
Oct-05-2020,5692.00,,,,,,,,,,,,,,,12.51mm
Oct-06-2020,5735.00,,,,,,,,,,,,,,,9.66mm
Oct-07-2020,5786.00,,,,,,,,,,,,,,,6.87mm
Oct-08-2020,5833.00,,,,,,,,,,,,,,,6.92mm
Oct-09-2020,5813.00,,,,,,,,,,,,,,,5.62mm
Oct-12-2020,5873.00,,,,,,,,,,,,,,,5.83mm
Oct-13-2020,5939.00,,,,,,,,,,,,,,,5.99mm
Oct-14-2020,5912.00,,,,,,,,,,,,,,,5.90mm
Oct-15-2020,5858.00,,,,,,,,,,,,,,,6.27mm
Oct-16-2020,5792.00,,,,,,,,,,,,,,,5.87mm
Oct-19-2020,5824.00,,,,,,,,,,,,,,,4.20mm
Oct-20-2020,5722.00,,,,,,,,,,,,,,,7.66mm
Oct-21-2020,5625.00,,,,,,,,,,,,,,,8.96mm
Oct-22-2020,5585.00,,,,,,,,,,,,,,,8.97mm
Oct-23-2020,5503.00,,,,,,,,,,,,,,,10.59mm
Oct-26-2020,5509.00,,,,,,,,,,,,,,,5.69mm
Oct-27-2020,5703.00,,,,,,,,,,,,,,,9.75mm
Oct-28-2020,5747.00,,,,,,,,,,,,,,,11.48mm
Oct-29-2020,5810.00,,,,,,,,,,,,,,,8.24mm
Oct-30-2020,5698.00,,,,,,,,,,,,,,,9.85mm
Nov-02-2020,5759.00,,,,,,,,,,,,,,,8.37mm
Nov-04-2020,5668.00,,,,,,,,,,,,,,,12.93mm
Nov-05-2020,5791.00,,,,5791,,,,,,5791,,,5791,,12.79mm
Nov-06-2020,5781.00,,,,,,,,,,,,,,,23.82mm
Nov-09-2020,5655.00,,,,,,,,,,,,,,,16.42mm
Nov-10-2020,5401.00,,,,,,,,,,,,,,,25.03mm
Nov-11-2020,5168.00,,,,,,,,,,,,,,,24.50mm
Nov-12-2020,5390.00,,,,,,,,,,,,,,,16.46mm
Nov-13-2020,5448.00,,,,,,,,,,,,,,,12.15mm
Nov-16-2020,5344.00,,,,,,,,,,,,,,,10.81mm
Nov-17-2020,5319.00,,,,,,,,,,,,,,,13.49mm
Nov-18-2020,5324.00,,,,,,,,,,,,,,,10.17mm
Nov-19-2020,5442.00,,,,,,,,,,,,,,,11.89mm
Nov-20-2020,5455.00,,,,,,,,,,,,,,,10.15mm
Nov-24-2020,5499.00,,,,,,,,,,,,,5499,,11.98mm
Nov-25-2020,5516.00,,,,,,,,,,,,,,,12.41mm
Nov-26-2020,5771.00,,,,,,,,,,,,,,,18.44mm
Nov-27-2020,5819.00,,,,,,,,,,,,,,,15.16mm
Nov-30-2020,5926.00,,,,,,,,,,,,,,,16.29mm
Dec-01-2020,5737.00,,,,,,,,,,,,,,,15.97mm
Dec-02-2020,5701.00,,,,,,,,,,,,,,,10.69mm
Dec-03-2020,5625.00,,,,,,,,,,,,,,,10.24mm
Dec-04-2020,5693.00,,,,,,,,,,,,,,,8.81mm
Dec-07-2020,5777.00,,,,,,,,,,,,,5777,,11.09mm
Dec-08-2020,5839.00,,,,,,,,,,,,,,,10.59mm
Dec-09-2020,5895.00,,,,,,,,,,,,,,,10.44mm
Dec-10-2020,5901.00,,,,,,,,,,,,,,,10.88mm
Dec-11-2020,6034.00,,,,,,,,,,,,,,,20.54mm
Dec-14-2020,6223.00,,,,,,,,,,,,,,,19.35mm
Dec-15-2020,6162.00,,,,,,,,,,,,,,,20.10mm
Dec-16-2020,6341.00,,,,,,,,,,,,,,,21.98mm
Dec-17-2020,6760.00,,,,,,,,,,,,,,,43.13mm
Dec-18-2020,6672.00,,,,,,,,,,,,,,,22.60mm
Dec-21-2020,6525.00,,,,,,,,,,,,,,,12.73mm
Dec-22-2020,6440.00,,,,,,,,,,,,,,,13.63mm
Dec-23-2020,6448.00,,,,,,,,,,,,,,,9.15mm
Dec-24-2020,6473.00,,,,,,,,,,,,,,,6.06mm
Dec-25-2020,6467.00,,,,,,,,,,,,,,,5.20mm
Dec-28-2020,6588.00,,,,,,,,,,,,,,,11.89mm
Dec-29-2020,6586.00,,,,,,,,,,,,,,,8.99mm
Dec-30-2020,6583.00,,,,,,,,,,,,,,,7.85mm
Jan-04-2021,6555.00,,,,,,,,,,,,,,,7.79mm
Jan-05-2021,6609.00,,,6609,,,,,,,,,,,,8.74mm
Jan-06-2021,6478.00,,,,,,,,,,,,,,,15.34mm
Jan-07-2021,6475.00,,,,,,,,,,,,,,,8.89mm
Jan-08-2021,6537.00,,,,,,,,,,,,,,,12.22mm
Jan-12-2021,6655.00,,,,,,,,,,,,,,,10.82mm
Jan-13-2021,6579.00,,,,,,,,,,,,,,,10.67mm
Jan-14-2021,6581.00,,,,,,,,,,,,,,,9.20mm
Jan-15-2021,6569.00,,,,,,,,,,,,,,,8.38mm
Jan-18-2021,6554.00,,,,,,,,,,,,,,,9.63mm
Jan-19-2021,6586.00,,,,,,,,,,,,,,,6.87mm
Jan-20-2021,6472.00,,,,,,,,,,,,,,,9.72mm
Jan-21-2021,6276.00,,,,,,,,,,,,,,,15.27mm
Jan-22-2021,6392.00,,,,,,,,,,,,,,,13.58mm
Jan-25-2021,6268.00,,,,,,,,,,,,,,,12.03mm
Jan-26-2021,6220.00,,,,,,,,,,,,,,,9.02mm
Jan-27-2021,6261.00,,,,,,,,,,,,,,,7.28mm
Jan-28-2021,6166.00,,,,,,,,,,,,,,,15.35mm
Jan-29-2021,6058.00,,,,,,,,,,,,,,,10.19mm
Feb-01-2021,6264.00,,,,,,,,,,,,,6264,,9.96mm
Feb-02-2021,6240.00,,,,,,,,,,,,,,,21.01mm
Feb-03-2021,6250.00,,,,,,,,,,,,,,,9.85mm
Feb-04-2021,6158.00,,,,,,,,,,,,,,,7.31mm
Feb-05-2021,6338.00,,,,,,,,,,,,,,,10.91mm
Feb-08-2021,6345.00,,,,,,,,,,,,,,,8.77mm
Feb-09-2021,6225.00,,,,,,,,,,,,,,,10.39mm
Feb-10-2021,6435.00,,,,,,,,,,,,,,,16.03mm
Feb-12-2021,6634.00,,,,,,,,,,,,,,,20.42mm
Feb-15-2021,6660.00,,,,,,,,,,,,,,,10.09mm
Feb-16-2021,6834.00,,,,,,,,,,,,,,,17.74mm
Feb-17-2021,6861.00,,,,,,,,,,,,,,,10.83mm
Feb-18-2021,6860.00,,,,,,,,,,,,,,,11.71mm
Feb-19-2021,6830.00,,,,,,,,,,,,,,,9.61mm
Feb-22-2021,6803.00,,,,,,,,,,,,,,,9.07mm
Feb-24-2021,6644.00,,,,,,,,,,,,,,,13.36mm
Feb-25-2021,6836.00,,,,,,,,,,,,,,,12.36mm
Feb-26-2021,6475.00,,,,,,,,,,,,,,,16.89mm
Mar-01-2021,6527.00,,,,,,,,,,,,,,,7.16mm
Mar-02-2021,6452.00,,,,,,,,,,,,,6452,,8.15mm
Mar-03-2021,6340.00,,,,,,,,,,,,,,,8.19mm
Mar-04-2021,6112.00,,,,,,,,,,,,,,,10.70mm
Mar-05-2021,6203.00,,,,,,,,,,,,,,,11.11mm
Mar-08-2021,5974.00,,,,,,,,,,,,,,,11.31mm
Mar-09-2021,5883.00,,,,,,,,,,,,,,,14.91mm
Mar-10-2021,5900.00,,,,,,,,,,,,,,,9.44mm
Mar-11-2021,5974.00,,,,,,,,,,,,,,,7.66mm
Mar-12-2021,6065.00,,,,,,,,,,,,,,,9.03mm
Mar-15-2021,6162.00,,,,,,,,,,,,,,,8.79mm
Mar-16-2021,6364.00,,,,,,,,,,,,,,,12.95mm
Mar-17-2021,6350.00,,,,,,,,,,,,,,,9.13mm
Mar-18-2021,6336.00,,,,,,,,,,,,,,,8.11mm
Mar-19-2021,6253.00,,,,,,,,,,,,,,,11.67mm
Mar-22-2021,6298.00,,,,,,,,,,,,,,,7.74mm
Mar-23-2021,6398.00,,,,,,,,,,,,,,,9.91mm
Mar-24-2021,6314.00,,,,,,,,,,,,,,,9.25mm
Mar-25-2021,6231.00,,,,,,,,,,,,,,,8.37mm
Mar-26-2021,6425.00,,,,,,,,,,,,,,,10.09mm
Mar-29-2021,6465.00,,,,,,,,,,,,,,,10.23mm
Mar-30-2021,6355.00,,,,,,,,,,6355,,,,,7.23mm
Mar-31-2021,6181.00,,,,,,,,,,,,,,,8.64mm
Apr-01-2021,6292.00,,,,,,,,,,,,,,,8.75mm
Apr-02-2021,6294.00,,,,,,,,,,,,,,,5.52mm
Apr-05-2021,6334.00,,,,,,,,,,,,,,,5.28mm
Apr-06-2021,6371.00,,,,,,,,,,,,,,,8.55mm
Apr-07-2021,6380.00,,,,,,,,,,,,,,,7.59mm
Apr-08-2021,6476.00,,,,,,,,,,,,,,,10.28mm
Apr-09-2021,6485.00,,,,,,,,,,,,,,,7.10mm
Apr-12-2021,6467.00,,,,,,,,,,,,,,,6.23mm
Apr-13-2021,6542.00,,,,,,,,,,,,,,,8.70mm
Apr-14-2021,6590.00,,,,,,,,,,,,,,,7.39mm
Apr-15-2021,6485.00,,,,,,,,,,,,,,,8.83mm
Apr-16-2021,6505.00,,,,,,,,,,,,,,,6.35mm
Apr-19-2021,6410.00,,,,,,,,,,,,,,,7.72mm
Apr-20-2021,6307.00,,,,,,,,,,,,,,,5.80mm
Apr-21-2021,6262.00,,,,,,,,,,,,,,,5.95mm
Apr-22-2021,6246.00,,,,,,,,,,,,,,,7.02mm
Apr-23-2021,6242.00,,,,,,,,,,,,,,,5.37mm
Apr-26-2021,6145.00,,,,,,,,,,,,,,,6.55mm
Apr-27-2021,6100.00,,,,,,,,,,,,,,,6.67mm
Apr-28-2021,6225.00,,,,,,,,,,,,,,,7.66mm
Apr-30-2021,6269.00,,,,,,,,,,,,,,,8.57mm
May-06-2021,6161.00,,,,6161,,,,,,6161,,,6161,,11.43mm
May-07-2021,6041.00,,,,,,,,,,,,,,,16.60mm
May-10-2021,6222.00,,,,,,,,,,,,,,,11.60mm
May-11-2021,6248.00,,,,,,,,,,,,,,,11.09mm
May-12-2021,6171.00,,,,,,,,,,,,,,,7.90mm
May-13-2021,6012.00,,,,,,,,,,,,,,,7.84mm
May-14-2021,6128.00,,,,,,,,,,,,,,,7.69mm
May-17-2021,6271.00,,,,,,,,,,,,,,,7.86mm
May-18-2021,6183.00,,,,,,,,,,,,,,,9.43mm
May-19-2021,6259.00,,,,,,,,,,,,,,,7.02mm
May-20-2021,6268.00,,,,,,,,,,,,,,,5.86mm
May-21-2021,6472.00,,,,,,,,,,,,,,,13.77mm
May-24-2021,6500.00,,,,,,,,,,,,,,,10.06mm
May-25-2021,6675.00,,,,,,,,,,,,,,,13.71mm
May-26-2021,6749.00,,,,,,,,,,,,,,,12.34mm
May-27-2021,6709.00,,,,,,,,,,,,,,,26.10mm
May-28-2021,6797.00,,,,,,,,,,,,,,,11.46mm
May-31-2021,6770.00,,,,,,,,,,,,,,,7.34mm
Jun-01-2021,6676.00,,,,,,,,,,,,,,,6.38mm
Jun-02-2021,6716.00,,,,,,,,,,,,,,,7.59mm
Jun-03-2021,6772.00,,,,,,,,,,,,,,,7.26mm
Jun-04-2021,6776.00,,,,,,,,,,,,,,,4.73mm
Jun-07-2021,6858.00,,,,,,,,,,,,,,,6.97mm
Jun-08-2021,6854.00,,,,,,,,,,,,,,,4.83mm
Jun-09-2021,6746.00,,,,,,,,,,,,,,,6.28mm
Jun-10-2021,6709.00,,,,,,,,,,,,,,,5.11mm
Jun-11-2021,6715.00,,,,,,,,,,,,,,,6.16mm
Jun-14-2021,6508.00,,,,,,,,,,,,,,,12.97mm
Jun-15-2021,6507.00,,,,,,,,,,,,,,,8.01mm
Jun-16-2021,6325.00,,,,,,,,,,,,,,,23.81mm
Jun-17-2021,6400.00,,,,,,,,,,,,,,,8.45mm
Jun-18-2021,6530.00,,,,,,,,,,,,,,,10.54mm
Jun-21-2021,6473.00,,,,,,,,,,,,,,,7.65mm
Jun-22-2021,6519.00,,,,,,,,,,,,,,,6.14mm
Jun-23-2021,6408.00,,,,,,,,,,,,,,,10.26mm
Jun-24-2021,6441.00,,,,,,,,,,,,,,,4.72mm
Jun-25-2021,6407.00,,,,,,,,,,,,,,,5.77mm
Jun-28-2021,6449.00,,,,,,,,,,,,,,,5.09mm
Jun-29-2021,6460.00,,,,,,,,,,,,,6460,,5.73mm
Jun-30-2021,6462.00,,,,,,,,,,,,,,,5.20mm
Jul-01-2021,6451.00,,,,,,,,,,,,,,,5.02mm
Jul-02-2021,6515.00,,,,,,,,,,,,,,,5.32mm
Jul-05-2021,6515.00,,,,,,,,,,,,,,,5.37mm
Jul-06-2021,6676.00,,,,,,,,,,,,,,,9.13mm
Jul-07-2021,6670.00,,,,,,,,,,,,,,,9.99mm
Jul-08-2021,6316.00,,,,,,,,,,,,,,,16.97mm
Jul-09-2021,6329.00,,,,,,,,,,,,,,,14.10mm
Jul-12-2021,6372.00,,,,,,,,,,,,,,,6.72mm
Jul-13-2021,6334.00,,,,,,,,,,,,,,,7.98mm
Jul-14-2021,6343.00,,,,,,,,,,,,,,,8.65mm
Jul-15-2021,6328.00,,,,,,,,,,,,,,,5.36mm
Jul-16-2021,6250.00,,,,,,,,,,,,,,,6.32mm
Jul-19-2021,6129.00,,,,,,,,,,,,,,,9.44mm
Jul-20-2021,5997.00,,,,,,,,,,,,,,,13.04mm
Jul-21-2021,5982.00,,,,,,,,,,,,,,,10.71mm
Jul-26-2021,6012.00,,,,,,,,,,,,,,,7.91mm
Jul-27-2021,6043.00,,,,,,,,,,,,,,,5.03mm
Jul-28-2021,5918.00,,,,,,,,,,,,,,,7.51mm
Jul-29-2021,5871.00,,,,,,,,,,,,,,,6.83mm
Jul-30-2021,5640.00,,,,,,,,,,,,,,,11.30mm
Aug-02-2021,5738.00,,,,,,,,,,,,,,,5.71mm
Aug-03-2021,5673.00,,,,,,,,,,,,,,,6.71mm
Aug-04-2021,5552.00,,,,,,,,,,,,,,,8.44mm
Aug-05-2021,5649.00,,,5649,5649,,,,,,5649,,,5649,,6.48mm
Aug-06-2021,5241.00,,,,,,,,,,,,,,,31.59mm
Aug-10-2021,5081.00,,,,,,,,,,,,,,,20.68mm
Aug-11-2021,5264.00,,,,,,,,,,,,,,,16.10mm
Aug-12-2021,5236.00,,,,,,,,,,,,,,,10.98mm
Aug-13-2021,5244.00,,,,,,,,,,,,,,,8.96mm
Aug-16-2021,5194.00,,,,,,,,,,,,,,,6.93mm
Aug-17-2021,5208.00,,,,,,,,,,,,,,,6.10mm
Aug-18-2021,5227.00,,,,,,,,,,,,,,,6.37mm
Aug-19-2021,5159.00,,,,,,,,,,,,,,,5.83mm
Aug-20-2021,5241.00,,,,,,,,,,,,,,,8.75mm
Aug-23-2021,5256.00,,,,,,,,,,,,,,,10.25mm
Aug-24-2021,5325.00,,,,,,,,,,,,,,,8.93mm
Aug-25-2021,5329.00,,,,,,,,,,,,,,,7.62mm
Aug-26-2021,5255.00,,,,,,,,,,,,,,,8.74mm
Aug-27-2021,5177.00,,,,,,,,,,,,,,,10.30mm
Aug-30-2021,5249.00,,,,,,,,,,,,,,,8.43mm
Aug-31-2021,5290.00,,,,,,,,,,,,,,,8.11mm
Sep-01-2021,5372.00,,,,,,,,,,,,,,,7.86mm
Sep-02-2021,5469.00,,,,,,,,,,,,,,,8.79mm
Sep-03-2021,5432.00,,,,,,,,,,,,,,,10.64mm
Sep-06-2021,5514.00,,,,,,,,,,,,,,,8.05mm
Sep-07-2021,5568.00,,,,,,,,,,,,,,,15.14mm
Sep-08-2021,5465.00,,,,,,,,,,,,,,,12.45mm
Sep-09-2021,5434.00,,,,,,,,,,,,,,,8.58mm
Sep-10-2021,5527.00,,,,,,,,,,,,,,,9.14mm
Sep-13-2021,5527.00,,,,,,,,,,,,,,,6.60mm
Sep-14-2021,5421.00,,,5421,,,,,,,,,,,,10.41mm
Sep-15-2021,5389.00,,,,,,,,,,,5389,,,,7.04mm
Sep-16-2021,5250.00,,,,,,,,,,,,,,,9.40mm
Sep-17-2021,5347.00,,,,,,,,,,,,,,,11.93mm
Sep-21-2021,5266.00,,,,,,,,,,,,,,,6.52mm
Sep-22-2021,5324.00,,,,,,,,,,,,,,,8.26mm
Sep-24-2021,5380.00,,,,,,,,,,,,,,,8.01mm
Sep-27-2021,5418.00,,,,,,,,,,,,,,,7.28mm
Sep-28-2021,5343.00,,,,,,,,,,,,,,,8.93mm
Sep-29-2021,5323.00,,,,,,,,,,5323,,,,,9.34mm
Sep-30-2021,5431.00,,,,,,,,,,,,,,,29.54mm
Oct-01-2021,4957.00,,,,,,,,4957,,,,,,,30.93mm
Oct-04-2021,4921.00,,,,,,,,,,,,,,,17.63mm
Oct-05-2021,4844.00,,,,,,,,,,,,,,,12.28mm
Oct-06-2021,4960.00,,,,,,,,,,,,,,,11.62mm
Oct-07-2021,5015.00,,,,,,,,,,,,,,,9.30mm
Oct-08-2021,5064.00,,,,,,,,,,,,,,,6.41mm
Oct-11-2021,5115.00,,,,,,,,,,,,,,,5.66mm
Oct-12-2021,5145.00,,,,,,,,,,,,,,,6.31mm
Oct-13-2021,5099.00,,,,,,,,,,,,,,,5.71mm
Oct-14-2021,5165.00,,,,,,,,,,,,,,,7.36mm
Oct-15-2021,5153.00,,,,,,,,,,,,,,,7.43mm
Oct-18-2021,5126.00,,,,,,,,,,,,,,,5.75mm
Oct-19-2021,5235.00,,,,,,,,,,,,,,,6.27mm
Oct-20-2021,5030.00,,,,,,,,,,,,,,,13.64mm
Oct-21-2021,5006.00,,,,,,,,,,,,,,,7.76mm
Oct-22-2021,5002.00,,,,,,,,,,,,,,,6.07mm
Oct-25-2021,4910.00,,,,,,,,,,,,,,,6.33mm
Oct-26-2021,4915.00,,,,,,,,,,,,,,,6.69mm
Oct-27-2021,4855.00,,,,,,,,,,,,,,,9.47mm
Oct-28-2021,4936.00,,,,,,,,,,,,,,,10.09mm
Oct-29-2021,5020.00,,,,,,,,,,,,,,,7.57mm
Nov-01-2021,5060.00,,,,,,,,,,,,,,,5.74mm
Nov-02-2021,4997.00,,,,,,,,,,,,,,,5.31mm
Nov-04-2021,4914.00,,,,4914,,,,,,4914,,,4914,,10.91mm
Nov-05-2021,5064.00,,,,,,,,,,,,,5064,,12.97mm
Nov-08-2021,4926.00,,,,,,,,,,,,,,,11.29mm
Nov-09-2021,4945.00,,,,,,,,,,,,,,,5.84mm
Nov-10-2021,4974.00,,,,,,,,,,,,,,,5.36mm
Nov-11-2021,4995.00,,,,,,,,,,,,,,,4.76mm
Nov-12-2021,5031.00,,,,,,,,,,,,,,,5.88mm
Nov-15-2021,5020.00,,,,,,,,,,,,,,,5.18mm
Nov-16-2021,5118.00,,,,,,,,,,,,,,,7.85mm
Nov-17-2021,5074.00,,,,,,,,,,,,,,,6.92mm
Nov-18-2021,5150.00,,,,,,,,,,,,,,,8.24mm
Nov-19-2021,5194.00,,,,,,,,,,,,,,,9.83mm
Nov-22-2021,5144.00,,,,,,,,,,,,,,,5.41mm
Nov-24-2021,5050.00,,,,,,,,,,,,,,,6.68mm
Nov-25-2021,5063.00,,,,,,,,,,,,,,,4.16mm
Nov-26-2021,4985.00,,,,,,,,,,,,,,,6.21mm
Nov-29-2021,5134.00,,,,,,,,,,,,,,,13.04mm
Nov-30-2021,5010.00,,,,,,,,,,,,,,,12.71mm
Dec-01-2021,5067.00,,,,,,,,,,,,,,,8.38mm
Dec-02-2021,5170.00,,,,,,,,,,,,,,,9.77mm
Dec-03-2021,5066.00,,,,,,,,,,,,,,,8.59mm
Dec-06-2021,5064.00,,,,,,,,,,,,,,,6.19mm
Dec-07-2021,5156.00,,,,,,5156,,,,,,,,,7.44mm
Dec-08-2021,5338.00,,,,,,,,,,,,,,,12.67mm
Dec-09-2021,5362.00,,,,,,,,,,,,,,,9.22mm
Dec-10-2021,5380.00,,,,,,,,,,,,,,,11.14mm
Dec-13-2021,5362.00,,,,,,,,,,,,,,,7.15mm
Dec-14-2021,5331.00,,,,,,,,,,,,,,,7.10mm
Dec-15-2021,5340.00,,,,,,,,,,,,,,,4.88mm
Dec-16-2021,5440.00,,,,,,,,,,,,,,,7.23mm
Dec-17-2021,5293.00,,,,,,,,,,,,,,,10.21mm
Dec-20-2021,5351.00,,,,,,,,,,,,,,,8.51mm
Dec-21-2021,5550.00,,,,,,,,,,,,,,,11.88mm
Dec-22-2021,5458.00,,,,,,,,,,,,,,,8.45mm
Dec-23-2021,5540.00,,,,,,,,,,,,,,,6.61mm
Dec-24-2021,5543.00,,,,,,,,,,,,,,,5.22mm
Dec-27-2021,5540.00,,,,,,,,,,,,,,,3.39mm
Dec-28-2021,5506.00,,,,,,,,,,,,,,,5.58mm
Dec-29-2021,5476.00,,,,,,,,,,,,,,,4.00mm
Dec-30-2021,5365.00,,,,,,,,,,,,,,,7.03mm
Jan-04-2022,5438.00,,,,,,,,,,,,,,,5.48mm
Jan-05-2022,5334.00,,,,,,,,,,,,,,,6.56mm
Jan-06-2022,5306.00,,,,,,,,,,,,,,,5.61mm
Jan-07-2022,5380.00,,,,,,,,,,,,,,,6.37mm
Jan-11-2022,5383.00,,,,,,,,,,,,,,,7.28mm
Jan-12-2022,5359.00,,,,,,,,,,,,,,,5.54mm
Jan-13-2022,5273.00,,,,,,,,,,,,,,,4.71mm
Jan-14-2022,5192.00,,,,,,,,,,,,,,,6.57mm
Jan-17-2022,5278.00,,,,,,,,,,,,,,,3.29mm
Jan-18-2022,5341.00,,,,,,,,,,,,,,,5.11mm
Jan-19-2022,5329.00,,,,,,,,,,,,,,,9.53mm
Jan-20-2022,5478.00,,,,,,,,,,,,,,,8.97mm
Jan-21-2022,5471.00,,,,,,,,,,,,,,,7.60mm
Jan-24-2022,5390.00,,,,,,,,,,,,,,,6.59mm
Jan-25-2022,5395.00,,,,,,,,,,,,,,,7.39mm
Jan-26-2022,5630.00,,,,,,,,,,,,,,,14.49mm
Jan-27-2022,5608.00,,,,,,,,,,,,,,,10.38mm
Jan-28-2022,5610.00,,,,,,,,,,,,,,,7.06mm
Jan-31-2022,5616.00,,,,,,,,,,,,,,,7.28mm
Feb-01-2022,5672.00,,,,,,,,,,,,,,,8.00mm
Feb-02-2022,5774.00,,,,,,,,,,,,,,,6.40mm
Feb-03-2022,5615.00,,,,5615,,,,,,5615,,,5615,,9.96mm
Feb-04-2022,5818.00,,,,,,,,,,,,,,,17.05mm
Feb-07-2022,5849.00,,,,,,,,,,,,,,,6.84mm
Feb-08-2022,5768.00,,,,,,,,,,,,,,,6.48mm
Feb-09-2022,5809.00,,,,,,,,,,,,,,,6.59mm
Feb-10-2022,5806.00,,,,,,,,,,,,,,,7.16mm
Feb-14-2022,5775.00,,,,,,,,,,,,,,,5.97mm
Feb-15-2022,5742.00,,,,,,,,,,,,,,,5.84mm
Feb-16-2022,5861.00,,,,,,,,,,,,,,,10.28mm
Feb-17-2022,5876.00,,,,,,,,,,,,,,,6.66mm
Feb-18-2022,5948.00,,,,,,,,,,,,,,,6.34mm
Feb-21-2022,5877.00,,,,,,,,,,,,,,,4.84mm
Feb-22-2022,5791.00,,,,,,,,,,,,,,,4.85mm
Feb-24-2022,5705.00,,,5705,,,,,,,,,,,,6.69mm
Feb-25-2022,5690.00,,,,,,,,,,,,,,,7.83mm
Feb-28-2022,5802.00,,,,,,,,,,,,,,,8.33mm
Mar-01-2022,5812.00,,,,,,,,,,,,,,,5.85mm
Mar-02-2022,5828.00,,,,,,,,,,,,,,,7.04mm
Mar-03-2022,5933.00,,,,,,,,,,,,,,,8.26mm
Mar-04-2022,5877.00,,,,,,,,,,,,,,,8.84mm
Mar-07-2022,5722.00,,,,,,,,,,,,,,,5.80mm
Mar-08-2022,5641.00,,,,,,,,,,,,,,,7.01mm
Mar-09-2022,5760.00,,,,,,,,,,,,,,,7.33mm
Mar-10-2022,5860.00,,,,,,,,,,,,,,,5.87mm
Mar-11-2022,5865.00,,,,,,,,,,,,,,,6.00mm
Mar-14-2022,5821.00,,,,,,,,,,,,,,,3.65mm
Mar-15-2022,5745.00,,,,,,,,,,,,,,,4.89mm
Mar-16-2022,5982.00,,,,,,,,,,,,,,,9.14mm
Mar-17-2022,6095.00,,,,,,,,,,,,,,,7.48mm
Mar-18-2022,6094.00,,,,,,,,,,,,,,,7.08mm
Mar-22-2022,6187.00,,,,,,,,,,,,,,,5.39mm
Mar-23-2022,6389.00,,,,,,,,,,,,,,,7.97mm
Mar-24-2022,6470.00,,,,,,,,,,,,,,,6.36mm
Mar-25-2022,6578.00,,,,,,,,,,,,,,,8.38mm
Mar-28-2022,6607.00,,,,,,,,,,,,,,,6.39mm
Mar-29-2022,6699.00,,,,,,,,,,,,,,,8.09mm
Mar-30-2022,6314.00,,,,,,,,,,6314,,,,,12.73mm
Mar-31-2022,6167.00,,,,,,,,,,,,,,,8.13mm
Apr-01-2022,6366.00,,,,,,,,,,,,,,,8.04mm
Apr-04-2022,6374.00,,,,,,,,,,,,,,,6.03mm
Apr-05-2022,6325.00,,,,,,,,,,,,,,,5.04mm
Apr-06-2022,6346.00,,,,,,,,,,,,,,,4.58mm
Apr-07-2022,6318.00,,,,,,,,,,,,,,,4.63mm
Apr-08-2022,6381.00,,,,,,,,,,,,,,,5.09mm
Apr-11-2022,6372.00,,,,,,,,,,,,,,,3.77mm
Apr-12-2022,6388.00,,,,,,,,,,,,,,,5.69mm
Apr-13-2022,6454.00,,,,,,,,,,,,,,,5.92mm
Apr-14-2022,6496.00,,,,,,,,,,,,,,,4.11mm
Apr-15-2022,6490.00,,,,,,,,,,,,,,,3.75mm
Apr-18-2022,6384.00,,,,,,,,,,,,,,,3.50mm
Apr-19-2022,6447.00,,,,,,,,,,,,,,,3.73mm
Apr-20-2022,6426.00,,,,,,,,,,,,,,,5.08mm
Apr-21-2022,6413.00,,,,,,,,,,,,,,,5.34mm
Apr-22-2022,6352.00,,,,,,,,,,,,,,,5.42mm
Apr-25-2022,6295.00,,,,,,,,,,,,,,,5.91mm
Apr-26-2022,6140.00,,,,,,,,,,,,,,,6.92mm
Apr-27-2022,6131.00,,,,,,,,,,,,,,,9.70mm
Apr-28-2022,5991.00,,,,,,,,,,,,,,,8.05mm
May-02-2022,5850.00,,,,,,,,,,,,,,,7.82mm
May-06-2022,5784.00,,,,,,,,,,,,,,,10.44mm
May-09-2022,5622.00,,,,,,,,,,,,,,,6.57mm
May-10-2022,5636.00,,,5636,,,,,,,,,,5636,,10.47mm
May-11-2022,5819.00,,,5819,,,,,,,,5819,,,,18.93mm
May-12-2022,5725.00,,,,,,,,,,,,,,,7.33mm
May-13-2022,5725.00,,,,,,,,,,,,,,,5.44mm
May-16-2022,5634.00,,,,,,,,,,,,,,,6.18mm
May-17-2022,5726.00,,,,,,,,,,,,,,,4.50mm
May-18-2022,5927.00,,,5927,,,,,,,,,,,,8.92mm
May-19-2022,5916.00,,,,,,,,,,,,,,,8.28mm
May-20-2022,5929.00,,,,,,,,,,,,,,,5.23mm
May-23-2022,5981.00,,,,,,,,,,,,,,,5.73mm
May-24-2022,5974.00,,,,,,,,,,,,,,,4.64mm
May-25-2022,5720.00,,,,,,,,,,,,,,,9.50mm
May-26-2022,5749.00,,,,,,,,,,,,,,,6.11mm
May-27-2022,5670.00,,,,,,,,,,,,,,,5.91mm
May-30-2022,5833.00,,,,,,,,,,,,,,,9.42mm
May-31-2022,5742.00,,,,,,,,,,,,,,,7.49mm
Jun-01-2022,5842.00,,,,,,,,,,,,,,,4.61mm
Jun-02-2022,5747.00,,,,,,,,,,,,,,,5.32mm
Jun-03-2022,5739.00,,,,,,,,,,,,,,,5.96mm
Jun-06-2022,5783.00,,,,,,,,,,,,,,,4.01mm
Jun-07-2022,5844.00,,,,,,,,,,,,,,,4.82mm
Jun-08-2022,5895.00,,,,,,,,,,,,,,,4.61mm
Jun-09-2022,5990.00,,,,,,,,,,,,,,,6.29mm
Jun-10-2022,5894.00,,,,,,,,,,,,,,,4.80mm
Jun-13-2022,5781.00,,,,,,,,,,,,,,,3.97mm
Jun-14-2022,5725.00,,,,,,,,,,,,,,,4.89mm
Jun-15-2022,5621.00,,,,,,,,,,,,,,,6.45mm
Jun-16-2022,5648.00,,,,,,,,,,,,,,,4.74mm
Jun-17-2022,5636.00,,,,,,,,,,,,,,,7.16mm
Jun-20-2022,5620.00,,,,,,,,,,,,,,,5.23mm
Jun-21-2022,5756.00,,,,,,,,,,,,,,,4.87mm
Jun-22-2022,5768.00,,,,,,,,,,,,,,,4.76mm
Jun-23-2022,5724.00,,,,,,,,,,,,,,,3.95mm
Jun-24-2022,5784.00,,,,,,,,,,,,,,,4.29mm
Jun-27-2022,5838.00,,,,,,,,,,,,,,,4.51mm
Jun-28-2022,5940.00,,,,,,,,,,,,,,,4.56mm
Jun-29-2022,5897.00,,,,,,,,,,,,,5897,,8.11mm
Jun-30-2022,5868.00,,,,,,,,,,,,,,,4.79mm
Jul-01-2022,5736.00,,,,,,,,,,,,,,,5.53mm
Jul-04-2022,5840.00,,,,,,,,,,,,,,,3.38mm
Jul-05-2022,5861.00,,,,,,,,,,,,,,,3.12mm
Jul-06-2022,5873.00,,,,,,,,,,,,,,,5.43mm
Jul-07-2022,5842.00,,,,,,,,,,,,,,,5.33mm
Jul-08-2022,5796.00,,,,,,,,,,,,,,,5.99mm
Jul-11-2022,5910.00,,,,,,,,,,,,,,,5.23mm
Jul-12-2022,5935.00,,,,,,,,,,,,,,,3.98mm
Jul-13-2022,5990.00,,,,,,,,,,,,,,,4.41mm
Jul-14-2022,6009.00,,,6009,,,,,,,,,,,,4.41mm
Jul-15-2022,6199.00,,,,,,,,,,,,,,,6.99mm
Jul-19-2022,6044.00,,,,,,,,,,,,,,,6.62mm
Jul-20-2022,6224.00,,,,,,,,,,,,,,,6.76mm
Jul-21-2022,6166.00,,,,,,,,,,,,,,,6.16mm
Jul-22-2022,6179.00,,,,,,,,,,,,,,,5.32mm
Jul-25-2022,6087.00,,,,,,,,,,,,,,,4.53mm
Jul-26-2022,6014.00,,,,,,,,,,,,,,,5.72mm
Jul-27-2022,5989.00,,,,,,,,,,,,,,,3.43mm
Jul-28-2022,6001.00,,,,,,,,,,,,,,,4.71mm
Jul-29-2022,5971.00,,,,,,,,,,,,,,,5.30mm
Aug-01-2022,5893.00,,,,,,,,,,,,,,,6.42mm
Aug-02-2022,5780.00,,,,,,,,,,,,,,,6.66mm
Aug-03-2022,5670.00,,,,,,,,,,,,,5670,,10.46mm
Aug-04-2022,5693.00,,,,,,,,,,,,,,,13.86mm
Aug-05-2022,5872.00,,,,,,,,,,,,,,,9.77mm
Aug-08-2022,5771.00,,,,,,,,,,,,,,,5.47mm
Aug-09-2022,5730.00,,,,,,,,,,,,,,,5.53mm
Aug-10-2022,5706.00,,,,,,,,,,,,,,,3.60mm
Aug-12-2022,5728.00,,,,,,,,,,,,,,,6.29mm
Aug-15-2022,5779.00,,,,,,,,,,,,,,,4.67mm
Aug-16-2022,5836.00,,,,,,,,,,,,,,,3.39mm
Aug-17-2022,6014.00,,,,,,,,,,,,,,,9.00mm
Aug-18-2022,6069.00,,,,,,,,,,,,,,,6.86mm
Aug-19-2022,5991.00,,,,,,,,,,,,,,,5.58mm
Aug-22-2022,6005.00,,,,,,,,,,,,,,,3.19mm
Aug-23-2022,5940.00,,,,,,,,,,,,,,,4.41mm
Aug-24-2022,5785.00,,,,,,,,,,,,,,,7.49mm
Aug-25-2022,5791.00,,,,,,,,,,,,,,,3.54mm
Aug-26-2022,5764.00,,,,,,,,,,,,,,,3.68mm
Aug-29-2022,5724.00,,,,,,,,,,,,,,,4.31mm
Aug-30-2022,5747.00,,,,,,,,,,,,,,,3.35mm
Aug-31-2022,5699.00,,,,,,,,,,,,,,,5.05mm
Sep-01-2022,5711.00,,,,,,,,,,,,,,,4.38mm
Sep-02-2022,5667.00,,,,,,,,,,,,,,,5.31mm
Sep-05-2022,5643.00,,,,,,,,,,,,,,,3.99mm
Sep-06-2022,5708.00,,,,,,,,,,,,,,,4.92mm
Sep-07-2022,5770.00,,,,,,,,,,,,,,,6.30mm
Sep-08-2022,5851.00,,,,,,,,,,,,,,,6.48mm
Sep-09-2022,5828.00,,,,,,,,,,,,,,,6.85mm
Sep-12-2022,5896.00,,,,,,,,,,,,,,,4.67mm
Sep-13-2022,6221.00,,,,,,,,,,,,,,,18.65mm
Sep-14-2022,6136.00,,,,,,,,,,,,,,,12.13mm
Sep-15-2022,6240.00,,,,,,,,,,,,,,,14.14mm
Sep-16-2022,6109.00,,,,,,,,,,,,,,,11.12mm
Sep-20-2022,6183.00,,,,,,,,,,,,,,,8.02mm
Sep-21-2022,6110.00,,,,,,,,,,,,,,,7.22mm
Sep-22-2022,6132.00,,,,,,,,,,,,,,,6.75mm
Sep-26-2022,5949.00,,,,,,,,,,,,,,,9.06mm
Sep-27-2022,6068.00,,,,,,,,,,,,,,,6.63mm
Sep-28-2022,5970.00,,,,,,,,,,,,,,,7.15mm
Sep-29-2022,6043.00,,,,,,,,,,6043,,,,,7.25mm
Sep-30-2022,5854.00,,,,,,,,,,,,,,,8.83mm
Oct-03-2022,5820.00,,,5820,,,,,,,,,,,,6.81mm
Oct-04-2022,6050.00,,,,,,,,,,,,,,,10.45mm
Oct-05-2022,6011.00,,,,,,,,,,,,,,,6.49mm
Oct-06-2022,6056.00,,,,,,,,,,,,,,,9.12mm
Oct-07-2022,6056.00,,,,,,,,,,,,,,,5.12mm
Oct-11-2022,6001.00,,,,,,,,,,,,,,,5.20mm
Oct-12-2022,6025.00,,,,,,,,,,,,,,,4.68mm
Oct-13-2022,6030.00,,,,,,,,,,,,,,,5.94mm
Oct-14-2022,6169.00,,,,,,,,,,,,,,,7.49mm
Oct-17-2022,6105.00,,,,,,,,,,,,,,,4.94mm
Oct-18-2022,6115.00,,,,,,,,,,,,,,,4.58mm
Oct-19-2022,6052.00,,,,,,,,,,,,,,,4.49mm
Oct-20-2022,6096.00,,,,,,,,,,,,,,,4.68mm
Oct-21-2022,6036.00,,,,,,,,,,,,,,,3.56mm
Oct-24-2022,6000.00,,,,,,,,,,,,,,,3.44mm
Oct-25-2022,5985.00,,,,,,,,,,,,,,,3.95mm
Oct-26-2022,6072.00,,,,,,,,,,,,,,,5.23mm
Oct-27-2022,5984.00,,,,,,,,,,,,,,,4.63mm
Oct-28-2022,5947.00,,,,,,,,,,,,,,,5.41mm
Oct-31-2022,6070.00,,,,,,,,,,,,,,,5.71mm
Nov-01-2022,6075.00,,,,,,,,,,,,,,,3.79mm
Nov-02-2022,6070.00,,,,,,,,,,,,,,,4.32mm
Nov-04-2022,5954.00,,,,,,,,,,,,,,,5.98mm
Nov-07-2022,6121.00,,,,,,,,,,,,,,,6.35mm
Nov-08-2022,6225.00,,,,,,,,,,,,,6225,,7.54mm
Nov-09-2022,5783.00,,,,,,,,,,,,,5783,,21.53mm
Nov-10-2022,5756.00,,,,,,,,,,,,,,,10.93mm
Nov-11-2022,5759.00,,,,,,,,,,,,,,,11.03mm
Nov-14-2022,5659.00,,,,,,,,,,,,,,,9.53mm
Nov-15-2022,5764.00,,,,,,,,,,,,,,,7.50mm
Nov-16-2022,5815.00,,,,,,,,,,,,,,,5.46mm
Nov-17-2022,5879.00,,,,,,,,,,,,,,,5.73mm
Nov-18-2022,5920.00,,,,,,,,,,,,,,,6.21mm
Nov-21-2022,5887.00,,,,,,,,,,,,,,,4.83mm
Nov-22-2022,5934.00,,,,,,,,,,,,,,,5.00mm
Nov-24-2022,5976.00,,,,,,,,,,,,,,,7.90mm
Nov-25-2022,5959.00,,,,,,,,,,,,,,,4.49mm
Nov-28-2022,5906.00,,,,,,,,,,,,,,,4.30mm
Nov-29-2022,5868.00,,,,,,,,,,,,,,,4.15mm
Nov-30-2022,5894.00,,,,,,,,,,,,,,,6.67mm
Dec-01-2022,5808.00,,,,,,,,,,,,,,,6.01mm
Dec-02-2022,5726.00,,,,,,,,,,,,,,,6.36mm
Dec-05-2022,5684.00,,,,,,,,,,,,,,,5.00mm
Dec-06-2022,5763.00,,,,,,,,,,,,,,,4.89mm
Dec-07-2022,5782.00,,,,,,,,,,,,,,,7.70mm
Dec-08-2022,5706.00,,,,,,,,,,,,,,,5.08mm
Dec-09-2022,5716.00,,,,,,,,,,,,,,,4.53mm
Dec-12-2022,5684.00,,,,,,,,,,,,,,,3.06mm
Dec-13-2022,5692.00,,,,,,,,,,,,,,,3.19mm
Dec-14-2022,5749.00,,,,,,,,,,,,,,,3.09mm
Dec-15-2022,5718.00,,,,,,,,,,,,,,,3.46mm
Dec-16-2022,5645.00,,,,,,,,,,,,,,,5.53mm
Dec-19-2022,5592.00,,,,,,,,,,,,,,,5.78mm
Dec-20-2022,5541.00,,,,,,,,,,,,,,,9.02mm
Dec-21-2022,5540.00,,,,,,,,,,,,,,,8.81mm
Dec-22-2022,5629.00,,,,,,,,,,,,,,,3.87mm
Dec-23-2022,5614.00,,,,,,,,,,,,,,,3.06mm
Dec-26-2022,5617.00,,,,,,,,,,,,,,,1.60mm
Dec-27-2022,5606.00,,,,,,,,,,,,,,,2.23mm
Dec-28-2022,5620.00,,,,,,,,,,,,,,,2.83mm
Dec-29-2022,5608.00,,,,,,,,,,,,,,,3.24mm
Dec-30-2022,5532.00,,,,,,,,,,,,,,,4.71mm
Jan-04-2023,5487.00,,,,,,,,,,,,,,,5.63mm
Jan-05-2023,5530.00,,,,,,,,,,,,,,,4.23mm
Jan-06-2023,5483.00,,,,,,,,,,,,,,,5.18mm
Jan-10-2023,5470.00,,,5470,,,,,,,,,,,,5.62mm
Jan-11-2023,5547.00,,,,,,,,,,,,,,,5.32mm
Jan-12-2023,5447.00,,,5447,,,,,,,,,,,,7.38mm
Jan-13-2023,5397.00,,,,,,,,,,,,,,,5.98mm
Jan-16-2023,5413.00,,,,,,,,,,,,,,,4.22mm
Jan-17-2023,5490.00,,,,,,,,,,,,,,,4.02mm
Jan-18-2023,5608.00,,,,,,,,,,,,,,,5.08mm
Jan-19-2023,5535.00,,,,,,,,,,,,,,,3.10mm
Jan-20-2023,5510.00,,,,,,,,,,,,,,,3.79mm
Jan-23-2023,5535.00,,,,,,,,,,,,,,,3.27mm
Jan-24-2023,5556.00,,,,,,,,,,,,,,,3.89mm
Jan-25-2023,5574.00,,,,,,,,,,,,,,,3.15mm
Jan-26-2023,5635.00,,,,,,,,,,,,,,,3.52mm
Jan-27-2023,5630.00,,,,,,,,,,,,,,,2.68mm
Jan-30-2023,5598.00,,,,,,,,,,,,,,,3.96mm
Jan-31-2023,5625.00,,,,,,,,,,,,,,,3.55mm
Feb-01-2023,5580.00,,,,,,,,,,,,,,,2.41mm
Feb-02-2023,5582.00,,,,,,,,,,,,,,,2.75mm
Feb-03-2023,5622.00,,,,,,,,,,,,,,,3.28mm
Feb-06-2023,5621.00,,,,,,,,,,,,,,,3.58mm
Feb-07-2023,5624.00,,,,,,,,,,,,,5624,,4.22mm
Feb-08-2023,5201.00,,,,,,,,,,,,,,,27.11mm
Feb-09-2023,5279.00,,,,,,,,,,,,,,,14.23mm
Feb-10-2023,5307.00,,,,,,,,,,,,,,,11.00mm
Feb-13-2023,5224.00,,,,,,,,,,,,,,,7.00mm
Feb-14-2023,5328.00,,,,,,,,,,,,,,,5.74mm
Feb-15-2023,5336.00,,,,,,,,,,,,,,,4.43mm
Feb-16-2023,5498.00,,,,,,,,,,,,,,,6.87mm
Feb-17-2023,5456.00,,,,,,,,,,,,,,,4.44mm
Feb-20-2023,5464.00,,,,,,,,,,,,,,,4.22mm
Feb-21-2023,5412.00,,,,,,,,,,,,,,,3.64mm
Feb-22-2023,5312.00,,,,,,,,,,,,,,,4.50mm
Feb-24-2023,5297.00,,,,,,,,,,,,,,,4.38mm
Feb-27-2023,5198.00,,,,,,,,,,,,,,,4.85mm
Feb-28-2023,5124.00,,,,,,,,,,,,,,,6.92mm
Mar-01-2023,5122.00,,,,,,,,,,,,,,,6.11mm
Mar-02-2023,5136.00,,,,,,,,,,,,,,,5.00mm
Mar-03-2023,5158.00,,,,,,,,,,,,,,,4.70mm
Mar-06-2023,5178.00,,,,,,,,,,,,,5178,,3.26mm
Mar-07-2023,5177.00,,,,,,,,,,,,,,,3.15mm
Mar-08-2023,5158.00,,,,,,,,,,,,,,,3.77mm
Mar-09-2023,5227.00,,,,,,,,,,,,,,,4.17mm
Mar-10-2023,5148.00,,,,,,,,,,,,,,,5.04mm
Mar-13-2023,5129.00,,,,,,,,,,,,,,,3.59mm
Mar-14-2023,5065.00,,,,,,,,,,,,,,,4.93mm
Mar-15-2023,5082.00,,,,,,,,,,,,,,,4.39mm
Mar-16-2023,5075.00,,,,,,,,,,,,,,,4.51mm
Mar-17-2023,5144.00,,,,,,,,,,,,,,,4.79mm
Mar-20-2023,5033.00,,,,,,,,,,,,,,,4.65mm
Mar-22-2023,5080.00,,,,,,,,,,,,,,,4.87mm
Mar-23-2023,5076.00,,,,,,,,,,,,,,,3.16mm
Mar-24-2023,5058.00,,,,,,,,,,,,,,,3.53mm
Mar-27-2023,5095.00,,,,,,,,,,,,,,,2.57mm
Mar-28-2023,5083.00,,,,,,,,,,,,,,,3.17mm
Mar-29-2023,5179.00,,,,,,,,,,,,,,,5.50mm
Mar-30-2023,5079.00,,,,,,,,,,5079,,,,,3.67mm
Mar-31-2023,5131.00,,,,,,,,,,,,,,,4.15mm
Apr-03-2023,5173.00,,,,,,,,,,,,,,,4.14mm
Apr-04-2023,5412.00,,,,,,,,,,,,,,,10.42mm
Apr-05-2023,5245.00,,,,,,,,,,,,,,,6.83mm
Apr-06-2023,5250.00,,,,,,,,,,,,,,,4.18mm
Apr-07-2023,5198.00,,,,,,,,,,,,,,,4.30mm
Apr-10-2023,5406.00,,,,,,,,,,,,,,,7.14mm
Apr-11-2023,5413.00,,,,,,,,,,,,,,,9.40mm
Apr-12-2023,5466.00,,,,,,,,,,,,,,,5.15mm
Apr-13-2023,5379.00,,,,,,,,,,,,,,,4.18mm
Apr-14-2023,5467.00,,,,,,,,,,,,,,,5.92mm
Apr-17-2023,5457.00,,,,,,,,,,,,,,,3.47mm
Apr-18-2023,5560.00,,,,,,,,,,,,,,,5.63mm
Apr-19-2023,5542.00,,,,,,,,,,,,,,,4.44mm
Apr-20-2023,5516.00,,,,,,,,,,,,,,,4.16mm
Apr-21-2023,5520.00,,,,,,,,,,,,,,,3.61mm
Apr-24-2023,5591.00,,,,,,,,,,,,,,,4.52mm
Apr-25-2023,5649.00,,,,,,,,,,,,,,,7.61mm
Apr-26-2023,5618.00,,,,,,,,,,,,,,,4.64mm
Apr-27-2023,5628.00,,,,,,,,,,,,,,,4.19mm
Apr-28-2023,5721.00,,,,,,,,,,,,,,,5.44mm
May-01-2023,5691.00,,,,,,,,,,,,,,,5.36mm
May-02-2023,5693.00,,,,,,,,,,,,,,,4.02mm
May-08-2023,5739.00,,,,,,,,,,,,,,,8.36mm
May-09-2023,5730.00,,,,,,,,,,,,,5730,,6.97mm
May-10-2023,5725.00,,,,,,,,,,,,,,,8.95mm
May-11-2023,5631.00,,,,,,,,,,,,,,,5.81mm
May-12-2023,5758.00,,,,,,,,,,,,,,,7.82mm
May-15-2023,5800.00,,,,,,,,,,,,,,,5.63mm
May-16-2023,5847.00,,,,,,,,,,,,,,,6.05mm
May-17-2023,5925.00,,,,,,,,,,,,,,,7.47mm
May-18-2023,6043.00,,,,,,,,,,,,,,,8.56mm
May-19-2023,5977.00,,,,,,,,,,,,,,,6.09mm
May-22-2023,6060.00,,,,,,,,,,,,,,,5.10mm
May-23-2023,5988.00,,,,,,,,,,,,,,,7.21mm
May-24-2023,5930.00,,,,,,,,,,,,,,,4.22mm
May-25-2023,5876.00,,,,,,,,,,,,,,,4.43mm
May-26-2023,5943.00,,,,,,,,,,,,,,,4.49mm
May-29-2023,5909.00,,,,,,,,,,,,,,,5.56mm
May-30-2023,5990.00,,,,,,,,,,,,,,,4.85mm
May-31-2023,5936.00,,,,,,,,,,,,,,,13.22mm
Jun-01-2023,5954.00,,,,,,,,,,,,,,,4.03mm
Jun-02-2023,6050.00,,,,,,,,,,,,,,,5.93mm
Jun-05-2023,6083.00,,,,,,,,,,,,,,,4.31mm
Jun-06-2023,6120.00,,,,,,,,,,,,,,,3.51mm
Jun-07-2023,6053.00,,,,,,,,,,,,,,,5.34mm
Jun-08-2023,5983.00,,,,,,,,,,,,,,,4.20mm
Jun-09-2023,6098.00,,,,,,,,,,,,,,,6.75mm
Jun-12-2023,6126.00,,,,,,,,,,,,,,,3.74mm
Jun-13-2023,6181.00,,,,,,,,,,,,,,,3.73mm
Jun-14-2023,6157.00,,,,,,,,,,,,,,,3.75mm
Jun-15-2023,6225.00,,,,,,,,,,,,,,,7.49mm
Jun-16-2023,6266.00,,,,,,,,,,,,,,,6.52mm
Jun-19-2023,6232.00,,,,,,,,,,,,,,,3.49mm
Jun-20-2023,6242.00,,,,,,,,,,,,,,,3.11mm
Jun-21-2023,6212.00,,,,,,,,,,,,,,,3.03mm
Jun-22-2023,6318.00,,,,,,,,,,,,,6318,,9.57mm
Jun-23-2023,6230.00,,,,,,,,,,,,,6230,,4.44mm
Jun-26-2023,6289.00,,,,,,,,,,,,,,,3.71mm
Jun-27-2023,6392.00,,,,,,,,,,,,,,,5.80mm
Jun-28-2023,6520.00,,,,,,,,,,,,,,,6.78mm
Jun-29-2023,6582.00,,,,,,,,,,,,,,,5.52mm
Jun-30-2023,6542.00,,,,,,,,,,,,,,,6.66mm
Jul-03-2023,6587.00,,,,,,,,,,,,,,,3.17mm
Jul-04-2023,6519.00,,,,,,,,,,,,,,,2.86mm
Jul-05-2023,6512.00,,,,,,,,,,,,,,,3.12mm
Jul-06-2023,6314.00,,,,,,,,,,,,,,,6.00mm
Jul-07-2023,6351.00,,,,,,,,,,,,,,,4.96mm
Jul-10-2023,6305.00,,,,,,,,,,,,,,,4.09mm
Jul-11-2023,6257.00,,,,,,,,,,,,,,,3.54mm
Jul-12-2023,6300.00,,,,,,,,,,,,,,,4.66mm
Jul-13-2023,6424.00,,,,,,,,,,,,,,,3.37mm
Jul-14-2023,6389.00,,,,,,,,,,,,,,,3.59mm
Jul-18-2023,6360.00,,,,,,,,,,,,,,,2.53mm
Jul-19-2023,6433.00,,,,,,,,,,,,,,,2.68mm
Jul-20-2023,6426.00,,,,,,,,,,,,,,,2.98mm
Jul-21-2023,6418.00,,,,,,,,,,,,,,,2.88mm
Jul-24-2023,6511.00,,,,,,,,,,,,,,,3.41mm
Jul-25-2023,6443.00,,,,,,,,,,,,,,,3.41mm
Jul-26-2023,6300.00,,,,,,,,,,,,,,,4.08mm
Jul-27-2023,6376.00,,,,,,,,,,,,,,,3.24mm
Jul-28-2023,6354.00,,,,,,,,,,,,,,,4.52mm
Jul-31-2023,6450.00,,,,,,,,,,,,,,,4.43mm
Aug-01-2023,6459.00,,,,,,,,,,,,,,,3.22mm
Aug-02-2023,6355.00,,,,,,,,,,,,,,,3.58mm
Aug-03-2023,6357.00,,,,,,,,,,,,,6357,,4.11mm
Aug-04-2023,6172.00,,,,,,,,,,,,,,,9.94mm
Aug-07-2023,6232.00,,,,,,,,,,,,,,,4.55mm
Aug-08-2023,6159.00,,,,,,,,,,,,,,,3.82mm
Aug-09-2023,6145.00,,,,,,,,,,,,,,,2.86mm
Aug-10-2023,6251.00,,,,,,,,,,,,,,,3.58mm
Aug-14-2023,6248.00,,,,,,,,,,,,,,,2.72mm
Aug-15-2023,6294.00,,,,,,,,,,,,,,,2.05mm
Aug-16-2023,6292.00,,,,,,,,,,,,,,,2.70mm
Aug-17-2023,6180.00,,,,,,,,,,,,,,,3.57mm
Aug-18-2023,6114.00,,,,,,,,,,,,,,,2.90mm
Aug-21-2023,6128.00,,,,,,,,,,,,,,,2.44mm
Aug-22-2023,6159.00,,,,,,,,,,,,,,,1.91mm
Aug-23-2023,6211.00,,,,,,,,,,,,,,,2.13mm
Aug-24-2023,6145.00,,,,,,,,,,,,,,,2.78mm
Aug-25-2023,6083.00,,,,,,,,,,,,,,,2.50mm
Aug-28-2023,6175.00,,,,,,,,,,,,,,,2.15mm
Aug-29-2023,6172.00,,,,,,,,,,,,,,,2.24mm
Aug-30-2023,6219.00,,,,,,,,,,,,,,,3.22mm
Aug-31-2023,6267.00,,,,,,,,,,,,,,,3.92mm
Sep-01-2023,6268.00,,,,,,,,,,,,,,,2.97mm
Sep-04-2023,6267.00,,,,,,,,,,,,,,,2.68mm
Sep-05-2023,6274.00,,,,,,,,,,,,,,,2.70mm
Sep-06-2023,6323.00,,,,,,,,,,,,,,,2.85mm
Sep-07-2023,6368.00,,,,,,,,,,,,,,,2.71mm
Sep-08-2023,6358.00,,,,,,,,,,,,,,,5.42mm
Sep-11-2023,6370.00,,,,,,,,,,,,,,,3.76mm
Sep-12-2023,6369.00,,,,,,,,,,,,,,,2.43mm
Sep-13-2023,6309.00,,,,,,,,,,,,,,,3.14mm
Sep-14-2023,6354.00,,,,,,,,,,,,,,,3.75mm
Sep-15-2023,6338.00,,,,,,,,,,,,,,,5.11mm
Sep-19-2023,6451.00,,,,,,,,,,,,,,,4.78mm
Sep-20-2023,6266.00,,,,,,,,,,,,,,,5.50mm
Sep-21-2023,6153.00,,,,,,,,,,,,,,,3.69mm
Sep-22-2023,6151.00,,,,,,,,,,,,,,,3.39mm
Sep-25-2023,6224.00,,,,,,,,,,,,,,,2.62mm
Sep-26-2023,6260.00,,,,,,,,,,,,,,,3.33mm
Sep-27-2023,6225.00,,,,,,,,,,,,,,,4.21mm
Sep-28-2023,6152.00,,,,,,,,,,6152,,,,,4.39mm
Sep-29-2023,6230.00,,,,,,,,,,,,,,,5.59mm
Oct-02-2023,6130.00,,,,,,,,,,,,,,,5.29mm
Oct-03-2023,6160.00,,,,,,,,,,,,,,,4.80mm
Oct-04-2023,6108.00,,,,,,,,,,,,,,,4.52mm
Oct-05-2023,6220.00,,,,,,,,,,,,,,,4.06mm
Oct-06-2023,6245.00,,,,,,,,,,,,,,,4.58mm
Oct-10-2023,6311.00,,,,,,,,,,,,,,,3.26mm
Oct-11-2023,6309.00,,,,,,,,,,,,,,,3.18mm
Oct-12-2023,6350.00,,,,,,,,,,,,,,,3.57mm
Oct-13-2023,6196.00,,,,,,,,,,,,,,,4.58mm
Oct-16-2023,6200.00,,,,,,,,,,,,,,,2.73mm
Oct-17-2023,6123.00,,,,,,,,,,,,,,,3.76mm
Oct-18-2023,6110.00,,,,,,,,,,,,,,,2.81mm
Oct-19-2023,6092.00,,,,,,,,,,,,,,,3.07mm
Oct-20-2023,6101.00,,,,,,,,,,,,,,,2.44mm
Oct-23-2023,6067.00,,,,,,,,,,,,,6067,,2.76mm
Oct-24-2023,6081.00,,,,,,,,,,,,,,,2.82mm
Oct-25-2023,6180.00,,,,,,,,,,,,,,,3.26mm
Oct-26-2023,6116.00,,,,,,,,,,,,,,,2.72mm
Oct-27-2023,6221.00,,,,,,,,,,,,,,,3.48mm
Oct-30-2023,6117.00,,,,,,,,,,,,,,,2.92mm
Oct-31-2023,6221.00,,,,,,,,,,,,,,,4.26mm
Nov-01-2023,6310.00,,,,,,,,,,,,,,,3.96mm
Nov-02-2023,6357.00,,,,,,,,,,,,,6357,,3.43mm
Nov-06-2023,6432.00,,,,,,,,,,,,,,,5.98mm
Nov-07-2023,6385.00,,,,,,,,,,,,,6385,,3.76mm
Nov-08-2023,6774.00,,,,,,,,,,,,,6774,,15.15mm
Nov-09-2023,7151.00,,,,,,,,,,,,,,,12.50mm
Nov-10-2023,6861.00,,,,,,,,,,,,,,,7.39mm
Nov-13-2023,7014.00,,,,,,,,,,,,,,,6.18mm
Nov-14-2023,7008.00,,,,,,,,,,,,,,,3.37mm
Nov-15-2023,6994.00,,,,,,,,,,,,,,,3.93mm
Nov-16-2023,7053.00,,,,,,,,,,,,,,,3.37mm
Nov-17-2023,6946.00,,,,,,,,,,,,,,,3.74mm
Nov-20-2023,6800.00,,,,,,,,,,,,,,,4.33mm
Nov-21-2023,6846.00,,,,,,,,,,,,,,,2.66mm
Nov-22-2023,6920.00,,,,,,,,,,,,,,,2.77mm
Nov-24-2023,6854.00,,,,,,,,,,,,,,,3.17mm
Nov-27-2023,6859.00,,,,,,,,,,,,,,,3.48mm
Nov-28-2023,6824.00,,,,,,,,,,,,,,,2.68mm
Nov-29-2023,6826.00,,,,,,,,,,,,,,,2.40mm
Nov-30-2023,6912.00,,,,,,,,,,,,,,,4.68mm
Dec-01-2023,6909.00,,,,,,,,,,,,,,,3.16mm
Dec-04-2023,6814.00,,,,,,,,,,,,,,,2.69mm
Dec-05-2023,6813.00,,,,,,,,,,,,,,,2.49mm
Dec-06-2023,6875.00,,,,,,,,,,,,,,,2.86mm
Dec-07-2023,6862.00,,,,,,,,,,,,,,,3.30mm
Dec-08-2023,6798.00,,,,,,,,,,,,,,,4.05mm
Dec-11-2023,6890.00,,,,,,,,,,,,,,,3.08mm
Dec-12-2023,6945.00,,,,,,,,,,,,,,,2.94mm
Dec-13-2023,6926.00,,,,,,,,,,,,,,,2.80mm
Dec-14-2023,6859.00,,,,,,,,,,,,,,,3.80mm
Dec-15-2023,6778.00,,,,,,,,,,,,,,,5.89mm
Dec-18-2023,6813.00,,,,,,,,,,,,,,,3.35mm
Dec-19-2023,6936.00,,,,,,,,,,,,,,,3.10mm
Dec-20-2023,6965.00,,,,,,,,,,,,,,,3.41mm
Dec-21-2023,6946.00,,,,,,,,,,,,,,,1.99mm
Dec-22-2023,6946.00,,,,,,,,,,,,,,,2.40mm
Dec-25-2023,6934.00,,,,,,,,,,,,,,,1.68mm
Dec-26-2023,6987.00,,,,,,,,,,,,,,,2.09mm
Dec-27-2023,7126.00,,,,,,,,,,,,,,,3.94mm
Dec-28-2023,7133.00,,,,,,,,,,,,,,,3.07mm
Dec-29-2023,7359.00,,,,,,,,,,,,,,,6.36mm
Jan-04-2024,7176.00,,,,,,,,,,,,,,,5.22mm
Jan-05-2024,7223.00,,,,,,,,,,,,,,,4.11mm
Jan-09-2024,7538.00,,,,,,,,,,,,,,,6.86mm
Jan-10-2024,7823.00,,,,,,,,,,,,,,,9.14mm
Jan-11-2024,7930.00,,,,,,,,,,,,,,,9.33mm
Jan-12-2024,8125.00,,,,,,,,,,,,,,,9.14mm
Jan-15-2024,8199.00,,,,,,,,,,,,,,,5.36mm
Jan-16-2024,8037.00,,,,,,,,,,,,,,,5.88mm
Jan-17-2024,7940.00,,,,,,,,,,,,,,,6.64mm
Jan-18-2024,8066.00,,,,,,,,,,,,,,,4.93mm
Jan-19-2024,8136.00,,,,,,,,,,,,,,,4.44mm
Jan-22-2024,8103.00,,,,,,,,,,,,,,,4.83mm
Jan-23-2024,8089.00,,,,,,,,,,,,,,,4.91mm
Jan-24-2024,7938.00,,,,,,,,,,,,,,,4.99mm
Jan-25-2024,7972.00,,,,,,,,,,,,,,,3.42mm
Jan-26-2024,7895.00,,,,,,,,,,,,,,,4.30mm
Jan-29-2024,8091.00,,,,,,,,,,,,,,,4.45mm
Jan-30-2024,8271.00,,,,,,,,,,,,,,,6.59mm
Jan-31-2024,8310.00,,,,,,,,,,,,,,,4.58mm
Feb-01-2024,8310.00,,,,,,,,,,,,,,,3.92mm
Feb-02-2024,8476.00,,,,,,,,,,,,,,,6.62mm
Feb-05-2024,8415.00,,,,,,,,,,,,,,,4.55mm
Feb-06-2024,8376.00,,,,,,,,,,,,,8376,,4.93mm
Feb-07-2024,8369.00,,,,,,,,,,,,,,,9.33mm
Feb-08-2024,8620.00,,,,,,,,,,,,,,,7.65mm
Feb-09-2024,8700.00,,,,,,,,,,,,,,,5.46mm
Feb-13-2024,8710.00,,,,,,,,,,,,,8710,,6.28mm
Feb-14-2024,8871.00,,,,,,,,,,,,,,,4.87mm
Feb-15-2024,8950.00,,,,,,,,,,,,,,,6.30mm
Feb-16-2024,8874.00,,,,,,,,,,,,,,,6.99mm
Feb-19-2024,8356.00,,,,,,,,,,,,,,,15.19mm
Feb-20-2024,8263.00,,,,,,,,,,,,,,,10.75mm
Feb-21-2024,8401.00,,,,,,,,,,,,,,,7.84mm
Feb-22-2024,8419.00,,,,,,,,,,,,,,,5.62mm
Feb-26-2024,8549.00,,,,,,,,,,,,,,,5.74mm
Feb-27-2024,8508.00,,,,,,,,,,,,,,,5.57mm
Feb-28-2024,8366.00,,,,,,,,,,,,,,,4.66mm
Feb-29-2024,8400.00,,,,,,,,,,,,,,,5.57mm
Mar-01-2024,8484.00,,,,,,,,,,,,,,,3.56mm
Mar-04-2024,8345.00,,,,,,,,,,,,,,,4.79mm
Mar-05-2024,8390.00,,,,,,,,,,,,,,,3.17mm
Mar-06-2024,8329.00,,,,,,,,,,,,,,,3.19mm
Mar-07-2024,8323.00,,,,,,,,,,,,,,,3.29mm
Mar-08-2024,8231.00,,,,,,,,,,,,,,,4.05mm
Mar-11-2024,8312.00,,,,,,,,,,,,,,,4.03mm
Mar-12-2024,8201.00,,,,,,,,,,,,,,,3.50mm
Mar-13-2024,8232.00,,,,,,,,,,,,,,,3.81mm
Mar-14-2024,8224.00,,,,,,,,,,,,,,,2.70mm
Mar-15-2024,8224.00,,,,,,,,,,,,,,,4.42mm
Mar-18-2024,8286.00,,,,,,,,,,,,,8286,,2.84mm
Mar-19-2024,8358.00,,,,,,,,,,,,,,,2.49mm
Mar-21-2024,8378.00,,,,,,,,,,,,,,,3.92mm
Mar-22-2024,8426.00,,,,,,,,,,,,,,,3.56mm
Mar-25-2024,8299.00,,,,,,,,,,,,,,,3.05mm
Mar-26-2024,8308.00,,,,,,,,,,,,,,,3.26mm
Mar-27-2024,8410.00,,,,,,,,,,,,,,,4.15mm
Mar-28-2024,8259.00,,,,,,,,,,8259,,,,,4.31mm
Mar-29-2024,8196.00,,,,,,,,,,,,,,,3.62mm
Apr-01-2024,8210.00,,,,,,,,,,,,,,,2.67mm
Apr-02-2024,8147.00,,,,,,,,,,,,,,,3.25mm
Apr-03-2024,7806.00,,,,,,,,,,,,,,,7.15mm
Apr-04-2024,7888.00,,,,,,,,,,,,,,,4.34mm
Apr-05-2024,7741.00,,,,,,,,,,,,,,,4.30mm
Apr-08-2024,7858.00,,,,,,,,,,,,,,,2.59mm
Apr-09-2024,7882.00,,,,,,,,,,,,,,,2.36mm
Apr-10-2024,7788.00,,,,,,,,,,,,,,,2.22mm
Apr-11-2024,7723.00,,,,,,,,,,,,,,,2.41mm
Apr-12-2024,7735.00,,,,,,,,,,,,,,,2.45mm
Apr-15-2024,7668.00,,,,,,,,,,,,,,,2.49mm
Apr-16-2024,7524.00,,,,,,,,,,,,,,,3.65mm
Apr-17-2024,7585.00,,,,,,,,,,,,,,,3.40mm
Apr-18-2024,7589.00,,,,,,,,,,,,,,,2.77mm
Apr-19-2024,7455.00,,,,,,,,,,,,,,,4.18mm
Apr-22-2024,7525.00,,,,,,,,,,,,,,,2.69mm
Apr-23-2024,7498.00,,,,,,,,,,,,,,,2.09mm
Apr-24-2024,7510.00,,,,,,,,,,,,,,,2.44mm
Apr-25-2024,7406.00,,,,,,,,,,,,,,,2.65mm
Apr-26-2024,7649.00,,,,,,,,,,,,,,,4.70mm
Apr-30-2024,7720.00,,,,,,,,,,,,,,,4.03mm
May-01-2024,7637.00,,,,,,,,,,,,,,,2.74mm
May-02-2024,7575.00,,,,,,,,,,,,,,,1.96mm
May-07-2024,7759.00,,,,,,,,,,,,,7759,,5.89mm
May-08-2024,7337.00,,,,,,,,,,,,,,,13.72mm
May-09-2024,7597.00,,,,,,,,,,,,,7597,,7.46mm
May-10-2024,7849.00,,,,,,,,,,,,,,,7.57mm
May-13-2024,8011.00,,,,,,,,,,,,,,,4.53mm
May-14-2024,8435.00,,,,,,,,,,,,,,,9.03mm
May-15-2024,8320.00,,,,,,,,,,,,,,,4.13mm
May-16-2024,8600.00,,,,,,,,,,,,,,,7.01mm
May-17-2024,8503.00,,,,,,,,,,,,,,,4.00mm
May-20-2024,8391.00,,,8391,,,,,,,,,,,,3.48mm
May-21-2024,8408.00,,,,,,,,,,,,,,,2.17mm
May-22-2024,8351.00,,,,,,,,,,,,,,,2.85mm
May-23-2024,8281.00,,,,,,,,,,,,,,,2.96mm
May-24-2024,8252.00,,,,,,,,,,,,,,,2.84mm
May-27-2024,8287.00,,,,,,,,,,,,,,,1.86mm
May-28-2024,8192.00,,,,,,,,,,,,,,,2.31mm
May-29-2024,8269.00,,,,,,,,,,,,,,,2.45mm
May-30-2024,8358.00,,,,,,,,,,,,,,,3.74mm
May-31-2024,8555.00,,,,,,,,,,,,,,,10.95mm
Jun-03-2024,8671.00,,,,,,,,,,,,,,,3.72mm
Jun-04-2024,8850.00,,,,,,,,,,,,,,,4.18mm
Jun-05-2024,8752.00,,,,,,,,,,,,,,,3.79mm
Jun-06-2024,8797.00,,,,,,,,,,,,,,,3.03mm
Jun-07-2024,8755.00,,,,,,,,,,,,,,,2.69mm
Jun-10-2024,8739.00,,,,,,,,,,,,,,,2.98mm
Jun-11-2024,8675.00,,,,,,,,,,,,,,,2.95mm
Jun-12-2024,8545.00,,,,,,,,,,,,,,,3.17mm
Jun-13-2024,8363.00,,,,,,,,,,,,,,,4.14mm
Jun-14-2024,8481.00,,,,,,,,,,,,,,,5.21mm
Jun-17-2024,8411.00,,,,,,,,,,,,,,,2.15mm
Jun-18-2024,8672.00,,,,,,,,,,,,,,,4.95mm
Jun-19-2024,8581.00,,,,,,,,,,,,,,,4.04mm
Jun-20-2024,8488.00,,,,,,,,,,,,,,,3.24mm
Jun-21-2024,8482.00,,,,,,,,,,,,,,,3.61mm
Jun-24-2024,8493.00,,,,,,,,,,,,,,,2.46mm
Jun-25-2024,8632.00,,,,,,,,,,,,,,,2.90mm
Jun-26-2024,8684.00,,,,,,,,,,,,,,,3.28mm
Jun-27-2024,8598.00,,,,,,,,,,,,,8598,,2.59mm
Jun-28-2024,8556.00,,,,,,,,,,,,,,,3.38mm
Jul-01-2024,8749.00,,,8749,,,,,,,,,,,,3.66mm
Jul-02-2024,8875.00,,,,,,,,,,,,,,,4.73mm
Jul-03-2024,8887.00,,,,,,,,,,,,,,,2.75mm
Jul-04-2024,8830.00,,,,,,,,,,,,,,,2.07mm
Jul-05-2024,8897.00,,,,,,,,,,,,,,,2.33mm
Jul-08-2024,8791.00,,,,,,,,,,,,,,,3.03mm
Jul-09-2024,8949.00,,,,,,,,,,,,,,,3.48mm
Jul-10-2024,9000.00,,,,,,,,,,,,,,,3.54mm
Jul-11-2024,9100.00,,,,,,,,,,,,,,,4.69mm
Jul-12-2024,8916.00,,,,,,,,,,,,,,,3.59mm
Jul-16-2024,8825.00,,,,,,,,,,,,,,,3.58mm
Jul-17-2024,8748.00,,,,,,,,,,,,,,,3.34mm
Jul-18-2024,8550.00,,,,,,,,,,,,,,,3.42mm
Jul-19-2024,8574.00,,,,,,,,,,,,,,,2.28mm
Jul-22-2024,8532.00,,,,,,,,,,,,,,,2.47mm
Jul-23-2024,8493.00,,,,,,,,,,,,,,,2.07mm
Jul-24-2024,8486.00,,,,,,,,,,,,,,,2.20mm
Jul-25-2024,8280.00,,,,,,,,,,,,,,,3.35mm
Jul-26-2024,8247.00,,,,,,,,,,,,,,,2.68mm
Jul-29-2024,8342.00,,,,,,,,,,,,,,,2.69mm
Jul-30-2024,8348.00,,,,,,,,,,,,,,,2.39mm
Jul-31-2024,8388.00,,,,,,,,,,,,,,,3.16mm
Aug-01-2024,8105.00,,,,,,,,,,,,,,,4.51mm
Aug-02-2024,7915.00,,,,,,,,,,,,,7915,,4.59mm
Aug-05-2024,6607.00,,,,,,,,,,,,,,,11.39mm
Aug-06-2024,7507.00,,,,,,,,,,,,,7507,,7.98mm
Aug-07-2024,7648.00,,,,,,,,,,,,,,,6.96mm
Aug-08-2024,7566.00,,,,,,,,,,,,,,,5.46mm
Aug-09-2024,7801.00,,,,,,,,,,,,,,,6.01mm
Aug-13-2024,7750.00,,,,,,,,,,,,,,,4.15mm
Aug-14-2024,7974.00,,,,,,,,,,,,,,,3.56mm
Aug-15-2024,7898.00,,,,,,,,,,,,,,,3.36mm
Aug-16-2024,8118.00,,,,,,,,,,,,,,,3.63mm
Aug-19-2024,8066.00,,,,,,,,,,,,,,,2.38mm
Aug-20-2024,8149.00,,,,,,,,,,,,,,,2.28mm
Aug-21-2024,8253.00,,,,,,,,,,,,,,,2.65mm
Aug-22-2024,8276.00,,,,,,,,,,,,,,,2.58mm
Aug-23-2024,8225.00,,,,,,,,,,,,,,,2.04mm
Aug-26-2024,8111.00,,,,,,,,,,,,,,,1.99mm
Aug-27-2024,8048.00,,,,,,,,,,,,,,,2.63mm
Aug-28-2024,7967.00,,,,,,,,,,,,,,,2.24mm
Aug-29-2024,7870.00,,,,,,,,,,,,,,,2.96mm
Aug-30-2024,7902.00,,,,,,,,,,,,,,,3.57mm
Sep-02-2024,7923.00,,,,,,,,,,,,,,,1.97mm
Sep-03-2024,7926.00,,,,,,,,,,,,,,,1.86mm
Sep-04-2024,7698.00,,,,,,,,,,,,,,,4.37mm
Sep-05-2024,7731.00,,,,,,,,,,,,,,,3.55mm
Sep-06-2024,7763.00,,,,,,,,,,,,,,,4.01mm
Sep-09-2024,7745.00,,,,,,,,,,,,,,,2.90mm
Sep-10-2024,7695.00,,,,,,,,,,,,,,,3.09mm
Sep-11-2024,7539.00,,,,,,,,,,,,,,,2.68mm
Sep-12-2024,7652.00,,,,,,,,,,,,,,,2.86mm
Sep-13-2024,7583.00,,,,,,,,,,,,,,,4.42mm
Sep-17-2024,7546.00,,,,,,,,,,,,,,,4.67mm
Sep-18-2024,7559.00,,,,,,,,,,,,,,,3.06mm
Sep-19-2024,7673.00,,,,,,,,,,,,,,,3.54mm
Sep-20-2024,7670.00,,,,,,,,,,,,,,,4.24mm
Sep-24-2024,7716.00,,,,,,,,,,,,,,,2.96mm
Sep-25-2024,7628.00,,,,,,,,,,,,,,,3.10mm
Sep-26-2024,7996.00,,,,,,,,,,,,,,,6.61mm
Sep-27-2024,8048.00,,,,,,,,,,8048,,,,,4.91mm
Sep-30-2024,7636.00,,,,,,,,,,,,,,,8.01mm
Oct-01-2024,7696.00,,,,,,,,,,,,,,,3.82mm
Oct-02-2024,7672.00,,,,,,,,,,,,,,,3.75mm
Oct-03-2024,7765.00,,,,,,,,,,,,,,,3.41mm
Oct-04-2024,7743.00,,,,,,,,,,,,,,,2.63mm
Oct-07-2024,8087.00,,,,,,,,,,,,,,,6.73mm
Oct-08-2024,8038.00,,,,,,,,,,,,,,,4.10mm
Oct-09-2024,7877.00,,,,,,,,,,,,,,,4.71mm
Oct-10-2024,7913.00,,,,,,,,,,,,,,,2.76mm
Oct-11-2024,7878.00,,,,,,,,,,,,,,,2.58mm
Oct-15-2024,7944.00,,,,,,,,,,,,,,,4.71mm
Oct-16-2024,7929.00,,,,,,,,,,,,,,,3.53mm
Oct-17-2024,7994.00,,,,,,,,,,,,,,,3.27mm
Oct-18-2024,8019.00,,,,,,,,,,,,,,,4.27mm
Oct-21-2024,8051.00,,,,,,,,,,,,,,,2.92mm
Oct-22-2024,8010.00,,,,,,,,,,,,,,,2.34mm
Oct-23-2024,8078.00,,,,,,,,,,,,,,,3.15mm
Oct-24-2024,8069.00,,,,,,,,,,,,,,,2.71mm
Oct-25-2024,8002.00,,,,,,,,,,,,,,,1.96mm
Oct-28-2024,8160.00,,,,,,,,,,,,,,,3.60mm
Oct-29-2024,8141.00,,,,,,,,,,,,,,,2.64mm
Oct-30-2024,8092.00,,,,,,,,,,,,,,,5.96mm
Oct-31-2024,8145.00,,,,,,,,,,,,,,,4.35mm
Nov-01-2024,7963.00,,,,,,,,,,,,,,,3.07mm
Nov-05-2024,7656.00,,,,,,,,,,,,,7656,,6.28mm
Nov-06-2024,8100.00,,,,,,,,,,,,,8100,,8.21mm
Nov-07-2024,8208.00,,,,,,,,,,,,,,,8.26mm
Nov-08-2024,8193.00,,,,,,,,,,,,,,,3.52mm
Nov-11-2024,8250.00,,,,,,,,,,,,,,,3.87mm
Nov-12-2024,8340.00,,,,,,,,,,,,,,,4.61mm
Nov-13-2024,8066.00,,,,,,,,,,,,,,,4.78mm
Nov-14-2024,8099.00,,,,,,,,,,,,,,,3.81mm
Nov-15-2024,8259.00,,,,,,,,,,,,,,,3.40mm
Nov-18-2024,8200.00,,,,,,,,,,,,,,,4.44mm
Nov-19-2024,8176.00,,,,,,,,,,,,,,,5.13mm
Nov-20-2024,8226.00,,,,,,,,,,,,,,,2.67mm
Nov-21-2024,8203.00,,,,,,,,,,,,,,,2.56mm
Nov-22-2024,8166.00,,,,,,,,,,,,,,,2.53mm
Nov-25-2024,8199.00,,,,,,,,,,,,,,,7.43mm
Nov-26-2024,8309.00,,,,,,,,,,,,,,,4.46mm
Nov-27-2024,8527.00,,,,,,,,,,,,,,,5.29mm
Nov-28-2024,8785.00,,,,,,,,,,,,,,,6.72mm
Nov-29-2024,8810.00,,,,,,,,,,,,,,,6.03mm
Dec-02-2024,8855.00,,,,,,,,,,,,,,,6.25mm
Dec-03-2024,8940.00,,,,,,,,,,,,,,,5.08mm
Dec-04-2024,9182.00,,,,,,,,,,,,,,,7.97mm
Dec-05-2024,9295.00,,,,,,,,,,,,,,,5.70mm
Dec-06-2024,9058.00,,,,,,,,,,,,,,,4.21mm
Dec-09-2024,9216.00,,,,,,,,,,,,,,,3.90mm
Dec-10-2024,9037.00,,,,,,,,,,,,,,,4.52mm
Dec-11-2024,9103.00,,,9103,,,,,,,,,,,,4.18mm
Dec-12-2024,9139.00,,,,,,,,,,,,,,,4.19mm
Dec-13-2024,9124.00,,,,,,,,,,,,,,,3.67mm
Dec-16-2024,9184.00,,,,,,,,,,,,,,,3.15mm
Dec-17-2024,9490.00,,,,,,,,,,,,,,,7.19mm
Dec-18-2024,9265.00,,,,,,,,,,,,,,,4.29mm
Dec-19-2024,9410.00,,,,,,,,,,,,,,,7.30mm
Dec-20-2024,9131.00,,,,,,,,,,,,,,,6.10mm
Dec-23-2024,9171.00,,,,,,,,,,,,,,,2.88mm
Dec-24-2024,9228.00,,,,,,,,,,,,,,,2.32mm
Dec-25-2024,9200.00,,,,,,,,,,,,,,,2.56mm
Dec-26-2024,9260.00,,,,,,,,,,,,,,,2.84mm
Dec-27-2024,9350.00,,,,,,,,,,,,,,,3.24mm
Dec-30-2024,9264.00,,,,,,,,,,,,,,,2.49mm
Jan-06-2025,9070.00,,,,,,,,,,,,,,,4.96mm
Jan-07-2025,9158.00,,,,,,,,,,,,,,,3.53mm
Jan-08-2025,8903.00,,,,,,,,,,,,,,,4.68mm
Jan-09-2025,9119.00,,,,,,,,,,,,,,,4.55mm
Jan-10-2025,9248.00,,,,,,,,,,,,,,,4.44mm
Jan-14-2025,9332.00,,,,,,,,,,,,,,,6.94mm
Jan-15-2025,9565.00,,,,,,,,,,,,,,,7.21mm
Jan-16-2025,9590.00,,,,,,,,,,,,,,,7.25mm
Jan-17-2025,9181.00,,,,,,,,,,,,,,,18.67mm
Jan-20-2025,8901.00,,,,,,,,,,,,,,,11.50mm
Jan-21-2025,9044.00,,,,,,,,,,,,,,,6.36mm
Jan-22-2025,9404.00,,,,,,,,,,,,,,,6.96mm
Jan-23-2025,9559.00,,,,,,,,,,,,,,,8.46mm
Jan-24-2025,9890.00,,,,,,,,,,,,,,,9.20mm
Jan-27-2025,9793.00,,,,,,,,,,,,,,,5.75mm
Jan-28-2025,10250.00,,,,,,,,,,,,,,,9.43mm
Jan-29-2025,10190.00,,,,,,,,,,,,,,,4.04mm
Jan-30-2025,10425.00,,,,,,,,,,,,,,,4.38mm
Jan-31-2025,10230.00,,,,,,,,,,,,,,,4.35mm
Feb-03-2025,10175.00,,,,,,,,,,,,,,,3.77mm
Feb-04-2025,10400.00,,,,,,,,,,,,,10400,,4.33mm
Feb-05-2025,10700.00,,,,,,,,,,,,,,,7.62mm
Feb-06-2025,11000.00,,,,,,,,,,,,,,,5.87mm
Feb-07-2025,10805.00,,,,,,,,,,,,,,,4.22mm
Feb-10-2025,10935.00,,,,,,,,,,,,,10935,,3.95mm
Feb-12-2025,10980.00,,,,,,,,,,,,,,,6.36mm
Feb-13-2025,11250.00,,,,,,,,,,,,,,,5.22mm
Feb-14-2025,11245.00,,,,,,,,,,,,,,,5.32mm
Feb-17-2025,11395.00,,,,,,,,,,,,,,,5.05mm
Feb-18-2025,11450.00,,,,,,,,,,,,,,,3.62mm
Feb-19-2025,11760.00,,,,,,,,,,,,,,,6.80mm
Feb-20-2025,11490.00,,,,,,,,,,,,,,,5.19mm
Feb-21-2025,11455.00,,,,,,,,,,,,,,,5.37mm
Feb-25-2025,11310.00,,,,,,,,,,,,,,,4.53mm
Feb-26-2025,11105.00,,,,,,,,,,,,,,,5.73mm
Feb-27-2025,11400.00,,,,,,,,,,,,,,,3.96mm
Feb-28-2025,11160.00,,,,,,,,,,,,,,,10.57mm
Mar-03-2025,11065.00,,,,,,,,,,,,,11065,,4.70mm
Mar-04-2025,11130.00,,,,,,,,,,,,,,,3.94mm
Mar-05-2025,11175.00,,,,,,,,,,,,,,,3.64mm
Mar-06-2025,11385.00,,,,,,,,,,,,,,,3.80mm
Mar-07-2025,10335.00,,,,,,,,,,,,,,,8.65mm
Mar-10-2025,10005.00,,,,,,,,,,,,,,,6.78mm
Mar-11-2025,10055.00,,,,,,,,,,,,,,,7.55mm
Mar-12-2025,10160.00,,,,,,,,,,,,,,,3.70mm
Mar-13-2025,10180.00,,,,,,,,,,,,,,,4.44mm
Mar-14-2025,10265.00,,,,,,,,,,,,,,,3.66mm
Mar-17-2025,10285.00,,,,,,,,,,,,,,,2.72mm
Mar-18-2025,10270.00,,,,,,,,,,,,,,,3.24mm
Mar-19-2025,10550.00,,,,,,,,,,,,,,,4.16mm
Mar-21-2025,10895.00,,,,,,,,,,,,,,,6.41mm
Mar-24-2025,10690.00,,,,,,,,,,,,,,,3.05mm
Mar-25-2025,10765.00,,,,,,,,,,,,,,,2.84mm
Mar-26-2025,11330.00,,,,,,,,,,,,,,,6.67mm
Mar-27-2025,11030.00,,,,,,,,,,,,,,,6.59mm
Mar-28-2025,10835.00,,,,,,,,,,10835,,,,,4.28mm
Mar-31-2025,10110.00,,,,,,,,,,,,,,,6.80mm
Apr-01-2025,10205.00,,,,,,,,,,,,,,,5.21mm
Apr-02-2025,10420.00,,,,,,,,,,,,,,,5.72mm
Apr-03-2025,10080.00,,,,,,,,,,,,,,,12.95mm
Apr-04-2025,9977.00,,,,,,,,,,,,,,,10.53mm
Apr-07-2025,9194.00,,,,,,,,,,,,,,,13.80mm
Apr-08-2025,9841.00,,,,,,,,,,,,,,,11.43mm
Apr-09-2025,9405.00,,,,,,,,,,,,,,,11.16mm
Apr-10-2025,10505.00,,,,,,,,,,,,,,,8.56mm
Apr-11-2025,10040.00,,,,,,,,,,,,,,,8.43mm
Apr-14-2025,10350.00,,,,,,,,,,,,,,,4.27mm
Apr-15-2025,10305.00,,,,,,,,,,,,,,,2.89mm
Apr-16-2025,10040.00,,,,,,,,,,,,,,,4.09mm
Apr-17-2025,10345.00,,,,,,,,,,,,,,,3.58mm
Apr-18-2025,10370.00,,,,,,,,,,,,,,,2.67mm
Apr-21-2025,10245.00,,,,,,,,,,,,,,,3.15mm
Apr-22-2025,10175.00,,,,,,,,,,,,,,,3.56mm
Apr-23-2025,10415.00,,,,,,,,,,,,,,,4.16mm
Apr-24-2025,11000.00,,,,,,,,,,,,,,,8.52mm
Apr-25-2025,11400.00,,,,,,,,,,,,,,,6.86mm
Apr-28-2025,11435.00,,,,,,,,,,,,,,,4.52mm
Apr-30-2025,11830.00,,,,,,,,,,,,,,,7.51mm
May-01-2025,12145.00,,,,,,,,,,,,,,,7.36mm
May-02-2025,12360.00,,,,,,,,,,,,,,,8.35mm
May-07-2025,12350.00,,,,,,,,,,,,,,,8.42mm
May-08-2025,12020.00,,,,12020,12020,,,,,12020,,,12020,,6.59mm
May-09-2025,11820.00,,,,,,,,,,,,,,,12.56mm
May-12-2025,11580.00,,,,,,,,,,,,,,,4.91mm
May-13-2025,12005.00,,,,,,,,,,,,,,,6.15mm
May-14-2025,11700.00,,,,,,,,,,,,,,,4.28mm
May-15-2025,11445.00,,,,,,,,,,,,,11445,,5.20mm
May-16-2025,11640.00,,,,,,,,,,,,,,,4.19mm
May-19-2025,11620.00,,,,,,,,,,,,,,,3.08mm
May-20-2025,11530.00,,,,,,,,,,,,,,,3.85mm
May-21-2025,11265.00,,,,,,,,,,,,,,,3.97mm
May-22-2025,11200.00,,,,,,,,,,,,,,,3.96mm
May-23-2025,11800.00,,,,,,,,,,,,,,,5.78mm
May-26-2025,11965.00,,,,,,,,,,,,,,,4.80mm
May-27-2025,12205.00,,,,,,,,,,,,,,,4.11mm
May-28-2025,12150.00,,,,,,,,,,,,,,,6.28mm
May-29-2025,12330.00,,,,,,,,,,,,,,,4.97mm
May-30-2025,11835.00,,,,,,,,,,,,,,,11.45mm
Jun-02-2025,11745.00,,,,,,,,,,,,,,,5.19mm
Jun-03-2025,11695.00,,,,,,,,,,,,,,,4.59mm
Jun-04-2025,12090.00,,,,,,,,,,,,,,,6.50mm
Jun-05-2025,11850.00,,,,,,,,,,,,,,,5.15mm
Jun-06-2025,11905.00,,,,,,,,,,,,,,,5.13mm
Jun-09-2025,12080.00,,,,,,,,,,,,,,,4.12mm
Jun-10-2025,12105.00,,,,,,,,,,,,,,,5.22mm
Jun-11-2025,11665.00,,,,,,,,,,,,,,,8.47mm
Jun-12-2025,11795.00,,,,,,,,,,,,,,,4.95mm
Jun-13-2025,11815.00,,,,,,,,,,,,,,,5.23mm
Jun-16-2025,11945.00,,,,,,,,,,,,,,,4.14mm
Jun-17-2025,12440.00,,,,,,,,,,,,,,,6.43mm
Jun-18-2025,13260.00,,,,,,,,,,,,,,,11.61mm
Jun-19-2025,13275.00,,,,,,,,,,,,,,,7.71mm
Jun-20-2025,12730.00,,,,,,,,,,,,,,,8.25mm
Jun-23-2025,12670.00,,,,,,,,,,,,,,,5.15mm
Jun-24-2025,12885.00,,,,,,,,,,,,,,,3.95mm
Jun-25-2025,13355.00,,,,,,,,,,,,,,,8.45mm
Jun-26-2025,13420.00,,,,,,,,,,,,,,,6.44mm
Jun-27-2025,13630.00,,,,,13630,,,,,,,,13630,,6.65mm
Jun-30-2025,13880.00,,,,,,,,,,,,,,,6.68mm
Jul-01-2025,13430.00,,,,,,,,,,,,,,,4.23mm
Jul-02-2025,13000.00,,,,,,,,,,,,,,,5.28mm
Jul-03-2025,13110.00,,,,,,,,,,,,,,,5.05mm
Jul-04-2025,13200.00,,,,,,,,,,,,,,,2.68mm
Jul-07-2025,13200.00,,,,,,,,,,,,,,,2.00mm
Jul-08-2025,13045.00,,,,,,,,,,,,,,,4.61mm
Jul-09-2025,12985.00,,,,,,,,,,,,,,,4.20mm
Jul-10-2025,12680.00,,,,,,,,,,,,,,,5.17mm
Jul-11-2025,12685.00,,,,,,,,,,,,,,,3.09mm
Jul-14-2025,12490.00,,,,,,,,,,,,,,,3.49mm
Jul-15-2025,12525.00,,,,,,,,,,,,,,,2.36mm
Jul-16-2025,12695.00,,,,,,,,,,,,,,,3.32mm
Jul-17-2025,12985.00,,,,,,,,,,,,,,,3.89mm
Jul-18-2025,12970.00,,,,,,,,,,,,,,,3.29mm
Jul-22-2025,12850.00,,,,,,,,,,,,,,,4.17mm
Jul-23-2025,12940.00,,,,,,,,,,,,,,,4.54mm
Jul-24-2025,13200.00,,,,,,,,,,,,,,,4.03mm
Jul-25-2025,12880.00,,,,,,,,,,,,,,,3.98mm
Jul-28-2025,12845.00,,,,,,,,,,,,,,,3.06mm
Jul-29-2025,12815.00,,,,,,,,,,,,,,,2.56mm
Jul-30-2025,12715.00,,,,,,,,,,,,,,,3.06mm
Jul-31-2025,12690.00,,,,,,,,,,,,,,,4.31mm
Aug-01-2025,12595.00,,,,,,,,,,,,,12595,,4.81mm
Aug-04-2025,13240.00,,,,,,,,,,,,,,,11.19mm
Aug-05-2025,13415.00,,,,,,,,,,,,,13415,,6.15mm
Aug-06-2025,13480.00,,,,,,,,,,,,,,,4.05mm
Aug-07-2025,13755.00,,,,,,,,,,,,,,,5.15mm
Aug-08-2025,14355.00,,,,,,,,,,,,,,,9.14mm
Aug-12-2025,14185.00,,,,,,,,,,,,,,,6.32mm
Aug-13-2025,14275.00,,,,,,,,,,,,,,,5.28mm
Aug-14-2025,14180.00,,,,,,,,,,,,,,,6.00mm
Aug-15-2025,14400.00,,,,,,,,,,,,,,,3.76mm
Aug-18-2025,14655.00,,,,,,,,,,,,,,,4.39mm
Aug-19-2025,14275.00,,,,,,,,,,,,,,,4.67mm
Aug-20-2025,13820.00,,,,,,,,,,,,,,,4.47mm
Aug-21-2025,13685.00,,,,,,,,,,,,,,,3.09mm
Aug-22-2025,13760.00,,,,,,,,,,,,,,,2.89mm
Aug-25-2025,13750.00,,,,,,,,,,,,,,,3.44mm
Aug-26-2025,13525.00,,,,,,,,,,,,,,,3.35mm
Aug-27-2025,13375.00,,,,,,,,,,,,,,,4.07mm
Aug-28-2025,13430.00,,,,,,,,,,,,,,,5.40mm
Aug-29-2025,13310.00,,,,,,,,,,,,,,,3.50mm
Sep-01-2025,13150.00,,,,,,,,,,,,,,,3.11mm
Sep-02-2025,13110.00,,,,,,,,,,,,,,,2.28mm
Sep-03-2025,13105.00,,,,,,,,,,,,,,,3.60mm
Sep-04-2025,13300.00,,,,,,,,,,,,,,,3.68mm
Sep-05-2025,13270.00,,,,,,,,,,,,,,,2.84mm
Sep-08-2025,13790.00,,,,,,,,,,,,,,,5.23mm
Sep-09-2025,13740.00,,,,,,,,,,,,,,,4.04mm
Sep-10-2025,13790.00,,,,,,,,,,,,,,,3.41mm
Sep-11-2025,14150.00,,,,,,,,,,,,,,,5.80mm
Sep-12-2025,14240.00,,,,,,,,,,,,,,,4.94mm
Sep-16-2025,13775.00,,,,,,,,,,,,,,,5.86mm
Sep-17-2025,13535.00,,,,,,,,,,,,,,,4.33mm
Sep-18-2025,13115.00,,,,,,,,,,,,,,,6.13mm
Sep-19-2025,12800.00,,,,,,,,,,,,,,,11.17mm
Sep-22-2025,12695.00,,,,,,,,,,,,,,,5.84mm
Sep-24-2025,13100.00,,,,,,,,,,,,,,,5.54mm
Sep-25-2025,12835.00,,,,,,,,,,,,,,,4.13mm
Sep-26-2025,13000.00,,,,,,,,,,,,,,,4.75mm
Sep-29-2025,12800.00,,,,,,,,,,12800,,,,,4.05mm
Sep-30-2025,12805.00,,,,,,,,,,,,,,,4.42mm
Oct-01-2025,13000.00,,,,,,,,,,,,,,,5.49mm
Oct-02-2025,12785.00,,,,,,,,,,,,,,,5.27mm
Oct-03-2025,12660.00,,,,,,,,,,,,,,,3.35mm
Oct-06-2025,12865.00,,,,,,,,,,,,,,,7.08mm
Oct-07-2025,12950.00,,,,,,,,,,,,,,,3.18mm
Oct-08-2025,12845.00,,,,,,,,,,,,,,,3.77mm
Oct-09-2025,12665.00,,,,,,,,,,,,,,,4.38mm
Oct-10-2025,12385.00,,,,,,,,,,,,,,,4.09mm
Oct-14-2025,12400.00,,,,,,,,,,,,,,,4.70mm
Oct-15-2025,12515.00,,,,,,,,,,,,,,,3.19mm
Oct-16-2025,12150.00,,,,,,,,,,,,,,,4.70mm
Oct-17-2025,12470.00,,,,,,,,,,,,,,,7.34mm
Oct-20-2025,12865.00,,,,,,,,,,,,,,,4.98mm
Oct-21-2025,13240.00,,,,,,,,,,,,,,,6.75mm
Oct-22-2025,13105.00,,,,,,,,,,,,,,,5.43mm
Oct-23-2025,13050.00,,,,,,,,,,,,,,,3.20mm
Oct-24-2025,12840.00,,,,,,,,,,,,,,,3.00mm
Oct-27-2025,13050.00,,,,,,,,,,,,,,,2.82mm
Oct-28-2025,13025.00,,,,,,,,,,,,,,,2.21mm
Oct-29-2025,12940.00,,,,,,,,,,,,,,,2.91mm
Oct-30-2025,12910.00,,,,,,,,,,,,,,,4.18mm
Oct-31-2025,13045.00,,,,,,,,,,,,,,,3.72mm
Nov-04-2025,12945.00,,,,12945,12945,,,,,12945,,,12945,,5.48mm
Nov-05-2025,13750.00,,,,,,,,,,,,,13750,,15.71mm
Nov-06-2025,14105.00,,,,,,,,,,,,,,,11.10mm
Nov-07-2025,13905.00,,,,,,,,,,,,,,,5.37mm
Nov-10-2025,13420.00,,,,,,,,,,,,,,,4.11mm
Nov-11-2025,13615.00,,,,,,,,,,,,,,,3.72mm
Nov-12-2025,13885.00,,,,,,,,,,,,,,,3.55mm
Nov-13-2025,13665.00,,,,,,,,,,,,,,,3.63mm
Nov-14-2025,13445.00,,,,,,,,,,,,,,,2.97mm
Nov-17-2025,13430.00,,,,,,,,,,,,,,,1.85mm
Nov-18-2025,13200.00,,,,,,,,,,,,,,,2.97mm
Nov-19-2025,13030.00,,,,,,,,,,,,,,,3.50mm
Nov-20-2025,13275.00,,,,,,,,,,,,,,,2.76mm
Nov-21-2025,13300.00,,,,,,,,,,,,,,,4.42mm
Nov-25-2025,13120.00,,,,,,,,,,,,,,,3.19mm
Nov-26-2025,13235.00,,,,,,,,,,,,,,,2.71mm
Nov-27-2025,13170.00,,,13170,,,,,,,,,,,,1.72mm
Nov-28-2025,13280.00,,,,,,,,,,,,,,,2.62mm
Dec-01-2025,13065.00,,,,,,,,,,,,,,,2.52mm
Dec-02-2025,12865.00,,,,,,,,,,,,,,,2.59mm
Dec-03-2025,12655.00,,,,,,,,,,,,,,,3.00mm
Dec-04-2025,12875.00,,,,,,,,,,,,,,,2.56mm
Dec-05-2025,12500.00,,,,,,,,,,,,,,,3.77mm
Dec-08-2025,12320.00,,,,,,,,,,,,,,,2.75mm
Dec-09-2025,11900.00,,,,,,,,,,,,,,,5.77mm
Dec-10-2025,11580.00,,,,,,,,,,,,,,,8.60mm
Dec-11-2025,11400.00,,,,,,,,,,,,,,,8.79mm
Dec-12-2025,11730.00,,,,,,,,,,,,,,,7.51mm
Dec-15-2025,11495.00,,,,,,,,,,,,,,,5.29mm
Dec-16-2025,11350.00,,,,,,,,,,,,,,,4.09mm
Dec-17-2025,11180.00,,,,,,,,,,,,,,,4.67mm
Dec-18-2025,10985.00,,,,,,,,,,,,,,,5.35mm
Dec-19-2025,10650.00,,,,,,,,,,,,,,,7.11mm
Dec-22-2025,10245.00,,,,,,,,,,,,,,,10.23mm
Dec-23-2025,10515.00,,,,,,,,,,,,,,,10.39mm
Dec-24-2025,10435.00,,,,,,,,,,,,,,,5.65mm
Dec-25-2025,10550.00,,,,,,,,,,,,,,,3.39mm
Dec-26-2025,10795.00,,,,,,,,,,,,,,,6.62mm
Dec-29-2025,10740.00,,,,,,,,,,,,,,,4.36mm
Dec-30-2025,10595.00,,,,,,,,,,,,,,,3.62mm
Jan-05-2026,10650.00,,,,,,,,,,,,,,,6.95mm
Jan-06-2026,10855.00,,,,,,,,,,,,,,,6.14mm
Jan-07-2026,10350.00,,,,,,,,,,,,,,,8.14mm
Jan-08-2026,10180.00,,,,,,,,,,,,,,,5.60mm
Jan-09-2026,10165.00,,,,,,,,,,,,,,,7.16mm
Jan-13-2026,9950.00,,,,,,,,,,,,,,,15.67mm
Jan-14-2026,10220.00,,,,,,,,,,,,,,,8.04mm
Jan-15-2026,10450.00,,,,,,,,,,,,,,,9.13mm
Jan-16-2026,10520.00,,,,,,,,,,,,,,,5.99mm
Jan-19-2026,10585.00,,,,,,,,,,,,,,,4.17mm
Jan-20-2026,10445.00,,,,,,,,,,,,,,,3.81mm
Jan-21-2026,10180.00,,,,,,,,,,,,,,,5.93mm
Jan-22-2026,9950.00,,,,,,,,,,,,,,,10.84mm
Jan-23-2026,10400.00,,,,,,,,,,,,,,,11.17mm
Jan-26-2026,10415.00,,,,,,,,,,,,,,,6.45mm
Jan-27-2026,10375.00,,,,,,,,,,,,,,,4.94mm
Jan-28-2026,10165.00,,,,,,,,,,,,,,,4.54mm
Jan-29-2026,9931.00,,,,,,,,,,,,,,,7.70mm
Jan-30-2026,10055.00,,,,,,,,,,,,,,,6.59mm
Feb-02-2026,9899.00,,,,,,,,,,,,,,,10.49mm
Feb-03-2026,10080.00,,,,,,,,,,,,,10080,,9.98mm
Feb-04-2026,8973.00,,,,,,,,,,,,,,,33.99mm
Feb-05-2026,8782.00,,,,,,,,,,,,,,,20.69mm
Feb-06-2026,8441.00,,,,,,,,,,,,,,,21.43mm
Feb-09-2026,8662.00,,,,,,,,,,,,,,,13.83mm
Feb-10-2026,8930.00,,,,,,,,,,,,,8930,,13.77mm
Feb-12-2026,8640.00,,,,,,,,,,,,,,,17.10mm
Feb-13-2026,8350.00,,,,,,,,,,,,,,,13.51mm
Feb-16-2026,8449.00,,,,,,,,,,,,,,,11.13mm
Feb-17-2026,8409.00,,,,,,,,,,,,,,,6.97mm
Feb-18-2026,8636.00,,,,,,,,,,,,,,,6.99mm
Feb-19-2026,8618.00,,,,,,,,,,,,,,,7.41mm
Feb-20-2026,8587.00,,,,,,,,,,,,,,,6.39mm
Feb-24-2026,8541.00,,,,,,,,,,,,,,,8.33mm
Feb-25-2026,8514.00,,,,,,,,,,,,,,,6.80mm
Feb-26-2026,8737.00,,,,,,,,,,,,,,,10.33mm
Feb-27-2026,8995.00,,,8995,,8995,,,,,,,,,,20.12mm
Mar-02-2026,8742.00,,,,,,,,,,,,,,,11.65mm
Mar-03-2026,8588.00,,,8588,,,,,,,,8588,,,,8.10mm
Mar-04-2026,8702.00,,,,,,,,,,,,,,,11.32mm
Mar-05-2026,8577.00,,,,,,,,,,,,,,,10.37mm
Mar-06-2026,8680.00,,,,,,,,,,,,,,,7.39mm
Mar-09-2026,8606.00,,,,,,,,,,,,,,,13.03mm
Mar-10-2026,9120.00,,,,,,,,,,,,,,,18.40mm
Mar-11-2026,9932.00,,,,,,,,,,,,,,,32.51mm
Mar-12-2026,10150.00,,,,,,,,,,,,,,,18.85mm
Mar-13-2026,10220.00,,,,,,,,,,,,,,,15.87mm
Mar-16-2026,10100.00,,,,,,,,,,,,,,,16.86mm
Mar-17-2026,9820.00,,,,,,,,,,,,,,,10.82mm
Mar-18-2026,9859.00,,,,,,,,,,,,,,,10.92mm
Mar-19-2026,9734.00,,,,,,,,,,,,,,,10.75mm
Mar-23-2026,9432.00,,,,,,,,,,,,,,,9.61mm
Mar-24-2026,8984.00,,,,,,,,,,,,,,,15.12mm
Mar-25-2026,8980.00,,,,,,,,,,,,,,,11.37mm
Mar-26-2026,8990.00,,,,,,,,,,,,,,,7.08mm
Mar-27-2026,9215.00,,,,,,,,,,,,,,,9.07mm
Mar-30-2026,8899.00,,,,,,,,,,8899,,,,,8.18mm
Mar-31-2026,8775.00,,,,,,,,,,,,,,,7.84mm
Apr-01-2026,9005.00,,,,,,,,,,,,,,,7.54mm
Apr-02-2026,8762.00,,,,,,,,,,,,,,,9.01mm
Apr-03-2026,8736.00,,,,,,,,,,,,,,,5.52mm
Apr-06-2026,8849.00,,,,,,,,,,,,,,,4.55mm
Apr-07-2026,8844.00,,,,,,,,,,,,,,,6.33mm
Apr-08-2026,8707.00,,,,,,,,,,,,,,,11.79mm
Apr-09-2026,8531.00,,,,,,,,,,,,,,,8.55mm
Apr-10-2026,8300.00,,,,,,,,,,,,,,,12.82mm
Apr-13-2026,8297.00,,,,,,,,,,,,,,,9.00mm
Apr-14-2026,8199.00,,,,,,,,,,,,,,,10.06mm
Apr-15-2026,8189.00,,,,,,,,,,,,,,,10.37mm
Apr-16-2026,8324.00,,,,,,,,,,,,,,,9.17mm
Apr-17-2026,8615.00,,,,,,,,,,,,,,,10.72mm