Dates,Sony Group Corporation (TSE:6758) - Volume,Sony Group Corporation (TSE:6758) - Share Pricing,Annotation,Annotation,Bankruptcy Updates,Transaction Updates,Announced/Completed Transactions,Potential Red Flags/Distress Indicators,Dividends/Splits,Company Forecasts and Ratings,Listing/Trading Related,Potential Transactions,Corporate Structure Related,Investor Activism,Insider Trades,Results Announcements/Corporate Communications,Annotation
Apr-20-2016,72.88mm,605.40,,,,,,,,,,,,,,,
Apr-21-2016,48.36mm,614.00,,,,,,,,614,,,,,,,
Apr-22-2016,82.42mm,603.40,,,,,,,,,,,,,,,
Apr-25-2016,91.21mm,567.10,,,,,,,,,,,,,,,
Apr-26-2016,45.65mm,570.00,,,,,,,,,,,,,,,
Apr-27-2016,29.18mm,567.40,,,,,,,,,,,,,,,
Apr-28-2016,53.65mm,555.60,,,,,,,555.6,555.6,,,555.6,,,555.6,
May-02-2016,64.60mm,533.30,,,,,,,,,,,,,,,
May-06-2016,74.17mm,512.70,,,,,,,,,,,,,,,
May-09-2016,40.78mm,520.70,,,,,,,,,,,,,,,
May-10-2016,45.01mm,536.30,,,,,,,,,,,,,,,
May-11-2016,52.12mm,546.00,,,,,,,,,,,,,,,
May-12-2016,73.30mm,570.00,,,,,,,,,,,,,,,
May-13-2016,83.31mm,579.40,,,,,,,,,,,,,,,
May-16-2016,43.10mm,572.00,,,,,,,,,,,,,,,
May-17-2016,34.61mm,572.70,,,,,572.7,,,,,,572.7,,,,
May-18-2016,60.11mm,588.80,,,,,,,,,,,,,,,
May-19-2016,37.83mm,576.50,,,,,,,,,,,,,,,
May-20-2016,32.06mm,583.40,,,,,,,,,,,,,,,
May-23-2016,41.96mm,580.70,,,,,,,,,,,,,,,
May-24-2016,41.03mm,577.10,,,,,,,,577.1,,,,,,577.1,
May-25-2016,113.88mm,614.40,,,,,,,,,,,,,,,
May-26-2016,59.45mm,614.40,,,,,,,,,,,,,,,
May-27-2016,29.98mm,615.60,,,,,,,,,,,,,,,
May-30-2016,22.67mm,616.40,,,,,,,,,,,,,,,
May-31-2016,34.13mm,620.00,,,,,,,,,,,,,,,
Jun-01-2016,35.88mm,614.60,,,,,,,,,,,,,,,
Jun-02-2016,32.95mm,604.60,,,,,,,,,,,,,,,
Jun-03-2016,35.05mm,614.40,,,,,,,,,,,,,,,
Jun-06-2016,32.66mm,617.00,,,,,,,,,,,,,,,
Jun-07-2016,26.71mm,620.40,,,,,,,,,,,,,,,
Jun-08-2016,28.86mm,623.40,,,,,,,,,,,,,,,
Jun-09-2016,22.46mm,614.80,,,,,,,,,,,,,,,
Jun-10-2016,36.23mm,610.20,,,,,,,,,,,,,,,
Jun-13-2016,40.97mm,586.00,,,,,,,,,,,,,,,
Jun-14-2016,51.34mm,588.20,,,,,,,,,,,,,,,
Jun-15-2016,41.94mm,595.00,,,,,,,,,,,,,,,
Jun-16-2016,63.10mm,575.90,,,,,,,,,,,,,,,
Jun-17-2016,44.40mm,579.80,,,,,,,,,,,,,,579.8,
Jun-20-2016,37.28mm,597.50,,,,,,,,,,,,,,,
Jun-21-2016,37.38mm,612.00,,,,,,,,,,,,,,,
Jun-22-2016,36.66mm,600.80,,,,,,,,,,,,,,,
Jun-23-2016,26.10mm,603.40,,,,,,,,,,,,,,,
Jun-24-2016,93.59mm,555.10,,,,,,555.1,,,,,,,,,
Jun-27-2016,38.78mm,556.40,,,,,,,,,,,,,,,
Jun-28-2016,43.99mm,565.10,,,,,,,,,,,,,,,
Jun-29-2016,66.23mm,592.40,,,,,,,,592.4,,,,,,592.4,
Jun-30-2016,59.62mm,597.60,,,,,,,,,,,,,,,
Jul-01-2016,34.90mm,601.40,,,,,,,,,,,,,,,
Jul-04-2016,27.58mm,607.60,,,,,,,,,,,,,,,
Jul-05-2016,27.11mm,607.20,,,,,,,,,,,,,,,
Jul-06-2016,45.37mm,605.80,,,,,,,,,,,,,,,
Jul-07-2016,35.96mm,606.80,,,,,,,,,,,,,,,
Jul-08-2016,37.63mm,602.60,,,,,,,,,,,,,,,
Jul-11-2016,56.57mm,626.60,,,,,,,,,,,,,,,
Jul-12-2016,52.75mm,628.20,,,,,,,,,,,,,,,
Jul-13-2016,60.70mm,614.80,,,,,,,,,,,,,,,
Jul-14-2016,38.77mm,632.40,,,,,,,,,,,,,,,
Jul-15-2016,46.53mm,635.80,,,,,,,,,,,,,,,
Jul-19-2016,56.55mm,647.20,,,,,,,,,,,,,,,
Jul-20-2016,29.01mm,646.40,,,,,,,,,,,,,,,
Jul-21-2016,35.87mm,642.60,,,,,,,,,,,,,,,
Jul-22-2016,33.40mm,639.20,,,,,,,,,,,,,,,
Jul-25-2016,22.84mm,632.00,,,,,,,,,,,,,,,
Jul-26-2016,24.51mm,632.00,,,,,,,,,,,,,,,
Jul-27-2016,31.22mm,645.20,,,,,,,,,,,,,,,
Jul-28-2016,24.90mm,638.40,,,,,638.4,,,,,,,,,,
Jul-29-2016,54.95mm,656.40,,,,,,,656.4,656.4,,,,,,656.4,
Aug-01-2016,52.49mm,667.80,,,,,,,,,,,,,,,
Aug-02-2016,32.22mm,664.60,,,,,,,,,,,,,,,
Aug-03-2016,31.44mm,653.60,,,,,,,,,,,,,,,
Aug-04-2016,25.62mm,655.80,,,,,,,,,,,,,,,
Aug-05-2016,22.97mm,658.60,,,,,,,,,,,,,,,
Aug-08-2016,24.83mm,659.40,,,,,,,,,,,,,,,
Aug-09-2016,30.53mm,674.80,,,,,,,,,,,,,,,
Aug-10-2016,27.52mm,674.60,,,,,,,,,,,,,,,
Aug-12-2016,25.38mm,669.80,,,,,,,,,,,,,,,
Aug-15-2016,22.74mm,660.00,,,,,,,,,,,,,,,
Aug-16-2016,29.91mm,659.00,,,,,,,,,,,,,,,
Aug-17-2016,33.98mm,650.60,,,,,650.6,,,,,650.6,,,,,
Aug-18-2016,32.69mm,654.00,,,,,654,,,,,,,,,,
Aug-19-2016,19.95mm,654.60,,,,,,,,,,,,,,,
Aug-22-2016,19.94mm,663.80,,,,,,,,,,,,,,,
Aug-23-2016,22.87mm,660.40,,,,,,,,,,,,,,,
Aug-24-2016,33.49mm,674.60,,,,,,,,,,,,,,,
Aug-25-2016,28.61mm,674.20,,,,,,,,,,,,,,,
Aug-26-2016,23.52mm,666.20,,,,,,,,,,,,,,,
Aug-29-2016,26.66mm,669.40,,,,,,,,,,,,,,,
Aug-30-2016,18.05mm,665.20,,,,,,,,,,665.2,,,,,
Aug-31-2016,31.01mm,665.00,,,,,,,,,,,,,,,
Sep-01-2016,25.13mm,660.00,,,,,,,,,,,,,,,
Sep-02-2016,26.83mm,670.00,,,,,,,,,,,,,,,
Sep-05-2016,35.26mm,680.20,,,,,,,,,,,,,,,
Sep-06-2016,26.24mm,687.00,,,,,,,,,,,,,,,
Sep-07-2016,25.03mm,687.40,,,,,,,,,,,,,,,
Sep-08-2016,25.63mm,682.20,,,,,,,,,,,,,,,
Sep-09-2016,24.48mm,677.80,,,,,677.8,,,,,,,,,,
Sep-12-2016,32.77mm,657.40,,,,,,,,,,,,,,657.4,
Sep-13-2016,26.76mm,667.40,,,,,,,,,,,,,,,
Sep-14-2016,20.21mm,663.80,,,,,,,,,,,,,,,
Sep-15-2016,21.77mm,655.80,,,,,655.8,,,,,,,,,,
Sep-16-2016,19.54mm,654.00,,,,,,,,,,,,,,,
Sep-20-2016,32.97mm,664.00,,,,,,,,,,,,,,,
Sep-21-2016,35.47mm,674.60,,,,,,,,,,,,,,,
Sep-23-2016,31.89mm,680.00,,,,,,,,,,,,,,,
Sep-26-2016,20.98mm,676.20,,,,,,,,,,,,,,,
Sep-27-2016,30.90mm,675.60,,,,,,,675.6,,,,,,,,
Sep-28-2016,21.19mm,673.60,,,,,,,673.6,,,,,,,,
Sep-29-2016,24.76mm,676.60,,,,,,,,,,,,,,,
Sep-30-2016,35.50mm,658.60,,,,,,,,,,,,,,,
Oct-03-2016,21.27mm,667.00,,,,,,,,,,,,,,,
Oct-04-2016,18.56mm,674.20,,,,,,,,,,,,,,,
Oct-05-2016,19.84mm,678.40,,,,,,,,,,,,,,,
Oct-06-2016,19.28mm,677.00,,,,,,,,,,,,,,,
Oct-07-2016,23.18mm,670.00,,,,,,,,,,,,,,,
Oct-11-2016,36.27mm,682.80,,,,,,,,,,,,,,,
Oct-12-2016,21.35mm,676.80,,,,,,,,,,,,,,,
Oct-13-2016,42.58mm,685.60,,,,,,,,,,,,,,,
Oct-14-2016,44.82mm,687.80,,,,,,,,,,,,,,,
Oct-17-2016,26.20mm,685.20,,,,,,,,,,,,,,,
Oct-18-2016,32.90mm,694.40,,,,,,,,,,,,,,,
Oct-19-2016,28.46mm,680.40,,,,,,,,,,,,,,,
Oct-20-2016,30.51mm,680.60,,,,,,,,,,,,,,,
Oct-21-2016,48.34mm,664.20,,,,,,,,,,,,,,,
Oct-24-2016,25.70mm,663.60,,,,,,,,,,,,,,,
Oct-25-2016,25.31mm,666.00,,,,,,666,,,,,,,,,
Oct-26-2016,20.88mm,665.00,,,,,,,,,,,,,,,
Oct-27-2016,20.36mm,660.40,,,,,,,,,,,,,,,
Oct-28-2016,28.52mm,660.00,,,,,,,,,,,,,,,
Oct-31-2016,30.55mm,672.20,,,,,,672.2,,672.2,,,,,,672.2,
Nov-01-2016,37.58mm,667.40,,,,,,,667.4,,,,667.4,,,667.4,
Nov-02-2016,45.43mm,653.00,,,,,,,,,,,,,,,
Nov-04-2016,42.59mm,635.00,,,,,,,,,,,,,,,
Nov-07-2016,41.24mm,629.80,,,,,,,,,,,,,,629.8,
Nov-08-2016,23.31mm,637.00,,,,,,,,,,,,,,637,
Nov-09-2016,73.66mm,604.60,,,,,,,,,,,,,,,
Nov-10-2016,51.69mm,641.40,,,,,,,,,,,,,,,
Nov-11-2016,42.57mm,639.80,,,,,,,,,,,,,,,
Nov-14-2016,32.89mm,652.20,,,,,,,,,,,,,,652.2,
Nov-15-2016,36.04mm,640.60,,,,,,,,,,,,,,,
Nov-16-2016,25.28mm,641.20,,,,,,,,,,,,,,,
Nov-17-2016,21.58mm,645.20,,,,,,,,,,,,,,645.2,
Nov-18-2016,30.73mm,647.00,,,,,,,,,,,,,,,
Nov-21-2016,31.24mm,660.00,,,,,,,,,,,,,,,
Nov-22-2016,39.64mm,671.00,,,,,,,,,,671,,,,,
Nov-24-2016,33.39mm,666.80,,,,,,,,,,,,,,,
Nov-25-2016,33.75mm,665.60,,,,,,,,,,,,,,,
Nov-28-2016,24.36mm,664.60,,,,,,,,,,,,,,664.6,
Nov-29-2016,18.82mm,662.20,,,,,,,,,,,,,,,
Nov-30-2016,25.77mm,657.60,,,,,,,,,,,,,,657.6,
Dec-01-2016,46.58mm,649.80,,,,,,,,,,,,,,,
Dec-02-2016,56.14mm,633.60,,,,,,,,,,,,,,,
Dec-05-2016,33.69mm,632.00,,,,,,,,,,,,,,,
Dec-06-2016,27.33mm,638.00,,,,,,,,,,,,,,,
Dec-07-2016,24.58mm,639.80,,,,,,,,,,,,,,,
Dec-08-2016,56.77mm,652.20,,,,,,,,,,,,,,,
Dec-09-2016,76.24mm,673.60,,,,,,,,,,,,,,,
Dec-12-2016,34.75mm,673.20,,,,,,,,,,,673.2,,,,
Dec-13-2016,30.92mm,675.60,,,,,,,,,,,,,,,
Dec-14-2016,29.18mm,674.40,,,,,674.4,,,,,,,,,,
Dec-15-2016,26.94mm,674.60,,,,,,,,,,,,,,,
Dec-16-2016,35.91mm,669.40,,,,,,,,,,,,,,,
Dec-19-2016,24.99mm,676.20,,,,,,,,,,,,,,,
Dec-20-2016,21.82mm,672.40,,,,,,,,,,,,,,,
Dec-21-2016,25.47mm,667.20,,,,,,,,,,,,,,,
Dec-22-2016,18.47mm,668.40,,,,,,,,,,,,,,,
Dec-26-2016,14.13mm,666.60,,,,,,,,,,,,,,,
Dec-27-2016,15.67mm,664.80,,,,,,,,,,,,,,,
Dec-28-2016,19.44mm,667.60,,,,,,,,,,,,,,,
Dec-29-2016,22.28mm,659.80,,,,,,,,,,,,,,,
Dec-30-2016,16.70mm,655.00,,,,,,,,,,,,,,,
Jan-04-2017,29.57mm,666.60,,,,,,,,,,,,,,666.6,
Jan-05-2017,36.01mm,659.20,,,,,,,,,,,,,,,
Jan-06-2017,44.37mm,663.20,,,,,,,,,,,,,,,
Jan-10-2017,57.31mm,678.80,,,,,,,,,,,,,,,
Jan-11-2017,68.10mm,702.00,,,,,,,,,,,,,,,
Jan-12-2017,53.96mm,706.40,,,,,,,,,,,,,,,
Jan-13-2017,31.46mm,709.80,,,,,,,,,,,,,,,
Jan-16-2017,23.31mm,702.80,,,,,,,,,,,,,,,
Jan-17-2017,43.35mm,700.80,,,,,,,,,,,,,,,
Jan-18-2017,29.58mm,696.80,,,,,,,,,,,,,,,
Jan-19-2017,24.12mm,699.60,,,,,699.6,,,,,699.6,,,,,
Jan-20-2017,25.68mm,694.40,,,,,,,,,,,,,,,
Jan-23-2017,23.18mm,686.40,,,,,,,,,,,,,,,
Jan-24-2017,26.48mm,683.60,,,,,,,,,,,,,,,
Jan-25-2017,20.92mm,689.00,,,,,,,,,,,,,,,
Jan-26-2017,35.81mm,704.00,,,,,,,,,,,,,,,
Jan-27-2017,24.17mm,701.00,,,,,,,,,,,,,,,
Jan-30-2017,22.38mm,700.40,,,,,700.4,,,,,,,,,,
Jan-31-2017,55.38mm,684.60,,,,,,,,,,684.6,,,,,
Feb-01-2017,28.97mm,682.00,,,,,,,,,,,,,,,
Feb-02-2017,24.60mm,673.80,,,,,673.8,,673.8,673.8,,,673.8,,,673.8,
Feb-03-2017,92.61mm,707.40,,,,,,,,,,,,,,,
Feb-06-2017,43.85mm,717.80,,,,,,,,,,717.8,,,,,
Feb-07-2017,36.76mm,719.80,,,,,,,,,,,,,,,
Feb-08-2017,22.40mm,714.60,,,,,,,,,,,,,,,
Feb-09-2017,21.07mm,712.20,,,,,,,,,,,,,,,
Feb-10-2017,24.57mm,718.00,,,,,,,,,,,,,,,
Feb-13-2017,20.75mm,717.40,,,,,,,,,,,,,,,
Feb-14-2017,18.58mm,714.40,,,,,,,,,,,,,,,
Feb-15-2017,17.39mm,719.00,,,,,,,,,,,,,,,
Feb-16-2017,29.22mm,712.00,,,,,,,,,,,,,,,
Feb-17-2017,16.89mm,709.40,,,,,,,,,,,,,,,
Feb-20-2017,19.42mm,701.60,,,,,701.6,,,,,,,,,,
Feb-21-2017,13.32mm,704.20,,,,,,,,,,,,,,,
Feb-22-2017,25.64mm,707.00,,,,,,,,,,,,,,,
Feb-23-2017,15.90mm,703.00,,,,,703,,,,,,,,,,
Feb-24-2017,17.88mm,697.20,,,,,,,,,,,697.2,,,,
Feb-27-2017,19.45mm,690.80,,,,,,,,,,,,,,690.8,
Feb-28-2017,29.76mm,695.60,,,,,,,,,,,,,,,
Mar-01-2017,21.14mm,705.80,,,,,,,,,,,,,,,
Mar-02-2017,29.15mm,716.60,,,,,,,,,,,,,,,
Mar-03-2017,32.00mm,720.40,,,,,,,,,,,,,,,
Mar-06-2017,17.18mm,712.00,,,,,,,,,,,,,,,
Mar-07-2017,21.78mm,704.40,,,,,,,,,,,,,,,
Mar-08-2017,18.55mm,702.60,,,,,,,,,,,,,,,
Mar-09-2017,16.09mm,706.40,,,,,,,,706.4,,,,,,,
Mar-10-2017,58.41mm,732.20,,,,,,,,,,,,,,,
Mar-13-2017,26.19mm,731.80,,,,,,,,,,,,,,,
Mar-14-2017,19.53mm,727.00,,,,,,,,,,,,,,,
Mar-15-2017,18.21mm,720.80,,,,,,,,,,,,,,,
Mar-16-2017,25.76mm,723.80,,,,,,,,,,,,,,,
Mar-17-2017,27.59mm,727.80,,,,,,,,,,,,,,,
Mar-21-2017,19.03mm,725.40,,,,,,,,,,,,,,,
Mar-22-2017,31.73mm,710.60,,,,,,,,,,,,,,,
Mar-23-2017,21.42mm,708.00,,,,,,,,,,,,,,,
Mar-24-2017,28.94mm,720.60,,,,,,,,,,,,,,,
Mar-27-2017,26.60mm,715.40,,,,,,,,,,,,,,,
Mar-28-2017,29.53mm,721.00,,,,,,,721,,,,721,,,,
Mar-29-2017,55.82mm,740.80,,,,,,,740.8,,,,,,,,
Mar-30-2017,39.68mm,746.80,,,,,,,,,,,,,,,
Mar-31-2017,62.39mm,753.20,,,,,,,,,,,,,,,
Apr-03-2017,51.89mm,732.80,,,,,,,,732.8,,,,,,,
Apr-04-2017,33.08mm,734.80,,,,,,,,,,,,,,,
Apr-05-2017,29.73mm,731.00,,,,,,,,,,,,,,,
Apr-06-2017,35.38mm,711.00,,,,,,,,,,,,,,,
Apr-07-2017,33.08mm,709.40,,,,,,,,,,,,,,,
Apr-10-2017,17.11mm,710.60,,,,,,,,,,,,,,,
Apr-11-2017,18.10mm,706.40,,,,,,,,,,,,,,,
Apr-12-2017,27.14mm,691.60,,,,,,,,,,,,,,,
Apr-13-2017,23.47mm,689.20,,,,,,,,,,,,,,,
Apr-14-2017,18.38mm,684.40,,,,,,,,,,,,,,,
Apr-17-2017,21.52mm,690.60,,,,,,,,,,,,,,,
Apr-18-2017,16.96mm,691.20,,,,,,,,,,,,,,,
Apr-19-2017,31.19mm,701.20,,,,,,,,,,,,,,,
Apr-20-2017,45.53mm,714.20,,,,,,,,,,,,,,,
Apr-21-2017,33.83mm,718.40,,,,,,,,718.4,,,,,,,
Apr-24-2017,66.51mm,746.00,,,,,,,,,,,,,,,
Apr-25-2017,37.61mm,743.00,,,,,,,,,,,,,,,
Apr-26-2017,33.76mm,748.40,,,,,,,,,,,,,,,
Apr-27-2017,35.20mm,752.40,,,,,,,,,,,,,,,
Apr-28-2017,26.20mm,751.80,,,,,,,751.8,751.8,,,751.8,,,751.8,
May-01-2017,56.36mm,774.60,,,,,,,,,,,,,,,
May-02-2017,32.70mm,770.60,,,,,,,,,,,,,,,
May-08-2017,63.72mm,797.80,,,,,,,,,,,,,,,
May-09-2017,54.04mm,804.80,,,,,,,,,,,,,,,
May-10-2017,38.59mm,816.20,,,,,,,,,,,,,,,
May-11-2017,26.23mm,814.60,,,,,,,,,,,,,,,
May-12-2017,27.94mm,809.20,,,,,,,,,,,,,,,
May-15-2017,28.49mm,801.00,,,,,,,,,,,,,,,
May-16-2017,21.18mm,804.60,,,,,,,,,,,,,,,
May-17-2017,23.78mm,806.60,,,,,,,,,,,,,,,
May-18-2017,37.96mm,788.40,,,,,,,,,,,,,,,
May-19-2017,38.91mm,787.40,,,,,,,,,,,,,,,
May-22-2017,30.30mm,788.60,,,,,,,,,,,,,,,
May-23-2017,22.94mm,791.40,,,,,,,,,,,,,,791.4,
May-24-2017,36.30mm,799.60,,,,,,,,,,,,,,,
May-25-2017,19.98mm,800.20,,,,,,,,,,,,,,,
May-26-2017,21.08mm,801.80,,,,,,,,,,,,,,,
May-29-2017,23.12mm,807.60,,,,,,,,,,,,,,,
May-30-2017,22.85mm,806.20,,,,,,,,,,,,,,,
May-31-2017,22.67mm,806.80,,,,,,,,,,,,,,,
Jun-01-2017,28.69mm,805.80,,,,,,,,,,,,,,,
Jun-02-2017,56.71mm,831.80,,,,,,,,,,,,,,,
Jun-05-2017,30.08mm,834.80,,,,,,,,,,,,,,,
Jun-06-2017,29.88mm,833.40,,,,,,,,,,,,,,,
Jun-07-2017,41.01mm,825.20,,,,,,,,,,,,,,,
Jun-08-2017,31.30mm,823.20,,,,,,,,,,,,,,,
Jun-09-2017,35.78mm,823.20,,,,,,,,,,,,,,,
Jun-12-2017,26.43mm,813.20,,,,,,,,,,,,,,,
Jun-13-2017,22.51mm,807.40,,,,,,,,,,,,,,,
Jun-14-2017,21.97mm,812.00,,,,,,,,,,,,,,,
Jun-15-2017,33.68mm,827.60,,,,,,,,,,,827.6,,,827.6,
Jun-16-2017,27.45mm,827.40,,,,,,,,,,,,,,,
Jun-19-2017,54.06mm,858.00,,,,,,,,,,,,,,,
Jun-20-2017,34.41mm,855.60,,,,,,,,,,,,,,,
Jun-21-2017,33.84mm,845.60,,,,,,,,,,,,,,,
Jun-22-2017,32.47mm,855.20,,,,,,,,,,,,,,,
Jun-23-2017,22.63mm,855.00,,,,,,,,,,,,,,,
Jun-26-2017,18.72mm,859.60,,,,,,,,,,,,,,,
Jun-27-2017,28.18mm,869.80,,,,,,,,,,,,,,,
Jun-28-2017,34.54mm,865.60,,,,,,,,,,,,,,,
Jun-29-2017,25.46mm,873.00,,,,,,,,,,,,,,,
Jun-30-2017,36.31mm,857.20,,,,,,,,,,,,,,,
Jul-03-2017,20.80mm,862.00,,,,,,,,,,,,,,,
Jul-04-2017,30.28mm,847.40,,,,,,,,,,,,,,,
Jul-05-2017,26.58mm,854.00,,,,,,,,,,,,,,,
Jul-06-2017,31.02mm,851.80,,,,,,,,,,,,,,,
Jul-07-2017,27.71mm,849.00,,,,,,,,,,,,,,,
Jul-10-2017,27.25mm,863.60,,,,,,,,,,,,,,,
Jul-11-2017,48.48mm,887.80,,,,,,,,,,,,,,,
Jul-12-2017,34.65mm,895.40,,,,,,,,,,,,,,,
Jul-13-2017,29.93mm,895.60,,,,,,,,,,895.6,,,,,
Jul-14-2017,21.46mm,899.80,,,,,,,,,,899.8,,,,,
Jul-18-2017,20.01mm,901.00,,,,,,,,,,,,,,,
Jul-19-2017,18.52mm,899.40,,,,,,,,,,,,,,,
Jul-20-2017,22.76mm,906.80,,,,,,,,,,,,,,,
Jul-21-2017,18.28mm,907.80,,,,,,,,,,,,,,,
Jul-24-2017,25.10mm,897.00,,,,,,,,,,,,,,,
Jul-25-2017,16.83mm,893.40,,,,,,,,,,,,,,,
Jul-26-2017,24.04mm,904.80,,,,,,,,,,,,,,,
Jul-27-2017,36.79mm,918.80,,,,,,,,,,,,,,,
Jul-28-2017,28.29mm,906.60,,,,,,,,,,,,,,,
Jul-31-2017,23.12mm,908.00,,,,,,,,,,,,,,,
Aug-01-2017,32.01mm,891.80,,,,,,,891.8,891.8,,,,,,891.8,
Aug-02-2017,70.46mm,883.40,,,,,,,,,,,,,,,
Aug-03-2017,34.04mm,883.80,,,,,,,,,,,,,,,
Aug-04-2017,15.62mm,886.80,,,,,,,,,,,,,,,
Aug-07-2017,17.33mm,882.00,,,,,,,,,,,,,,,
Aug-08-2017,28.95mm,894.40,,,,,,,,,,,,,,,
Aug-09-2017,31.71mm,880.40,,,,,,,,,,,,,,,
Aug-10-2017,32.94mm,867.60,,,,,,,,,,,,,,,
Aug-14-2017,48.20mm,851.40,,,,,,,,,,,,,,,
Aug-15-2017,27.79mm,859.80,,,,,,,,,,,,,,,
Aug-16-2017,21.01mm,865.00,,,,,,,,,,,,,,,
Aug-17-2017,19.02mm,865.60,,,,,,,,,,,,,,,
Aug-18-2017,27.68mm,845.20,,,,,,,,,,,,,,,
Aug-21-2017,29.61mm,836.60,,,,,,,,,,,,,,,
Aug-22-2017,25.36mm,838.20,,,,,,,,,,,,,,,
Aug-23-2017,24.77mm,847.40,,,,,,,,,,,,,,,
Aug-24-2017,27.03mm,833.60,,,,,,,,,,,,,,,
Aug-25-2017,18.62mm,839.80,,,,,,,,,,,,,,,
Aug-28-2017,16.93mm,838.20,,,,,,,,,,,,,,,
Aug-29-2017,22.24mm,840.00,,,,,,,,,,,,,,,
Aug-30-2017,92.55mm,864.20,,,,,,,,,,,,,,,
Aug-31-2017,36.59mm,867.40,,,,,,,,,,,,,,,
Sep-01-2017,24.28mm,875.20,,,,,875.2,,,,,,,,,,
Sep-04-2017,20.43mm,874.60,,,,,,,,,,,,,,,
Sep-05-2017,28.70mm,862.00,,,,,,,,,,,,,,,
Sep-06-2017,20.30mm,856.60,,,,,,,,,,,,,,,
Sep-07-2017,21.86mm,851.60,,,,,,,,,,,,,,,
Sep-08-2017,36.68mm,859.60,,,,,,,,,,,,,,,
Sep-11-2017,42.90mm,894.00,,,,,,,,,,,,,,,
Sep-12-2017,36.44mm,883.60,,,,,,,,,,,,,,,
Sep-13-2017,22.57mm,876.20,,,,,,,,,,,,,,,
Sep-14-2017,56.62mm,846.00,,,,,,,,,,,,,,,
Sep-15-2017,39.96mm,848.20,,,,,,,,,,,,,,,
Sep-19-2017,33.63mm,858.80,,,,,,,,,,,,,,,
Sep-20-2017,43.38mm,848.60,,,,,,,,,,,,,,,
Sep-21-2017,35.22mm,838.60,,,,,,,,,,,,,,,
Sep-22-2017,25.82mm,834.80,,,,,,,,,,,,,,,
Sep-25-2017,21.84mm,836.80,,,,,,,,,,,,,,,
Sep-26-2017,35.61mm,819.80,,,,,,,,,,,,,,,
Sep-27-2017,26.19mm,814.80,,,,,,,814.8,,,,,,,,
Sep-28-2017,27.76mm,824.00,,,,,,,,,,,,,,,
Sep-29-2017,32.61mm,837.20,,,,,,,,,,,,,,,
Oct-02-2017,17.00mm,836.80,,,,,,,,,,,,,,,
Oct-03-2017,25.94mm,843.80,,,,,,,,,,,,,,,
Oct-04-2017,20.64mm,843.40,,,,,,,,,,,,,,,
Oct-05-2017,40.17mm,827.80,,,,,,,,,,,,,,,
Oct-06-2017,28.03mm,830.20,,,,,,,,,,,,,,,
Oct-10-2017,30.78mm,824.80,,,,,,,,,,,,,,824.8,
Oct-11-2017,40.66mm,820.00,,,,,,,,,,,,,,820,
Oct-12-2017,39.16mm,812.40,,,,,,,,,,,,,,,
Oct-13-2017,47.49mm,822.60,,,,,,,,,,,,,,,
Oct-16-2017,34.21mm,832.00,,,,,832,,,,,,,,,,
Oct-17-2017,29.09mm,830.80,,,,,,,,,,,,,,,
Oct-18-2017,36.92mm,845.20,,,,,,,,,,,,,,,
Oct-19-2017,28.21mm,845.00,,,,,,,,,,,,,,,
Oct-20-2017,22.44mm,847.40,,,,,,,,,,,,,,,
Oct-23-2017,29.44mm,855.40,,,,,,,,,,,,,,855.4,
Oct-24-2017,20.82mm,855.80,,,,,,,,,,,,,,,
Oct-25-2017,26.36mm,848.00,,,,,,,,,,,,,,,
Oct-26-2017,22.84mm,854.00,,,,,,,,,,,,,,,
Oct-27-2017,41.20mm,855.80,,,,,,,,,,,,,,,
Oct-30-2017,51.09mm,862.00,,,,,,,,,,,,,,862,
Oct-31-2017,54.53mm,882.60,,,,,,,882.6,882.6,,,,,,882.6,
Nov-01-2017,203.40mm,983.60,,,,,,,,,,,,,,983.6,
Nov-02-2017,106.69mm,1010.80,,,,,,,,,,,,,,1010.8,
Nov-06-2017,105.24mm,1044.40,,,,,,,,,,,,,,1044.4,
Nov-07-2017,86.32mm,1052.20,,,,,,,,,,,,,,1052.2,
Nov-08-2017,96.49mm,1082.00,,,,,,,,,,,,,,,
Nov-09-2017,135.60mm,1045.20,,,,,,,,,,,,,,,
Nov-10-2017,78.52mm,1050.40,,,,,,,,,,,,,,,
Nov-13-2017,40.83mm,1039.40,,,,,,,,,,,,,,,
Nov-14-2017,61.33mm,1044.80,,,,,,,,,,,,,,,
Nov-15-2017,70.57mm,1019.00,,,,,,,,,,,,,,,
Nov-16-2017,58.11mm,1035.40,,,,,,,,,,,,,,,
Nov-17-2017,72.78mm,1043.00,,,,,,,,,,,,,,,
Nov-20-2017,30.77mm,1049.60,,,,,,,,,,,,,,,
Nov-21-2017,36.77mm,1043.40,,,,,,,,,,1043.4,,,,,
Nov-22-2017,45.67mm,1057.40,,,,,,,,,,,,,,,
Nov-24-2017,39.12mm,1064.60,,,,,,,,,,,,,,,
Nov-27-2017,50.64mm,1072.60,,,,,,,,,,,,,,1072.6,
Nov-28-2017,32.21mm,1066.40,,,,,,,,,,,,,,1066.4,
Nov-29-2017,31.99mm,1064.40,,,,,,,,,,,,,,,
Nov-30-2017,55.99mm,1040.20,,,,,,,,,,,,,,,
Dec-01-2017,62.64mm,1030.20,,,,,,1030.2,,1030.2,,,,,,,
Dec-04-2017,38.29mm,1045.00,,,,,,,,,,,,,,1045,
Dec-05-2017,32.13mm,1037.20,,,,,,,,,,,,,,,
Dec-06-2017,44.41mm,1005.40,,,,,,,,,,,,,,,
Dec-07-2017,37.88mm,1023.80,,,,,,,,,,,,,,,
Dec-08-2017,38.03mm,1031.80,,,,,,,,,,,,,,,
Dec-11-2017,43.34mm,1013.00,,,,,,,,,,,,,,,
Dec-12-2017,35.82mm,1008.80,,,,,,,,,,,,,,,
Dec-13-2017,27.37mm,1006.60,,,,,,,,,,,,,,,
Dec-14-2017,29.85mm,1003.20,,,,,,,,,,,,,,,
Dec-15-2017,37.10mm,1001.20,,,,,,,,,,,,,,,
Dec-18-2017,35.52mm,1032.20,,,,,,,,,,,,,,,
Dec-19-2017,24.66mm,1023.20,,,,,,,,,,,,,,,
Dec-20-2017,17.88mm,1025.00,,,,,,,,,,,,,,,
Dec-21-2017,22.19mm,1031.20,,,,,,,,,,,,,,,
Dec-22-2017,22.10mm,1038.40,,,,,,,,,,,,,,,
Dec-25-2017,21.62mm,1038.20,,,,,,,,,,,,,,,
Dec-26-2017,15.66mm,1029.20,,,,,,,,,,,,,,,
Dec-27-2017,16.93mm,1024.00,,,,,,,,,,,,,,,
Dec-28-2017,16.24mm,1018.40,,,,,,,,,,,,,,,
Dec-29-2017,15.22mm,1016.60,,,,,,,,,,,,,,,
Jan-04-2018,43.69mm,1055.80,,,,,,,,,,,,,,,
Jan-05-2018,67.43mm,1092.80,,,,,,,,,,,,,,,
Jan-09-2018,67.50mm,1122.40,,,,,,,,,,,,,,,
Jan-10-2018,36.42mm,1118.20,,,,,,,,,,,,,,,
Jan-11-2018,29.98mm,1116.80,,,,,,,,,,,,,,,
Jan-12-2018,37.00mm,1105.00,,,,,,,,,,,,,,,
Jan-15-2018,29.61mm,1092.60,,,,,,,,,,,,,,,
Jan-16-2018,22.42mm,1094.80,,,,,,,,,,,,,,,
Jan-17-2018,33.14mm,1091.80,,,,,,,,,,,,,,,
Jan-18-2018,41.85mm,1089.80,,,,,,,,,,,,,,,
Jan-19-2018,29.36mm,1102.40,,,,,,,,,,,,,,,
Jan-22-2018,33.23mm,1114.40,,,,,,,,,,,,,,,
Jan-23-2018,62.39mm,1146.40,,,,,,,,,,,,,,,
Jan-24-2018,97.55mm,1088.40,,,,,,,,,,,,,,,
Jan-25-2018,94.02mm,1049.80,,,,,,,,,,,,,,,
Jan-26-2018,53.39mm,1057.00,,,,,,,,,,,,,,,
Jan-29-2018,35.80mm,1057.00,,,,,,,,,,,,,,,
Jan-30-2018,50.41mm,1036.60,,,,,,,,,,,,,,,
Jan-31-2018,38.52mm,1041.80,,,,,,,,,,,,,,,
Feb-01-2018,45.08mm,1077.00,,,,,,,,,,,,,,1077,
Feb-02-2018,71.69mm,1097.00,,,,,,,,1097,,,1097,,,1097,
Feb-05-2018,129.89mm,1113.60,,,,,,,,,,,,,,,
Feb-06-2018,116.98mm,1067.20,,,,,,,,,,,,,,,
Feb-07-2018,90.68mm,1083.40,,,,,,,,,,,,,,,
Feb-08-2018,66.08mm,1064.00,,,,,,,,,,,,,,,
Feb-09-2018,65.28mm,1034.80,,,,,,,,,,,,,,,
Feb-13-2018,54.28mm,1019.80,,,,,,,,,,,,,,1019.8,
Feb-14-2018,49.58mm,1015.60,,,,,,,,,,,,,,,
Feb-15-2018,36.42mm,1034.60,,,,,,,,,,,,,,,
Feb-16-2018,40.51mm,1052.80,,,,,,,,,,,,,,1052.8,
Feb-19-2018,28.51mm,1061.00,,,,,,,,,,,,,,,
Feb-20-2018,29.99mm,1059.20,,,,,,,,,,,,,,,
Feb-21-2018,40.33mm,1075.60,,,,,,,,,,,,,,,
Feb-22-2018,40.46mm,1069.80,,,,,,,,,,,,,,,
Feb-23-2018,28.22mm,1070.80,,,,,,,,,,,,,,,
Feb-26-2018,34.62mm,1076.40,,,,,,,,,,1076.4,,,,,
Feb-27-2018,36.22mm,1087.80,,,,,,,,,,,,,,,
Feb-28-2018,55.79mm,1088.40,,,,,,,,,,,,,,,
Mar-01-2018,40.68mm,1060.40,,,,,,,,,,,,,,1060.4,
Mar-02-2018,38.25mm,1047.40,,,,,,,,,,,,,,1047.4,
Mar-05-2018,38.82mm,1046.00,,,,,,,,,,,,,,,
Mar-06-2018,35.09mm,1056.40,,,,,,,,,,,,,,1056.4,
Mar-07-2018,44.46mm,1063.20,,,,,,,,,,,,,,,
Mar-08-2018,34.77mm,1075.40,,,,,,,,,,,,,,,
Mar-09-2018,53.91mm,1078.60,,,,,,,,,,,,,,,
Mar-12-2018,45.82mm,1059.80,,,,,,,,,,,,,,1059.8,
Mar-13-2018,37.87mm,1071.20,,,,,,,,,,,,,,1071.2,
Mar-14-2018,35.19mm,1080.00,,,,,,,,,,,,,,,
Mar-15-2018,34.00mm,1089.20,,,,,,,,,,,,,,1089.2,
Mar-16-2018,36.74mm,1074.20,,,,,,,,,,,,,,,
Mar-19-2018,58.29mm,1028.80,,,,,,,,,,,,,,,
Mar-20-2018,42.35mm,1027.60,,,,,1027.6,,,,,,,,,,
Mar-22-2018,45.75mm,1047.80,,,,,,,,,,,,,,,
Mar-23-2018,50.78mm,1019.20,,,,,,,,,,,,,,,
Mar-26-2018,39.93mm,1015.80,,,,,,,,,1015.8,,,,,,
Mar-27-2018,37.64mm,1046.40,,,,,,,,,,,,,,,
Mar-28-2018,39.53mm,1034.80,,,,,,,1034.8,,,,,,,,
Mar-29-2018,34.94mm,1022.00,,,,,,,,,,,,,,,
Mar-30-2018,27.13mm,1029.20,,,,,,,,,,,,,,,
Apr-02-2018,21.77mm,1034.60,,,,,,,,,,,,,,,
Apr-03-2018,26.04mm,1030.00,,,,,,,,,,,,,,,
Apr-04-2018,35.94mm,1027.40,,,,,,,,,,,,,,,
Apr-05-2018,28.76mm,1042.60,,,,,,,,,,,,,,,
Apr-06-2018,25.02mm,1041.00,,,,,,,,,,,,,,,
Apr-09-2018,20.54mm,1044.00,,,,,,,,,,,,,,,
Apr-10-2018,35.86mm,1065.60,,,,,,,,,,,,,,,
Apr-11-2018,23.96mm,1054.40,,,,,,,,,,,,,,,
Apr-12-2018,20.82mm,1040.00,,,,,,,,,,,,,,,
Apr-13-2018,22.42mm,1049.00,,,,,,,,,,,,,,,
Apr-16-2018,16.12mm,1057.60,,,,,,,,,,,,,,,
Apr-17-2018,20.85mm,1062.40,,,,,,,,,,,,,,,
Apr-18-2018,30.68mm,1079.00,,,,,,,,,,,,,,,
Apr-19-2018,25.54mm,1074.20,,,,,,,,,,,,,,,
Apr-20-2018,25.92mm,1077.00,,,,,,,,,,,,,,,
Apr-23-2018,18.94mm,1070.00,,,,,,,,,,,,,,,
Apr-24-2018,31.29mm,1087.60,,,,,,,,,,,,,,,
Apr-25-2018,33.32mm,1082.00,,,,,,,,,,,,,,,
Apr-26-2018,26.34mm,1088.60,,,,,,,,,,,,,,,
Apr-27-2018,36.04mm,1080.00,,,,,,,1080,1080,,,,,,1080,
May-01-2018,82.82mm,1014.60,,,,,,,,1014.6,,,,,,,
May-02-2018,45.33mm,1016.60,,,,,,,,,,,,,,,
May-07-2018,37.93mm,1039.60,,,,,,,,,,,,,,,
May-08-2018,26.44mm,1036.40,,,,,,,,,,,,,,,
May-09-2018,26.12mm,1027.60,,,,,,,,,,,,,,,
May-10-2018,20.56mm,1021.80,,,,,,,,,,,,,,,
May-11-2018,27.82mm,1035.40,,,,,,,,,,,,,,,
May-14-2018,27.22mm,1057.80,,,,,,,,,,,,,,1057.8,
May-15-2018,16.31mm,1054.20,,,,,,,,,,,,,,,
May-16-2018,18.06mm,1055.40,,,,,,,,,,,,,,1055.4,
May-17-2018,32.98mm,1078.00,,,,,,,,,,,,,,1078,
May-18-2018,28.91mm,1083.20,,,,,,,,,,,,,,,
May-21-2018,26.26mm,1077.60,,,,,,,,,,,,,,,
May-22-2018,46.80mm,1056.40,,,,,,,,1056.4,,,,,,1056.4,
May-23-2018,60.06mm,1030.00,,,,,,,,,,,,,,,
May-24-2018,29.58mm,1020.00,,,,,,,,,,,,,,,
May-25-2018,28.19mm,1016.20,,,,,,,,,,,,,,,
May-28-2018,24.74mm,1036.60,,,,,,,,,,,,,,,
May-29-2018,19.73mm,1032.00,,,,,,,,,,,,,,,
May-30-2018,28.37mm,1023.80,,,,,,,,,,,,,,,
May-31-2018,35.54mm,1032.00,,,,,,,,,,,,,,,
Jun-01-2018,20.18mm,1032.40,,,,,,,,,,,,,,,
Jun-04-2018,35.25mm,1063.80,,,,,,,,,,,,,,,
Jun-05-2018,36.48mm,1077.80,,,,,,,,,,,,,,,
Jun-06-2018,73.80mm,1107.80,,,,,,,,,,,,,,,
Jun-07-2018,38.77mm,1104.20,,,,,,,,,,,,,,,
Jun-08-2018,37.72mm,1090.00,,,,,,,,,,,,,,,
Jun-11-2018,26.80mm,1101.80,,,,,,,,,,,,,,,
Jun-12-2018,32.83mm,1095.60,,,,,,,,,,,,,,,
Jun-13-2018,21.50mm,1100.20,,,,,,,,,,,,,,,
Jun-14-2018,20.34mm,1077.40,,,,,,,,,,,,,,,
Jun-15-2018,26.77mm,1089.00,,,,,,,,,,,,,,,
Jun-18-2018,19.03mm,1071.80,,,,,,,,,,,,,,,
Jun-19-2018,23.37mm,1061.20,,,,,,,,,,,,,,1061.2,
Jun-20-2018,26.04mm,1080.80,,,,,,,,,,,,,,1080.8,
Jun-21-2018,42.90mm,1097.40,,,,,,,,,,,,,,,
Jun-22-2018,26.07mm,1099.20,,,,,,,,,,,1099.2,,,,
Jun-25-2018,20.15mm,1098.20,,,,,,,,,,,,,,,
Jun-26-2018,28.87mm,1097.40,,,,,,,,,,,,,,,
Jun-27-2018,45.28mm,1119.00,,,,,1119,,,,,,,,,,
Jun-28-2018,57.84mm,1145.20,,,,,,,,,,,,,,,
Jun-29-2018,32.57mm,1132.80,,,,,,,,,,,,,,,
Jul-02-2018,34.89mm,1119.00,,,,,,,,,,,,,,,
Jul-03-2018,33.43mm,1124.80,,,,,,,,,,,,,,,
Jul-04-2018,24.93mm,1106.40,,,,,,,,,,,,,,,
Jul-05-2018,41.03mm,1068.80,,,,,,,,,,,,,,,
Jul-06-2018,31.70mm,1090.00,,,,,,,,,,,,,,,
Jul-09-2018,35.09mm,1138.40,,,,,,,,,,,,,,,
Jul-10-2018,36.75mm,1141.00,,,,,,,,,,,,,,,
Jul-11-2018,37.32mm,1148.40,,,,,,,,,,,,,,,
Jul-12-2018,34.82mm,1158.80,,,,,,,,,,,,,,,
Jul-13-2018,49.30mm,1195.60,,,,,,,,,,,,,,,
Jul-17-2018,38.03mm,1201.20,,,,,,,,,,,,,,,
Jul-18-2018,25.48mm,1195.00,,,,,,,,,,,,,,,
Jul-19-2018,23.41mm,1187.80,,,,,,,,,,,,,,,
Jul-20-2018,25.73mm,1186.60,,,,,,,,,,,,,,,
Jul-23-2018,21.31mm,1177.60,,,,,,,,,,,,,,,
Jul-24-2018,26.60mm,1167.40,,,,,,,,,,,,,,,
Jul-25-2018,18.14mm,1183.00,,,,,,,,,,1183,,,,,
Jul-26-2018,14.91mm,1189.00,,,,,,,,,,,,,,,
Jul-27-2018,14.89mm,1193.20,,,,,,,,,,,,,,,
Jul-30-2018,18.83mm,1173.00,,,,,,,,,,,,,,,
Jul-31-2018,29.20mm,1165.60,,,,,,,1165.6,1165.6,,,,,,1165.6,
Aug-01-2018,67.44mm,1221.00,,,,,,,,,,,,,,,
Aug-02-2018,39.98mm,1223.40,,,,,,,,,,,,,,,
Aug-03-2018,26.14mm,1222.20,,,,,,,,,,,,,,,
Aug-06-2018,16.63mm,1214.80,,,,,,,,,,,,,,,
Aug-07-2018,21.72mm,1232.60,,,,,,,,,,,,,,,
Aug-08-2018,22.23mm,1219.00,,,,,,,,,,,,,,,
Aug-09-2018,17.07mm,1230.60,,,,,,,,,,,,,,,
Aug-10-2018,24.39mm,1210.20,,,,,,,,,,,,,,,
Aug-13-2018,33.25mm,1183.40,,,,,,,,,,,,,,,
Aug-14-2018,25.02mm,1204.80,,,,,,,,,,,,,,,
Aug-15-2018,16.16mm,1200.00,,,,,,,,,,,,,,,
Aug-16-2018,34.18mm,1189.40,,,,,,,,,,,,,,,
Aug-17-2018,22.06mm,1208.00,,,,,,,,,,,,,,,
Aug-20-2018,21.35mm,1200.00,,,,,,,,,,,,,,,
Aug-21-2018,18.91mm,1194.40,,,,,,,,,,,,,,,
Aug-22-2018,14.00mm,1198.20,,,,,,,,,,,,,,,
Aug-23-2018,17.75mm,1196.80,,,,,,,,,,,,,,,
Aug-24-2018,20.41mm,1211.00,,,,,,,,,,,,,,,
Aug-27-2018,23.80mm,1234.00,,,,,,,,,,,,,,,
Aug-28-2018,24.74mm,1234.60,,,,,,,,,,,,,,,
Aug-29-2018,31.38mm,1258.40,,,,,,,,,,,,,,,
Aug-30-2018,39.08mm,1268.80,,,,,,,,,,,,,,,
Aug-31-2018,25.29mm,1269.60,,,,,,,,,,,,,,,
Sep-03-2018,20.41mm,1255.20,,,,,,,,,,,,,,1255.2,
Sep-04-2018,15.63mm,1255.60,,,,,,,,,,,,,,,
Sep-05-2018,19.38mm,1246.80,,,,,,,,,,,,,,,
Sep-06-2018,23.72mm,1257.60,,,,,,,,,,,,,,,
Sep-07-2018,29.64mm,1246.00,,,,,,,,,,,,,,,
Sep-10-2018,29.20mm,1249.00,,,,,,,,,,,,,,,
Sep-11-2018,27.22mm,1267.00,,,,,,,,,,,,,,,
Sep-12-2018,33.61mm,1270.40,,,,,,,,,,,,,,,
Sep-13-2018,24.12mm,1278.80,,,,,,,,,,,,,,,
Sep-14-2018,47.78mm,1326.00,,,,,,,,,,,,,,,
Sep-18-2018,34.46mm,1330.40,,,,,,,,,,,,,,,
Sep-19-2018,38.03mm,1336.40,,,,,,,,,,,,,,,
Sep-20-2018,32.40mm,1314.80,,,,,,,,,,,,,,,
Sep-21-2018,57.39mm,1288.80,,,,,,,,,,,,,,,
Sep-25-2018,44.98mm,1331.60,,,,,,,,,,,,,,,
Sep-26-2018,44.20mm,1353.60,,,,,,,1353.6,,,,,,,,
Sep-27-2018,33.59mm,1333.00,,,,,,,1333,,,,,,,,
Sep-28-2018,55.00mm,1393.20,,,,,,,,,,,,,,,
Oct-01-2018,33.03mm,1375.80,,,,,,,,,,,,,,,
Oct-02-2018,33.70mm,1367.20,,,,,,,,,,,,,,,
Oct-03-2018,45.06mm,1324.20,,,,,,,,,,,,,,,
Oct-04-2018,45.30mm,1322.60,,,,,,,,,,,,,,,
Oct-05-2018,36.29mm,1319.20,,,,,,,,,,,,,,,
Oct-09-2018,31.80mm,1315.40,,,,,,,,,,,,,,,
Oct-10-2018,22.03mm,1313.80,,,,,,,,,,,,,,,
Oct-11-2018,71.62mm,1257.60,,,,,,,,,,,,,,,
Oct-12-2018,60.78mm,1251.60,,,,,,,,,,,,,,,
Oct-15-2018,31.30mm,1243.60,,,,,,,,,,,,,,,
Oct-16-2018,33.18mm,1271.20,,,,,,,,,,,,,,,
Oct-17-2018,38.80mm,1299.60,,,,,,,,,,,,,,,
Oct-18-2018,22.60mm,1283.60,,,,,,,,,,,,,,,
Oct-19-2018,34.48mm,1268.20,,,,,,,,,,,,,,,
Oct-22-2018,24.33mm,1261.80,,,,,,,,,,,,,,,
Oct-23-2018,33.73mm,1236.80,,,,,,,,,,,,,,,
Oct-24-2018,35.70mm,1241.60,,,,,,,,,,,,,,,
Oct-25-2018,55.21mm,1173.80,,,,,,,,,,,,,,,
Oct-26-2018,53.05mm,1166.80,,,,,,,,,,,,,,,
Oct-29-2018,36.81mm,1160.40,,,,,,,,,,,,,,,
Oct-30-2018,43.75mm,1172.40,,,,,,,1172.4,,,,1172.4,,,1172.4,
Oct-31-2018,62.03mm,1228.00,,,,,,,,,,,,,,,
Nov-01-2018,50.01mm,1257.40,,,,,,,,,,,,,,,
Nov-02-2018,51.84mm,1238.00,,,,,,,,,,,,,,,
Nov-05-2018,32.71mm,1201.60,,,,,,,,1201.6,,,,,,1201.6,
Nov-06-2018,28.38mm,1218.00,,,,,,,,,,,,,,,
Nov-07-2018,37.49mm,1221.00,,,,,,,,,,,,,,,
Nov-08-2018,28.65mm,1251.80,,,,,,,,,,,,,,,
Nov-09-2018,28.00mm,1249.60,,,,,,,,,,,,,,,
Nov-12-2018,29.70mm,1211.20,,,,,,,,,,,,,,1211.2,
Nov-13-2018,53.05mm,1178.60,,,,,,,,,,,,,,1178.6,
Nov-14-2018,29.94mm,1170.60,,,,,,,,,,,,,,1170.6,
Nov-15-2018,19.54mm,1161.80,,,,,,,,,,,,,,,
Nov-16-2018,27.66mm,1138.00,,,,,,,,,,1138,,,,,
Nov-19-2018,25.98mm,1178.20,,,,,,,,,,,,,,,
Nov-20-2018,28.63mm,1141.80,,,,,,,,,,,,,,,
Nov-21-2018,33.35mm,1137.20,,,,,,,,,,,,,,,
Nov-22-2018,19.53mm,1138.00,,,,,,,,,,,,,,,
Nov-26-2018,19.14mm,1139.80,,,,,,,,,,,,,,,
Nov-27-2018,23.83mm,1160.40,,,,,,,,,,,,,,,
Nov-28-2018,26.28mm,1180.80,,,,,,,,,,,,,,,
Nov-29-2018,31.34mm,1178.00,,,,,,,,,,,,,,,
Nov-30-2018,31.88mm,1187.40,,,,,,,,,,,,,,,
Dec-03-2018,32.84mm,1224.40,,,,,,,,,,,,,,,
Dec-04-2018,32.86mm,1190.80,,,,,,,,,,,,,,,
Dec-05-2018,23.20mm,1187.00,,,,,,,,,,,,,,,
Dec-06-2018,33.68mm,1155.20,,,,,,,,,,,,,,,
Dec-07-2018,27.11mm,1177.20,,,,,,,,,,,,,,,
Dec-10-2018,22.63mm,1138.80,,,,,,,,,,,,,,,
Dec-11-2018,28.87mm,1147.00,,,,,,,,,,,,,,,
Dec-12-2018,31.73mm,1188.20,,,,,,,,,,,,,,1188.2,
Dec-13-2018,27.19mm,1190.80,,,,,,,,,,,,,,,
Dec-14-2018,30.67mm,1171.00,,,,,,,,,,,,,,,
Dec-17-2018,17.95mm,1167.80,,,,,,,,,,,,,,,
Dec-18-2018,36.33mm,1116.40,,,,,,,,,,,,,,,
Dec-19-2018,30.26mm,1110.00,,,,,,,,,,,,,,,
Dec-20-2018,38.37mm,1084.60,,,,,,,,,,,,,,,
Dec-21-2018,65.34mm,1058.80,,,,,,,,,,,,,,,
Dec-25-2018,36.90mm,1000.00,,,,,,,,,,,,,,,
Dec-26-2018,35.41mm,1020.60,,,,,,,,,,,,,,,
Dec-27-2018,41.38mm,1076.80,,,,,,,,,,,,,,,
Dec-28-2018,29.93mm,1065.20,,,,,,,,,,,,,,,
Jan-04-2019,45.20mm,1036.40,,,,,,,,,,,,,,,
Jan-07-2019,34.39mm,1074.00,,,,,,,,,,,,,,1074,
Jan-08-2019,28.82mm,1075.20,,,,,,,,,,,,,,,
Jan-09-2019,25.17mm,1082.60,,,,,,,,,,,,,,,
Jan-10-2019,32.86mm,1049.20,,,,,,,,,,,,,,,
Jan-11-2019,28.35mm,1064.00,,,,,,,,,,,,,,,
Jan-15-2019,36.72mm,1089.40,,,,,,,,,,,,,,,
Jan-16-2019,22.17mm,1071.20,,,,,,,,,,,,,,,
Jan-17-2019,19.57mm,1073.20,,,,,,,,,,,,,,,
Jan-18-2019,19.92mm,1085.80,,,,,,,,,,,,,,,
Jan-21-2019,17.46mm,1087.20,,,,,,,,,,,,,,,
Jan-22-2019,18.92mm,1070.40,,,,,,,,,,,,,,,
Jan-23-2019,19.55mm,1069.80,,,,,,,,,,,,,,,
Jan-24-2019,26.68mm,1051.80,,,,,,,,,,1051.8,,,,,
Jan-25-2019,33.69mm,1064.80,,,,,,,,,,,,,,,
Jan-28-2019,20.06mm,1074.60,,,,,,,,,,,,,,,
Jan-29-2019,21.50mm,1069.80,,,,,,,,,,,,,,,
Jan-30-2019,24.03mm,1056.20,,,,,,,,,,,,,,,
Jan-31-2019,31.57mm,1093.40,,,,,,,,,,,,,,,
Feb-01-2019,30.97mm,1099.80,,,,,,,1099.8,1099.8,,,1099.8,,,1099.8,
Feb-04-2019,108.14mm,1011.00,,,,,,,,,,,,,,,
Feb-05-2019,56.33mm,1007.40,,,,,,,,,,,,,,,
Feb-06-2019,95.14mm,967.80,,,,,,,,,,,,,,,
Feb-07-2019,65.01mm,942.60,,,,,,,,,,,,,,,
Feb-08-2019,93.46mm,981.20,,,,,981.2,,,,,,981.2,,,,
Feb-12-2019,67.92mm,970.80,,,,,,,,,,,,,,,
Feb-13-2019,60.09mm,996.00,,,,,,,,,,,,,,,
Feb-14-2019,47.80mm,1007.60,,,,,,,,,,1007.6,,,,,
Feb-15-2019,40.63mm,1009.20,,,,,,,,,,,,,,,
Feb-18-2019,36.73mm,1016.00,,,,,,,,,,,,,,,
Feb-19-2019,37.10mm,1029.80,,,,,,,,,,,,,,,
Feb-20-2019,59.76mm,1054.80,,,,,,,,,,1054.8,,,,,
Feb-21-2019,58.19mm,1068.00,,,,,,,,,,,,,,,
Feb-22-2019,36.87mm,1062.60,,,,,,,,,,,,,,,
Feb-25-2019,35.42mm,1075.40,,,,,,,,,,,,,,,
Feb-26-2019,35.53mm,1066.20,,,,,,,,,,,,,,,
Feb-27-2019,39.70mm,1076.40,,,,,,,,,,,,,,,
Feb-28-2019,30.35mm,1068.20,,,,,1068.2,,,,,,,,,,
Mar-01-2019,31.56mm,1063.00,,,,,,,,,,,,,,,
Mar-04-2019,35.70mm,1065.20,,,,,,,,,,,,,,1065.2,
Mar-05-2019,29.79mm,1065.20,,,,,,,,,,,,,,,
Mar-06-2019,32.91mm,1066.20,,,,,,,,,,,,,,,
Mar-07-2019,35.98mm,1045.80,,,,,,,,,,,,,,,
Mar-08-2019,48.17mm,1012.60,,,,,,,,,,,,,,,
Mar-11-2019,42.08mm,1005.00,,,,,,,,,,,,,,,
Mar-12-2019,39.05mm,1030.60,,,,,,,,,,,,,,,
Mar-13-2019,34.22mm,1033.20,,,,,,,,,,1033.2,,,,,
Mar-14-2019,25.88mm,1025.60,,,,,,,,,,1025.6,,,,,
Mar-15-2019,36.86mm,1023.80,,,,,,,,,,,,,,,
Mar-18-2019,29.82mm,1029.40,,,,,,,,,,,,,,,
Mar-19-2019,24.44mm,1024.80,,,,1024.8,1024.8,,,,,,,,,,
Mar-20-2019,67.77mm,990.20,,,,,,,,,,,,,,,
Mar-22-2019,92.52mm,941.80,,,,,,,,,,,,,,,
Mar-25-2019,64.61mm,926.00,,,,,926,,,,,,,,,,
Mar-26-2019,63.32mm,953.80,,,,,,953.8,,,,,953.8,,,,
Mar-27-2019,37.69mm,953.00,,,,,,,953,,953,953,,,,,
Mar-28-2019,41.35mm,934.60,,,,,,,934.6,934.6,,,,,,,
Mar-29-2019,33.75mm,929.00,,,,,,,,,,,929,,,,
Apr-01-2019,36.72mm,951.20,,,,,,,,,,,,,,,
Apr-02-2019,44.54mm,936.00,,,,,,,,,,,,,,,
Apr-03-2019,37.32mm,945.00,,,,,,,,,,,,,,,
Apr-04-2019,45.36mm,932.40,,,,,,932.4,,932.4,,,,,,,
Apr-05-2019,49.00mm,963.20,,,,,,,,,,,,,,,
Apr-08-2019,31.56mm,961.00,,,,,961,961,,,,,,961,,,
Apr-09-2019,115.99mm,1050.00,,,,,,,,,,1050,,,,,
Apr-10-2019,61.30mm,1024.20,,,,,,,,,,,,,,,
Apr-11-2019,27.73mm,1025.20,,,,,,,,,,,,,,1025.2,
Apr-12-2019,35.87mm,1040.20,,,,,,,,,,,,,,,
Apr-15-2019,33.67mm,1044.00,,,,,,,,,,,,,,,
Apr-16-2019,43.42mm,1070.80,,,,,,,,,,,,,,,
Apr-17-2019,29.73mm,1072.60,,,,,,,,,,,,,,,
Apr-18-2019,27.88mm,1059.80,,,,,,,,,,,,,,,
Apr-19-2019,23.16mm,1066.20,,,,,,,,,,,,,,,
Apr-22-2019,16.69mm,1062.00,,,,,,,,,,,,,,,
Apr-23-2019,18.16mm,1057.60,,,,,,,,,,,,,,1057.6,
Apr-24-2019,51.50mm,1035.80,,,,,,,,,,,,,,1035.8,
Apr-25-2019,26.81mm,1051.40,,,,,,,,,,,,,,,
Apr-26-2019,29.88mm,1042.40,,,,,,,1042.4,1042.4,,,1042.4,,,1042.4,
May-07-2019,101.44mm,1081.60,,,,,,,,,,,,,,,
May-08-2019,52.14mm,1073.60,,,,,,,,,,,,,,,
May-09-2019,39.36mm,1066.00,,,,,,,,,,,,,,,
May-10-2019,49.11mm,1081.60,,,,,,,,,,,,,,,
May-13-2019,25.46mm,1074.20,,,,,,,,,,,,,,,
May-14-2019,33.04mm,1052.60,,,,,,,,,,,,,,,
May-15-2019,39.46mm,1094.60,,,,,,,,,,,,,,,
May-16-2019,29.42mm,1073.80,,,,,1073.8,,,,,,1073.8,,,,
May-17-2019,136.41mm,1180.00,,,,,,,,,,,,,,,
May-20-2019,65.54mm,1174.00,,,,,,,,,,,,,,,
May-21-2019,62.64mm,1122.00,,,,,,,,,,,,,,1122,
May-22-2019,41.89mm,1114.80,,,,,,,,,,,,,,,
May-23-2019,53.06mm,1073.20,,,,,,,,,,,,,,1073.2,
May-24-2019,42.83mm,1072.00,,,,,,,,,,,,,,,
May-27-2019,24.16mm,1084.60,,,,,,,,,,,,,,,
May-28-2019,36.29mm,1091.60,,,,,,,,,,1091.6,,,,,
May-29-2019,34.05mm,1062.80,,,,,,,,,,,,,,,
May-30-2019,30.80mm,1067.20,,,,,,,,,,,,,,,
May-31-2019,29.70mm,1051.40,,,,,,,,,,,,,,,
Jun-03-2019,31.48mm,1033.60,,,,,,,,,,,,,,,
Jun-04-2019,37.33mm,1016.80,,,,,,,,,,,,,,,
Jun-05-2019,30.54mm,1042.60,,,,,,,,,,,,,,,
Jun-06-2019,23.96mm,1026.20,,,,,,,,,,,,,,,
Jun-07-2019,24.07mm,1045.80,,,,,,,,,,,,,,,
Jun-10-2019,27.10mm,1072.00,,,,,,,,,,,,,,,
Jun-11-2019,22.72mm,1077.40,,,,,,,,,,,,,,,
Jun-12-2019,21.91mm,1064.20,,,,,,,,,,,,,,,
Jun-13-2019,27.71mm,1066.80,,,,,,1066.8,,,,,,1066.8,,,
Jun-14-2019,51.96mm,1099.60,,,,,,,,,,,,,,,
Jun-17-2019,45.14mm,1127.00,,,,,,,,,,,,,,,
Jun-18-2019,39.18mm,1124.60,,,,,,,,,,,,,,1124.6,
Jun-19-2019,38.96mm,1147.20,,,,,,,,,,,1147.2,,,,
Jun-20-2019,38.15mm,1155.60,,,,,,,,,,,,1155.6,,,
Jun-21-2019,40.52mm,1129.60,,,,,,,,,,,,,,,
Jun-24-2019,32.14mm,1150.40,,,,,,,,,,,,,,,
Jun-25-2019,33.62mm,1126.20,,,,,,,,,,,,,,,
Jun-26-2019,27.59mm,1126.60,,,,,,,,,,,,,,,
Jun-27-2019,39.56mm,1132.40,,,,,,,,,,,,,,,
Jun-28-2019,22.58mm,1129.60,,,,,,,,,,,,,,,
Jul-01-2019,24.32mm,1156.20,,,,1156.2,,,,,,,,,,,
Jul-02-2019,24.70mm,1156.40,,,,,,,,,,,,,,,
Jul-03-2019,35.00mm,1167.00,,,,,1167,,,,,,,,,,
Jul-04-2019,21.57mm,1179.00,,,,,,1179,,,,,,1179,,,
Jul-05-2019,24.53mm,1190.00,,,,,,,,,,,,,,,
Jul-08-2019,34.81mm,1187.80,,,,,,,,,,,,,,,
Jul-09-2019,21.90mm,1178.00,,,,,,,,,,,,,,,
Jul-10-2019,29.05mm,1191.00,,,,,,,,,,,,,,,
Jul-11-2019,22.83mm,1194.80,,,,,,,,,,,,,,,
Jul-12-2019,28.81mm,1209.80,,,,,,,,,,,,,,,
Jul-16-2019,35.47mm,1173.20,,,,,,,,,,,,,,,
Jul-17-2019,32.53mm,1190.20,,,,,,,,,,,,,,,
Jul-18-2019,41.85mm,1148.00,,,,,,,,,,,,,,,
Jul-19-2019,38.11mm,1167.60,,,,,,,,,,1167.6,,,,,
Jul-22-2019,19.79mm,1164.80,,,,,,,,,,,,,,,
Jul-23-2019,24.09mm,1170.40,,,,,,,,,,,,,,,
Jul-24-2019,28.63mm,1191.00,,,,,,,,,,,,,,,
Jul-25-2019,21.90mm,1181.00,,,,,,,,,,,,,,,
Jul-26-2019,26.86mm,1191.60,,,,,,,,,,,,,,,
Jul-29-2019,23.54mm,1172.80,,,,,,,,,,,,,,,
Jul-30-2019,24.21mm,1171.80,,,,,,,1171.8,1171.8,,,1171.8,,,1171.8,
Jul-31-2019,89.34mm,1234.00,,,,,,,,,,,,,,,
Aug-01-2019,36.62mm,1224.60,,,,,,,,,,,,,,,
Aug-02-2019,42.63mm,1188.00,,,,,,,,,,,,1188,,,
Aug-05-2019,43.54mm,1154.20,,,,,,,,,,,,,,,
Aug-06-2019,47.26mm,1159.60,,,,,,,,,,,,,,,
Aug-07-2019,36.93mm,1182.20,,,,,,,,,,,,,,,
Aug-08-2019,31.17mm,1172.60,,,,,,,,,,,,,,,
Aug-09-2019,30.51mm,1194.60,,,,,,,,,,,,,,,
Aug-13-2019,23.53mm,1177.80,,,,,,,,,,,,,,1177.8,
Aug-14-2019,24.92mm,1183.00,,,,,,,,,,,,,,1183,
Aug-15-2019,28.16mm,1167.60,,,,,,,,,,,,,,,
Aug-16-2019,16.85mm,1163.20,,,,,,,,,,,,,,,
Aug-19-2019,18.59mm,1179.20,,,,,,,,,,,,,,,
Aug-20-2019,18.71mm,1193.00,,,,,,,,,,,,,,,
Aug-21-2019,25.00mm,1199.00,,,,,,,,,,,,,,,
Aug-22-2019,38.64mm,1170.20,,,,,,,,,,,,,,,
Aug-23-2019,23.44mm,1180.60,,,,,,,,,,,,,,,
Aug-26-2019,30.17mm,1167.80,,,,,,,,,,,,,,,
Aug-27-2019,16.79mm,1176.40,,,,,,,,,,,,,,,
Aug-28-2019,14.01mm,1178.60,,,,,,,,,,,,,,,
Aug-29-2019,18.57mm,1181.60,,,,,1181.6,,,,,,,1181.6,,,
Aug-30-2019,30.37mm,1208.40,,,,1208.4,1208.4,,,,,,,,,,
Sep-02-2019,14.16mm,1207.20,,,,,,,,,,,,,,,
Sep-03-2019,19.38mm,1219.60,,,,,,,,,,,,,,,
Sep-04-2019,19.72mm,1230.00,,,,,,,,1230,,,,,,,
Sep-05-2019,49.02mm,1277.80,,,,,,,,,,,,,,,
Sep-06-2019,28.18mm,1272.00,,,,,,,,,,,,,,,
Sep-09-2019,33.67mm,1299.20,,,,,,,,,,,,,,,
Sep-10-2019,34.04mm,1273.80,,,,,,,,,,,,,,,
Sep-11-2019,26.82mm,1290.20,,,,,,,,,,,,,,,
Sep-12-2019,31.34mm,1303.00,,,,,,,,,,,,,,,
Sep-13-2019,34.91mm,1307.40,,,,,,,,,,,,,,,
Sep-17-2019,24.64mm,1308.40,,,,,,,,,,1308.4,,1308.4,,1308.4,
Sep-18-2019,35.75mm,1279.40,,,,,,,,,,,,1279.4,,,
Sep-19-2019,30.54mm,1275.00,,,,,,,,,,,,,,1275,
Sep-20-2019,26.43mm,1282.20,,,,,,,,,,,,,,,
Sep-24-2019,17.32mm,1282.80,,,,,,,,,,,,,,,
Sep-25-2019,32.43mm,1305.60,,,,,,,,,,,,,,,
Sep-26-2019,28.59mm,1288.00,,,,,,,,,,,,,,,
Sep-27-2019,29.98mm,1270.60,,,,,,,1270.6,,,,,,,,
Sep-30-2019,21.74mm,1269.40,,,,,,,,,,,,,,,
Oct-01-2019,22.82mm,1270.00,,,,,,,,,,,,,,,
Oct-02-2019,29.31mm,1240.00,,,,1240,,,,,,,,,,,
Oct-03-2019,22.23mm,1229.60,,,,,,,,,,,,,,,
Oct-04-2019,20.44mm,1243.00,,,,,1243,,,,,,,,,,
Oct-07-2019,14.79mm,1241.40,,,,,,,,,,,,,,,
Oct-08-2019,19.84mm,1240.40,,,,,,,,,,,,1240.4,,,
Oct-09-2019,18.53mm,1234.80,,,,,,,,,,,,,,,
Oct-10-2019,20.73mm,1227.20,,,,,1227.2,,,,,,,,,,
Oct-11-2019,23.52mm,1246.00,,,,,,,,,,,,,,,
Oct-15-2019,24.73mm,1262.20,,,,,,,,,,,,,,,
Oct-16-2019,22.91mm,1275.20,,,,,,,,,,,,,,1275.2,
Oct-17-2019,32.85mm,1302.00,,,,,,,,,,,,,,,
Oct-18-2019,23.24mm,1289.80,,,,,,,,,,,,,,,
Oct-21-2019,13.64mm,1292.00,,,,,,,,,,,,,,,
Oct-22-2019,#N/A,1292.00,,,,,,,,,,,,,,,
Oct-23-2019,25.74mm,1271.00,,,,,,,,,,,,,,,
Oct-24-2019,16.76mm,1268.00,,,,,,,,,,,,,,,
Oct-25-2019,23.81mm,1262.80,,,,,,1262.8,,,,,,1262.8,,,
Oct-28-2019,19.59mm,1274.00,,,,,,,,,,,,,,,
Oct-29-2019,25.53mm,1288.40,,,,,,,,,,,,,,,
Oct-30-2019,42.43mm,1273.00,,,,,,,,1273,,,1273,1273,,1273,
Oct-31-2019,60.43mm,1325.00,,,,,,,,,,,,,,,
Nov-01-2019,29.09mm,1323.80,,,,,,,,,,,,,,,
Nov-05-2019,34.46mm,1338.60,,,,,,,,,,,,,,,
Nov-06-2019,25.94mm,1328.00,,,,,,,1328,,,,,,,,
Nov-07-2019,24.14mm,1310.40,,,,,,,,,,,,,,,
Nov-08-2019,23.94mm,1313.40,,,,,,,,,,,,,,,
Nov-11-2019,24.35mm,1336.60,,,,,,,,,,,,,,1336.6,
Nov-12-2019,24.96mm,1353.40,,,,,,,,,,,,,,1353.4,
Nov-13-2019,25.93mm,1362.40,,,,,,,,,,,,,,,
Nov-14-2019,24.54mm,1340.20,,,,,1340.2,,,,1340.2,,,,,,
Nov-15-2019,19.49mm,1345.20,,,,,,,,,,,,,,,
Nov-18-2019,23.57mm,1368.80,,,,,,,,,,1368.8,,,,,
Nov-19-2019,25.52mm,1351.00,,,,,,,,,,,,,,,
Nov-20-2019,21.63mm,1339.40,,,,,,,,,,,,,,,
Nov-21-2019,28.08mm,1326.60,,,,,,,,,,1326.6,,,,,
Nov-22-2019,19.91mm,1337.20,,,,,,,,,,1337.2,,,,,
Nov-25-2019,12.79mm,1342.60,,,,,,,,,,,,,,,
Nov-26-2019,47.70mm,1379.20,,,,,,,,,,,,,,,
Nov-27-2019,32.86mm,1386.40,,,,,,,,,,,,,,,
Nov-28-2019,18.70mm,1379.40,,,,,,,,,,,,,,,
Nov-29-2019,36.68mm,1380.80,,,,,,,,,,,,,,,
Dec-02-2019,32.14mm,1399.60,,,,,,,,,,,,,,,
Dec-03-2019,36.24mm,1420.40,,,,,,,,,,,,,,1420.4,
Dec-04-2019,35.38mm,1419.60,,,,,,,,,,,,,,,
Dec-05-2019,34.64mm,1417.60,,,,,,,,,,,,,,,
Dec-06-2019,19.07mm,1413.60,,,,,,,,,,,,,,,
Dec-09-2019,27.21mm,1428.80,,,,,,,,,,,,,,1428.8,
Dec-10-2019,32.40mm,1449.00,,,,,,,,,,,,,,,
Dec-11-2019,30.19mm,1443.80,,,,,,,,,,,,,,,
Dec-12-2019,35.32mm,1460.20,,,,,,,,,,,,,,,
Dec-13-2019,44.33mm,1488.60,,,,,,,,,,,,,,,
Dec-16-2019,24.14mm,1493.20,,,,,,,,,,,,,,,
Dec-17-2019,26.49mm,1491.00,,,,,,,,,,,,,,,
Dec-18-2019,19.11mm,1482.60,,,,,1482.6,,,,1482.6,,,,,,
Dec-19-2019,18.40mm,1490.60,,,,,,,,,,,,,,,
Dec-20-2019,38.23mm,1465.20,,,,,,,,,,,,,,,
Dec-23-2019,16.08mm,1478.40,,,,,,,,,,,,,,,
Dec-24-2019,14.40mm,1481.20,,,,,,,,,,,,,,,
Dec-25-2019,9.02mm,1483.40,,,,,,,,,,,,,,,
Dec-26-2019,11.49mm,1485.40,,,,,,,,,,,,,,,
Dec-27-2019,17.99mm,1490.00,,,,,,,,,,,,,,,
Dec-30-2019,22.56mm,1480.20,,,,,,,,,,,,,,,
Jan-06-2020,25.77mm,1484.00,,,,,,,,,,,,,,1484,
Jan-07-2020,58.60mm,1531.00,,,,1531,,,,,,,,,,1531,
Jan-08-2020,57.03mm,1532.00,,,,,,,,,,,,,,,
Jan-09-2020,45.98mm,1560.80,,,,,,,,,,,,,,,
Jan-10-2020,39.81mm,1568.60,,,,,,,,,,,,,,,
Jan-14-2020,66.52mm,1607.20,,,,,,,,,,,,,,,
Jan-15-2020,56.43mm,1576.00,,,,,,,,,,,,,,,
Jan-16-2020,33.48mm,1587.20,,,,,,,,,,,,,,,
Jan-17-2020,33.96mm,1584.80,,,,,,,,,,,,,,,
Jan-20-2020,21.43mm,1598.20,,,,,,,,,,,,,,,
Jan-21-2020,21.11mm,1588.80,,,,,,,,,,,,,,,
Jan-22-2020,25.46mm,1591.80,,,,,,,,,,,,,,,
Jan-23-2020,22.73mm,1590.00,,,,,,,,,,,,,,,
Jan-24-2020,19.85mm,1587.80,,,,,,,,,,,,,,,
Jan-27-2020,31.78mm,1573.00,,,,,,,,,,,,,,,
Jan-28-2020,29.36mm,1554.60,,,,,,,,,,,,,,,
Jan-29-2020,23.31mm,1567.00,,,,,,,,,,,,,,,
Jan-30-2020,36.31mm,1533.40,,,,,,1533.4,,,,,,1533.4,,,
Jan-31-2020,28.30mm,1543.60,,,,,,1543.6,,,,,,1543.6,,,
Feb-03-2020,26.23mm,1540.60,,,,,,,,,,,,,,,
Feb-04-2020,41.82mm,1540.00,,,,,,,,1540,,,,,,1540,
Feb-05-2020,71.86mm,1531.80,,,,,1531.8,,,,,,,,,,
Feb-06-2020,48.93mm,1569.00,,,,,,,,,,,,,,,
Feb-07-2020,28.78mm,1565.20,,,,,,,,,,,,,,,
Feb-10-2020,30.09mm,1538.20,,,,,,,,,,,,,,,
Feb-12-2020,27.02mm,1543.40,,,,,,,,,,,,,,,
Feb-13-2020,21.26mm,1534.00,,,,,,,,,,,,,,,
Feb-14-2020,25.96mm,1524.40,,,,,,,,,,,,,,,
Feb-17-2020,27.99mm,1490.40,,,,,,,,,,,,,,,
Feb-18-2020,37.93mm,1453.00,,,,,,,,,,,,,,,
Feb-19-2020,24.55mm,1474.00,,,,,,,,,,,,,,,
Feb-20-2020,32.82mm,1504.40,,,,,,,,,,,,,,,
Feb-21-2020,20.99mm,1495.80,,,,,,,,,,,,,,,
Feb-25-2020,42.54mm,1453.80,,,,,,,,,,,,,,,
Feb-26-2020,39.68mm,1431.00,,,,,,,,,,,,,,,
Feb-27-2020,54.20mm,1375.40,,,,,,,,,,,,,,,
Feb-28-2020,58.18mm,1322.20,,,,,,,,,,,,,,,
Mar-02-2020,56.23mm,1374.60,,,,,,,,,,,,,,,
Mar-03-2020,52.27mm,1361.00,,,,,,,,,,,,,,,
Mar-04-2020,28.47mm,1362.20,,,,,,,,,,,,,,,
Mar-05-2020,34.34mm,1385.80,,,,,,,,,,,,,,,
Mar-06-2020,38.04mm,1340.80,,,,,,,,,,,,,,,
Mar-09-2020,64.55mm,1242.80,,,,,,,,,,,,,,,
Mar-10-2020,78.88mm,1283.80,,,,,,,,,,,,,,,
Mar-11-2020,61.04mm,1229.00,,,,,,,,,,,,,,,
Mar-12-2020,73.08mm,1176.40,,,,,,,,,,,,,,,
Mar-13-2020,134.12mm,1162.20,,,,,,,,,,,,,,,
Mar-16-2020,86.52mm,1126.60,,,,,,,,,,,,,,,
Mar-17-2020,104.03mm,1166.60,,,,,1166.6,,,,,,,,,,
Mar-18-2020,77.04mm,1198.40,,,,1198.4,,,,,,,,,,,
Mar-19-2020,90.39mm,1185.80,,,,,,,,,,,,,,,
Mar-23-2020,67.22mm,1173.20,,,,,,,,,,,,,,,
Mar-24-2020,63.94mm,1239.60,,,,,,,,,,,,,,,
Mar-25-2020,56.17mm,1300.00,,,,,,,,,,,,,,,
Mar-26-2020,46.49mm,1280.00,,,,,,,,,,,1280,,,,
Mar-27-2020,57.68mm,1337.60,,,,,,,1337.6,,,,,,,,
Mar-30-2020,54.45mm,1286.80,,,,,,,1286.8,,,,,,,,
Mar-31-2020,47.15mm,1284.20,,,,,,,,,,,,,,,
Apr-01-2020,45.86mm,1245.60,,,,,,,,,,,,1245.6,,,
Apr-02-2020,49.65mm,1264.40,,,,,,,,,,,,,,,
Apr-03-2020,41.73mm,1252.00,,,,,,,,,,,,,,,
Apr-06-2020,45.18mm,1310.00,,,,,,,,,,,,,,1310,
Apr-07-2020,45.78mm,1338.00,,,,,,,,,,,,,,,
Apr-08-2020,45.27mm,1340.40,,,,,,,,,,,,,,,
Apr-09-2020,28.02mm,1342.20,,,,,,,,,,,,,,,
Apr-10-2020,28.72mm,1334.00,,,,,,,,,,,,,,,
Apr-13-2020,22.91mm,1301.40,,,,,,,,,,,,,,,
Apr-14-2020,23.88mm,1323.20,,,,,,,,,,,,,,,
Apr-15-2020,33.34mm,1353.40,,,,,,,,,,1353.4,,,,,
Apr-16-2020,28.01mm,1340.00,,,,,,,,,,,,,,,
Apr-17-2020,46.36mm,1393.80,,,,,,,,,,1393.8,,,,,
Apr-20-2020,25.55mm,1375.60,,,,,,,,,,,,,,,
Apr-21-2020,32.07mm,1344.40,,,,,,,,,,,,,,,
Apr-22-2020,25.25mm,1348.60,,,,,,,,,,,,,,,
Apr-23-2020,18.82mm,1352.20,,,,,,,,,,,,,,,
Apr-24-2020,18.41mm,1341.20,,,,,,,,,,,,,,,
Apr-27-2020,18.01mm,1355.80,,,,,,,,,,,,,,,
Apr-28-2020,24.96mm,1352.60,,,,,,,,,,,,,,,
Apr-30-2020,41.89mm,1386.40,,,,,,,,,,,,,,,
May-01-2020,22.97mm,1361.20,,,,,,,,,,,,,,,
May-07-2020,23.73mm,1358.40,,,,,,,,,,,,,,,
May-08-2020,28.79mm,1389.60,,,,,,,,,,,,,,,
May-11-2020,30.44mm,1411.80,,,,,,,,,,,,,,,
May-12-2020,27.82mm,1414.20,,,,,,,,,,,,,,,
May-13-2020,25.09mm,1413.80,,,,,,,1413.8,,,,1413.8,,,1413.8,
May-14-2020,45.65mm,1358.80,,,,,,,,,,,,,,,
May-15-2020,32.88mm,1373.00,,,,,,,,,,,,,,,
May-18-2020,36.41mm,1337.00,,,,,,,,,,,,,,,
May-19-2020,46.52mm,1380.40,,,,,1380.4,1380.4,,,1380.4,,1380.4,,,1380.4,
May-20-2020,59.13mm,1349.40,,,,,,,,,,,1349.4,,,,
May-21-2020,27.16mm,1359.00,,,,,,,,,,,,,,,
May-22-2020,25.13mm,1354.60,,,,,,,,,,,,,,,
May-25-2020,18.55mm,1350.00,,,,,1350,,,,,,,,,,
May-26-2020,32.85mm,1347.40,,,,,,,,,,,,,,,
May-27-2020,33.27mm,1350.00,,,,,,,,,,,,,,,
May-28-2020,46.11mm,1376.80,,,,,,,,,,,,,,,
May-29-2020,48.33mm,1374.80,,,,,,,,,,,,,,,
Jun-01-2020,31.12mm,1394.60,,,,,,,,,,,,,,,
Jun-02-2020,43.75mm,1426.60,,,,,,,,,,,,,,,
Jun-03-2020,41.02mm,1430.20,,,,,,,,,,,,,,,
Jun-04-2020,41.83mm,1453.40,,,,,1453.4,,,,,,,,,,
Jun-05-2020,26.93mm,1456.00,,,,,,,,,,,,,,,
Jun-08-2020,27.99mm,1479.20,,,,,,,,,,,,,,1479.2,
Jun-09-2020,25.09mm,1480.40,,,,,1480.4,,,,,,,,,,
Jun-10-2020,30.66mm,1499.20,,,,,,,,,,,,,,,
Jun-11-2020,43.73mm,1499.00,,,,,,,,,,,,,,,
Jun-12-2020,40.55mm,1480.80,,,,,,,,,,,,,,,
Jun-15-2020,32.80mm,1463.40,,,,,,,,,,,,,,,
Jun-16-2020,29.15mm,1496.00,,,,,,,,,,,,,,,
Jun-17-2020,41.11mm,1533.80,,,,,,,,,,,,,,,
Jun-18-2020,24.85mm,1533.00,,,,,,,,,,,,,,,
Jun-19-2020,24.65mm,1522.40,,,,,,,,,,,,,,,
Jun-22-2020,20.59mm,1521.40,,,,,,,,,,,,,,,
Jun-23-2020,24.38mm,1528.00,,,,,,,,,,,,,,,
Jun-24-2020,23.15mm,1530.00,,,,,,,,,,,,,,,
Jun-25-2020,21.08mm,1511.00,,,,,,,,,,,,,,,
Jun-26-2020,20.70mm,1503.80,,,,,,,,,,,1503.8,,,1503.8,
Jun-29-2020,26.76mm,1462.60,,,,,,,,,,,,,,,
Jun-30-2020,21.61mm,1476.80,,,,,,,,,,,,,,1476.8,
Jul-01-2020,19.71mm,1486.40,,,,,,,,,,,1486.4,,,,
Jul-02-2020,22.79mm,1500.00,,,,,,,,,,,,,,,
Jul-03-2020,15.51mm,1502.20,,,,,,,,,,,,,,,
Jul-06-2020,16.03mm,1516.00,,,,,,,,,,,,,,,
Jul-07-2020,20.72mm,1500.40,,,,,,,,,,,,,,,
Jul-08-2020,16.33mm,1486.00,,,,,,,,,,,,,,,
Jul-09-2020,38.33mm,1534.60,,,,,1534.6,,,,,,,,,,
Jul-10-2020,44.50mm,1556.00,,,,,,,,,,1556,,,,,
Jul-13-2020,44.77mm,1620.00,,,,,1620,,,,,,,,,,
Jul-14-2020,31.94mm,1588.00,,,,,,,,,,,,,,,
Jul-15-2020,37.12mm,1625.20,,,,,,,,,,,,,,,
Jul-16-2020,41.01mm,1635.20,,,,,,,,,,,,,,,
Jul-17-2020,20.26mm,1623.00,,,,,,,,,,1623,,,,,
Jul-20-2020,20.15mm,1649.80,,,,,,,,,,,,,,,
Jul-21-2020,29.28mm,1675.80,,,,,,,,,,,,,,,
Jul-22-2020,17.45mm,1652.00,,,,,,,,,,,,,,,
Jul-27-2020,25.12mm,1639.20,,,,,,,,,,,,,,,
Jul-28-2020,19.44mm,1651.60,,,,,,,,,,,,,,,
Jul-29-2020,17.37mm,1633.60,,,,,,,,,,,,,,,
Jul-30-2020,18.00mm,1636.80,,,,,,,,,,,,,,,
Jul-31-2020,24.69mm,1615.20,,,,,,,,,,,,,,,
Aug-03-2020,28.63mm,1662.80,,,,,,,,,,,,,,,
Aug-04-2020,50.62mm,1737.20,,,,,1737.2,,1737.2,1737.2,,1737.2,1737.2,,,1737.2,
Aug-05-2020,51.71mm,1709.20,,,,,,,,,,,,,,,
Aug-06-2020,23.55mm,1693.60,,,,,1693.6,,,,,,,,,,
Aug-07-2020,25.21mm,1705.00,,,,,,,,,,,,,,,
Aug-11-2020,26.13mm,1707.40,,,,,,,,,,,,,,,
Aug-12-2020,22.79mm,1692.40,,,,,,,,,,,,,,,
Aug-13-2020,31.16mm,1740.00,,,,,,,,,,1740,,,,,
Aug-14-2020,30.03mm,1775.20,,,,,,,,,,,,,,,
Aug-17-2020,18.72mm,1765.20,,,,,,,,,,,,,,,
Aug-18-2020,20.31mm,1753.60,,,,,1753.6,,,,,,,,,,
Aug-19-2020,37.37mm,1705.20,,,,,,,,,,,,,,,
Aug-20-2020,40.50mm,1670.80,,,,,,,,,,,,,,,
Aug-21-2020,28.82mm,1656.80,,,,,,,,,,,,,,1656.8,
Aug-24-2020,18.60mm,1681.40,,,,,,,,,,,,,,,
Aug-25-2020,18.36mm,1684.60,,,,,,,,,,,,,,,
Aug-26-2020,23.25mm,1714.20,,,,,,,,,,,,,,,
Aug-27-2020,23.45mm,1711.80,,,,,,,,,,,,,,,
Aug-28-2020,35.79mm,1656.00,,,,,,,,,,,,,,,
Aug-31-2020,22.60mm,1661.80,,,,,,,,,,,,,,,
Sep-01-2020,19.67mm,1669.80,,,,,,,,,,,,,,,
Sep-02-2020,19.22mm,1684.00,,,,,,,,,,,,,,,
Sep-03-2020,19.15mm,1685.20,,,,,,,,,,,,,,,
Sep-04-2020,24.66mm,1657.60,,,,,,,,,,,,,,,
Sep-07-2020,19.23mm,1639.60,,,,,,,,,,,,,,,
Sep-08-2020,17.16mm,1647.00,,,,,,,,,,,,,,,
Sep-09-2020,28.65mm,1615.60,,,,,,,,,,,,,,1615.6,
Sep-10-2020,30.22mm,1643.20,,,,,,,,,,,,,,1643.2,
Sep-11-2020,23.22mm,1642.20,,,,,,,,,,,,,,,
Sep-14-2020,17.63mm,1651.40,,,,,,,,,,,,,,,
Sep-15-2020,49.25mm,1611.60,,,,,,,,,,,,,,,
Sep-16-2020,37.04mm,1642.00,,,,,,,,,,,,,,,
Sep-17-2020,27.15mm,1626.40,,,,,,,,,,,,,,,
Sep-18-2020,32.95mm,1664.60,,,,,,,,,,,,,,,
Sep-23-2020,35.69mm,1640.80,,,,,,,,,,,,,,,
Sep-24-2020,27.07mm,1631.00,,,,,,,,,,,,,,,
Sep-25-2020,31.53mm,1620.00,,,,,,,,,,,,,,,
Sep-28-2020,24.68mm,1635.80,,,,,,,1635.8,,,,,,,,
Sep-29-2020,23.78mm,1640.00,,,,,,,1640,,,,,,,1640,
Sep-30-2020,25.97mm,1606.40,,,,,,,,,,,,,,,
Oct-02-2020,46.09mm,1550.60,,,,,,,,,,,,,,,
Oct-05-2020,26.78mm,1578.40,,,,,,,,,,,,,,,
Oct-06-2020,22.57mm,1565.60,,,,,,,,,,,,,,,
Oct-07-2020,21.61mm,1554.00,,,,,,,,,,,,,,1554,
Oct-08-2020,21.69mm,1566.40,,,,,,,,,,,,,,,
Oct-09-2020,24.42mm,1572.40,,,,,,,,,,,,,,,
Oct-12-2020,21.68mm,1553.60,,,,,,,,,,,,,,,
Oct-13-2020,20.74mm,1582.00,,,,,,,,,,,,,,,
Oct-14-2020,21.89mm,1562.20,,,,,,,,,,,,,,,
Oct-15-2020,19.97mm,1551.40,,,,,,,,,,,,,,,
Oct-16-2020,26.88mm,1520.60,,,,,,,,,,,,,,,
Oct-19-2020,21.25mm,1553.80,,,,,,,,,,,,,,,
Oct-20-2020,22.82mm,1580.00,,,,,,,,,,,1580,,,,
Oct-21-2020,22.84mm,1579.20,,,,,,,,,,,,,,,
Oct-22-2020,16.51mm,1563.20,,,,,,,,,,,,,,,
Oct-23-2020,15.78mm,1564.00,,,,,,,,,,,,,,,
Oct-26-2020,19.67mm,1603.40,,,,,,,,,,,,,,,
Oct-27-2020,26.93mm,1620.00,,,,,,,,,,,,,,,
Oct-28-2020,30.45mm,1649.60,,,,,,,,1649.6,,,1649.6,,,1649.6,
Oct-29-2020,95.99mm,1760.00,,,,,,,,,,,,,,,
Oct-30-2020,47.08mm,1734.80,,,,,,,,,,,,,,,
Nov-02-2020,34.06mm,1753.60,,,,,,,,,,,,,,,
Nov-04-2020,47.15mm,1780.60,,,,,,,,,,,,,,1780.6,
Nov-05-2020,50.60mm,1845.80,,,,,,,,,,,,,,,
Nov-06-2020,30.04mm,1829.00,,,,,,,,,,,,,,,
Nov-09-2020,27.30mm,1844.00,,,,,,,,,,,,,,,
Nov-10-2020,42.38mm,1784.00,,,,,,,,,,,,,,,
Nov-11-2020,32.69mm,1808.00,,,,,,,,,,,,,,,
Nov-12-2020,33.62mm,1832.00,,,,,,,,,,,,,,,
Nov-13-2020,44.15mm,1865.20,,,,,,,,,,,,,,,
Nov-16-2020,29.91mm,1898.20,,,,,,,,,,1898.2,,,,,
Nov-17-2020,27.94mm,1881.60,,,,,,,,,,,1881.6,,,1881.6,
Nov-18-2020,25.14mm,1847.40,,,,,,,,,,,,,,1847.4,
Nov-19-2020,27.81mm,1849.80,,,,,,,,,,,,,,,
Nov-20-2020,22.84mm,1847.00,,,,,,,,,,,,,,,
Nov-24-2020,37.38mm,1898.00,,,,,,,,,,,,,,,
Nov-25-2020,60.54mm,1962.00,,,,,,,,,,,,,,,
Nov-26-2020,30.64mm,1950.80,,,,,,,,,,,,,,,
Nov-27-2020,34.82mm,1962.40,,,,,,,,,,,,,,,
Nov-30-2020,44.95mm,1940.80,,,,,,,,,,,,,,,
Dec-01-2020,28.30mm,1960.00,,,,,,,,,,,,,,,
Dec-02-2020,40.17mm,1923.60,,,,,,,,,,,,,,,
Dec-03-2020,24.31mm,1953.00,,,,,,,,,,,,,,,
Dec-04-2020,17.29mm,1951.40,,,,,,,,,,,,,,,
Dec-07-2020,16.57mm,1935.00,,,,,,,,,,,,,,1935,
Dec-08-2020,17.57mm,1940.80,,,,,,,,,,,,,,1940.8,
Dec-09-2020,22.47mm,1974.40,,,,,,,,,,,,,,,
Dec-10-2020,18.55mm,1963.60,,,,,,,,,,,,,,,
Dec-11-2020,24.04mm,1971.60,,,,,,,,,,,,,,,
Dec-14-2020,17.49mm,1956.60,,,,,,,,,,,,,,,
Dec-15-2020,17.97mm,1946.00,,,,,,,,,,,,,,,
Dec-16-2020,13.85mm,1953.00,,,,,,,,,,,,,,,
Dec-17-2020,43.50mm,2005.00,,,,,,,,,,,,,,,
Dec-18-2020,39.16mm,2051.00,,,,,,,,,,,,,,,
Dec-21-2020,20.90mm,2081.00,,,,,,,,,,,,,,,
Dec-22-2020,17.73mm,2009.00,,,,,,,,,,,,,,,
Dec-23-2020,10.70mm,2030.00,,,,,,,,,,,,,,,
Dec-24-2020,12.49mm,2018.00,,,,,,,,,,,,,,,
Dec-25-2020,12.33mm,1990.60,,,,,,,,,,,,,,,
Dec-28-2020,15.85mm,2036.00,,,,,,,,,,,,,,,
Dec-29-2020,20.99mm,2078.00,,,,,,,,,,,,,,,
Dec-30-2020,16.22mm,2057.00,,,,,,,,,,,,,,,
Jan-04-2021,18.95mm,2087.00,,,,,,,,,,,,,,,
Jan-05-2021,24.98mm,2114.00,,,,,,,,,,,,,,,
Jan-06-2021,21.24mm,2066.00,,,,,,,,,,,,,,,
Jan-07-2021,20.92mm,2088.00,,,,,,,,,,,,,,,
Jan-08-2021,30.78mm,2143.00,,,,,,,,,,,,,,,
Jan-12-2021,28.97mm,2170.00,,,,,,,,,,,,,,,
Jan-13-2021,23.39mm,2140.00,,,,,,,,,,,,,,,
Jan-14-2021,22.77mm,2150.00,,,,,,,,,,,,,,,
Jan-15-2021,20.41mm,2112.00,,,,,,,,,,,,,,,
Jan-18-2021,12.90mm,2096.00,,,,,,,,,,,,,,,
Jan-19-2021,13.33mm,2121.00,,,,,,,,,,,,,,,
Jan-20-2021,11.51mm,2118.00,,,,,,,,,,,,,,,
Jan-21-2021,15.44mm,2121.00,,,,,,,,,,,,,,,
Jan-22-2021,18.42mm,2096.00,,,,,,,,,,,2096,,,,
Jan-25-2021,26.11mm,2060.00,,,,,,,,,,,,,,,
Jan-26-2021,19.05mm,2057.00,,,,,,,,,,,,,,,
Jan-27-2021,23.89mm,2054.00,,,,,,,,,,,,,,,
Jan-28-2021,33.01mm,2007.00,,,,,,,,,,,,,,,
Jan-29-2021,23.37mm,2010.00,,,,,,,,,,,,,,,
Feb-01-2021,13.98mm,2031.00,,,,,,,,,,,,,,,
Feb-02-2021,22.00mm,2093.00,,,,,,,,,,,,,,,
Feb-03-2021,24.32mm,2127.00,,,,,,,2127,2127,,,,,,2127,
Feb-04-2021,88.91mm,2330.00,,,,,2330,,,,,,,,,,
Feb-05-2021,75.34mm,2490.00,,,,,,,,,,,,,,,
Feb-08-2021,43.92mm,2419.00,,,,,,,,,,,,,,,
Feb-09-2021,40.66mm,2365.00,,,,,2365,,,,,,,,,,
Feb-10-2021,26.02mm,2398.00,,,,,,,,,,,,,,,
Feb-12-2021,19.19mm,2369.00,,,,,,,,,,,,,,,
Feb-15-2021,17.12mm,2394.00,,,,,,,,,,,,,,,
Feb-16-2021,31.68mm,2448.00,,,,,,,,,,,,,,,
Feb-17-2021,19.95mm,2440.00,,,,,,,,,,,,,,,
Feb-18-2021,20.03mm,2400.00,,,,,,,,,,,,,,,
Feb-19-2021,15.43mm,2393.00,,,,,2393,,,,,,,,,,
Feb-22-2021,17.12mm,2396.00,,,,,,,,,,,,,,,
Feb-24-2021,32.22mm,2265.00,,,,,,,,,,,,,,,
Feb-25-2021,21.54mm,2314.00,,,,,,,,,,,,,,,
Feb-26-2021,30.82mm,2224.00,,,,,,,,,,,,,,,
Mar-01-2021,20.93mm,2281.00,,,,,,,,,,,,,,,
Mar-02-2021,24.56mm,2269.00,,,,,,,,,,,,,,,
Mar-03-2021,17.26mm,2266.00,,,,,,,,,,,,,,,
Mar-04-2021,25.39mm,2209.00,,,,,,,,,,,,,,,
Mar-05-2021,32.27mm,2243.00,,,,,,,,,,,,,,,
Mar-08-2021,23.36mm,2204.00,,,,,,,,,,,,,,,
Mar-09-2021,30.42mm,2162.00,,,,,,,,,,,,,,,
Mar-10-2021,29.16mm,2200.00,,,,,,,,,,,,,,,
Mar-11-2021,22.56mm,2202.00,,,,,,,,,,,,,,,
Mar-12-2021,27.89mm,2266.00,,,,,,,,,,,,,,,
Mar-15-2021,16.19mm,2280.00,,,,,,,,,,,,,,,
Mar-16-2021,19.12mm,2317.00,,,,,,,,,,,,,,,
Mar-17-2021,16.09mm,2315.00,,,,,,,,,,,,,,,
Mar-18-2021,18.99mm,2326.00,,,,,,,,,,,,,,,
Mar-19-2021,24.67mm,2311.00,,,,,,,,,,,,,,,
Mar-22-2021,16.47mm,2292.00,,,,,,,,,,,,,,,
Mar-23-2021,15.95mm,2306.00,,,,,,,,,,,,,,,
Mar-24-2021,18.25mm,2245.00,,,,,,,,,,,,,,,
Mar-25-2021,20.74mm,2243.00,,,,,,,,,,,,,,,
Mar-26-2021,21.19mm,2287.00,,,,,,,,,,,,,,,
Mar-29-2021,25.63mm,2327.00,,,,,,,2327,,,,,,,,
Mar-30-2021,18.69mm,2299.00,,,,,,,2299,,,,,,,,
Mar-31-2021,30.51mm,2319.00,,,,2319,2319,,,,,,,,,,
Apr-01-2021,22.17mm,2330.00,,,,,,,,,,,2330,,,,
Apr-02-2021,29.77mm,2440.00,,,,,,,,,,,,,,,
Apr-05-2021,18.86mm,2466.00,,,,,,,,,,,,,,,
Apr-06-2021,23.00mm,2416.00,,,,,,,,,,,,,,,
Apr-07-2021,18.74mm,2433.00,,,,,,,,,,,,,,,
Apr-08-2021,21.34mm,2380.00,,,,,,,,,,,,,,,
Apr-09-2021,22.16mm,2446.00,,,,,,,,,,,,,,,
Apr-12-2021,14.38mm,2435.00,,,,,,,,,,,,,,,
Apr-13-2021,17.40mm,2436.00,,,,,2436,,,,,,,,,,
Apr-14-2021,13.93mm,2438.00,,,,,,,,,,,,,,,
Apr-15-2021,16.05mm,2441.00,,,,,,,,,,,,,,,
Apr-16-2021,13.75mm,2416.00,,,,,,,,,,,,,,,
Apr-19-2021,15.66mm,2398.00,,,,,,,,,,,,,,,
Apr-20-2021,18.14mm,2373.00,,,,,,,,,,,,,,,
Apr-21-2021,22.30mm,2315.00,,,,,,,,,,,,,,,
Apr-22-2021,18.25mm,2344.00,,,,,,,,,,,,,,,
Apr-23-2021,15.41mm,2368.00,,,,,,,,,,,,,,,
Apr-26-2021,14.08mm,2340.00,,,,,,,,,,,,,,,
Apr-27-2021,22.59mm,2290.00,,,,,,,,,,,,,,,
Apr-28-2021,21.27mm,2362.00,,,,,2362,,,,,,2362,,,2362,
Apr-30-2021,62.09mm,2180.00,,,,,,,,,,,,,,,
May-06-2021,43.73mm,2143.00,,,,,,,,,,,,,,,
May-07-2021,35.29mm,2094.00,,,,,,,,,,,,,,,
May-10-2021,26.06mm,2156.00,,,,,,,,,,,,,,,
May-11-2021,29.29mm,2080.00,,,,,,,,,,,,,,,
May-12-2021,25.19mm,2060.00,,,,,,2060,,,,,,,,,
May-13-2021,32.93mm,1997.80,,,,,,,,,,,,,,,
May-14-2021,30.43mm,2045.00,,,,,,,,,,,,,,,
May-17-2021,16.61mm,2066.00,,,,,,,,,,,,,,,
May-18-2021,23.61mm,2064.00,,,,,,,,,,,,,,,
May-19-2021,17.30mm,2084.00,,,,,,,,,,,,,,,
May-20-2021,16.81mm,2095.00,,,,,,2095,,2095,,,,,,,
May-21-2021,19.50mm,2105.00,,,,,,,,,,,,,,,
May-24-2021,15.88mm,2102.00,,,,,,,,,,,,,,,
May-25-2021,20.07mm,2151.00,,,,,,,,,,,,,,,
May-26-2021,18.48mm,2140.00,,,,,,,,,,,,,,2140,
May-27-2021,23.45mm,2160.00,,,,,,,,,,,,,,,
May-28-2021,28.78mm,2194.00,,,,,,,,,,,,,,2194,
May-31-2021,17.39mm,2157.00,,,,,,,,,,,,,,2157,
Jun-01-2021,13.00mm,2166.00,,,,,,,,,,,,,,2166,
Jun-02-2021,15.58mm,2161.00,,,,,,,,,,,,,,,
Jun-03-2021,11.92mm,2171.00,,,,,,,,,,,,,,,
Jun-04-2021,12.32mm,2184.00,,,,,,,,,,,,,,,
Jun-07-2021,18.79mm,2170.00,,,,,,,,,,,,,,,
Jun-08-2021,18.12mm,2199.00,,,,,,,,,,,,,,,
Jun-09-2021,18.33mm,2151.00,,,,,,,,,,,,,,,
Jun-10-2021,13.32mm,2159.00,,,,,2159,,,,,,,,,,
Jun-11-2021,16.25mm,2172.00,,,,,,,,,,,,,,,
Jun-14-2021,10.51mm,2164.00,,,,,,,,,,,,,,,
Jun-15-2021,14.76mm,2203.00,,,,,,,,,,,,,,,
Jun-16-2021,24.58mm,2140.00,,,,,,,,,,,,,,,
Jun-17-2021,19.13mm,2090.00,,,,,,,,,,,,,,,
Jun-18-2021,19.58mm,2100.00,,,,,,,,,,,,,,,
Jun-21-2021,19.63mm,2108.00,,,,,,,,,,,,,,2108,
Jun-22-2021,22.39mm,2174.00,,,,,,,,,,,,,,2174,
Jun-23-2021,15.18mm,2130.00,,,,,,,,,,,,,,,
Jun-24-2021,8.56mm,2137.00,,,,,,,,,,,,,,,
Jun-25-2021,14.95mm,2170.00,,,,,,,,,,,,,,,
Jun-28-2021,11.01mm,2174.00,,,,,,,,,,,,,,,
Jun-29-2021,16.08mm,2200.00,,,,,,,,,,,,,,,
Jun-30-2021,19.94mm,2163.00,,,,,,,,,,,,,,,
Jul-01-2021,15.47mm,2188.00,,,,,,,,,,,,,,,
Jul-02-2021,28.67mm,2268.00,,,,,,,,,,,,,,,
Jul-05-2021,13.99mm,2248.00,,,,,,,,,,,,,,,
Jul-06-2021,16.01mm,2248.00,,,,2248,,,,,,,,,,,
Jul-07-2021,13.89mm,2225.00,,,,,,,,,,,,,,,
Jul-08-2021,14.45mm,2195.00,,,,,,,,,,,,,,,
Jul-09-2021,23.08mm,2211.00,,,,,,,,,,,,,,,
Jul-12-2021,30.90mm,2297.00,,,,,,,,,,,,,,,
Jul-13-2021,24.95mm,2313.00,,,,,,,,,,,,,,,
Jul-14-2021,13.34mm,2321.00,,,,,,,,,,,,,,,
Jul-15-2021,14.16mm,2281.00,,,,,,,,,,,,,,,
Jul-16-2021,17.10mm,2231.00,,,,,,,,,,,,,,,
Jul-19-2021,14.65mm,2186.00,,,,,,,,,,,,,,,
Jul-20-2021,19.71mm,2137.00,,,,,,,,,,,,,,,
Jul-21-2021,15.50mm,2181.00,,,,,,,,,,,,,,,
Jul-26-2021,17.64mm,2195.00,,,,,,,,,,,,,,,
Jul-27-2021,10.80mm,2210.00,,,,,,,,,,,,,,,
Jul-28-2021,20.52mm,2227.00,,,,,,,,,,,,,,,
Jul-29-2021,23.84mm,2304.00,,,,,,,,,,,,,,,
Jul-30-2021,19.86mm,2275.00,,,,,,,,,,,,,,,
Aug-02-2021,13.48mm,2310.00,,,,,,,,,,,,,,,
Aug-03-2021,11.15mm,2289.00,,,,,,,,,,,,,,,
Aug-04-2021,20.63mm,2215.00,,,,,,,,2215,,,,,,2215,
Aug-05-2021,20.96mm,2272.00,,,,,,,,,,,,,,,
Aug-06-2021,15.00mm,2280.00,,,,,,,,,,,,,,,
Aug-10-2021,17.63mm,2223.00,,,,,,,,,,,,,,,
Aug-11-2021,10.74mm,2222.00,,,,,,,,,,,,,,,
Aug-12-2021,10.33mm,2202.00,,,,,,,,,,,,,,2202,
Aug-13-2021,13.96mm,2233.00,,,,,,,,,,,,,,,
Aug-16-2021,15.74mm,2183.00,,,,,,,,,,,,,,,
Aug-17-2021,11.72mm,2144.00,,,,,,,,,,,,,,,
Aug-18-2021,13.87mm,2180.00,,,,,,,,,,,,,,,
Aug-19-2021,14.86mm,2121.00,,,,,,,,,,,,,,,
Aug-20-2021,12.91mm,2124.00,,,,,,,,,,,,,,,
Aug-23-2021,15.84mm,2200.00,,,,,,,,,,,,,,,
Aug-24-2021,21.75mm,2277.00,,,,,,,,,,,,,,,
Aug-25-2021,15.43mm,2293.00,,,,,,,,,,,,,,,
Aug-26-2021,15.09mm,2259.00,,,,,,,,,,,,,,,
Aug-27-2021,11.42mm,2246.00,,,,,,,,,,,,,,,
Aug-30-2021,13.96mm,2247.00,,,,,,,,,,,,,,,
Aug-31-2021,17.39mm,2272.00,,,,,,,,,,,,,,,
Sep-01-2021,12.25mm,2288.00,,,,,,,,,,,,,,,
Sep-02-2021,12.65mm,2320.00,,,,,,,,,,,,,,,
Sep-03-2021,25.38mm,2376.00,,,,,2376,,,,,,,,,,
Sep-06-2021,15.44mm,2390.00,,,,,,,,,,,,,,,
Sep-07-2021,22.55mm,2397.00,,,,,,,,,,,,,,,
Sep-08-2021,17.46mm,2394.00,,,,,,,,,,,,,,,
Sep-09-2021,19.22mm,2410.00,,,,,,,,,,,,,,,
Sep-10-2021,24.08mm,2447.00,,,,,,,,,,,,,,,
Sep-13-2021,14.00mm,2446.00,,,,,,,,,,,,,,,
Sep-14-2021,15.80mm,2470.00,,,,,,,,,,,,,,,
Sep-15-2021,15.19mm,2434.00,,,,,,,,,,,,,,2434,
Sep-16-2021,14.95mm,2454.00,,,,,,,,,,,,,,,
Sep-17-2021,22.03mm,2463.00,,,,,,,,,,,,,,,
Sep-21-2021,24.33mm,2468.00,,,,,,,,,,,,,,,
Sep-22-2021,17.83mm,2472.00,,,,,,,,,,,,,,,
Sep-24-2021,34.41mm,2600.00,,,,,,,,,,,,,,,
Sep-27-2021,19.12mm,2593.00,,,,,,,,,,,,,,,
Sep-28-2021,20.67mm,2584.00,,,,,,,2584,,,,,,,2584,
Sep-29-2021,25.00mm,2488.00,,,,,,,2488,,,,,,,,
Sep-30-2021,19.10mm,2491.00,,,,,,,,,,,,,,,
Oct-01-2021,19.18mm,2417.00,,,,,,,,,,,,,,,
Oct-04-2021,15.93mm,2394.00,,,,,,,,,,,,,,,
Oct-05-2021,17.07mm,2357.00,,,,2357,,,,,,,,,,,
Oct-06-2021,18.31mm,2325.00,,,,,,,,,,,,,,,
Oct-07-2021,11.76mm,2339.00,,,,,,,,,,,,,,,
Oct-08-2021,14.94mm,2372.00,,,,,,,,,,,,,,,
Oct-11-2021,16.52mm,2477.00,,,,,,,,,,,,,,,
Oct-12-2021,14.71mm,2466.00,,,,,,,,,,,,,,,
Oct-13-2021,14.35mm,2472.00,,,,,,,,,,,,,,,
Oct-14-2021,13.65mm,2511.00,,,,,,,,,,,,,,,
Oct-15-2021,20.70mm,2578.00,,,,,,,,,,,,,,,
Oct-18-2021,14.35mm,2536.00,,,,,,,,,,,,,,,
Oct-19-2021,11.97mm,2547.00,,,,,,,,,,,,,,,
Oct-20-2021,15.88mm,2564.00,,,,,,,,,,,,,,,
Oct-21-2021,12.17mm,2533.00,,,,,,,,,,,,,,,
Oct-22-2021,11.42mm,2563.00,,,,,,,,,,,,,,,
Oct-25-2021,19.47mm,2613.00,,,,,,,,,,,,,,,
Oct-26-2021,22.66mm,2682.00,,,,,,,,,,,,,,,
Oct-27-2021,17.01mm,2621.00,,,,,,,,,,,,,,,
Oct-28-2021,15.41mm,2579.00,,,,,,,,2579,,,2579,,,2579,
Oct-29-2021,29.76mm,2628.00,,,,,,,,,,,,,,,
Nov-01-2021,33.70mm,2770.00,,,,,,,,,,,,,,,
Nov-02-2021,19.07mm,2776.00,,,,,,,,,,,,,,,
Nov-04-2021,18.96mm,2799.00,,,,,,,2799,,,,,,,,
Nov-05-2021,13.93mm,2809.00,,,,,,,,,,,,,,,
Nov-08-2021,14.32mm,2797.00,,,,,,,,,,,,,,,
Nov-09-2021,11.55mm,2770.00,,,,,,,,,,,,,,,
Nov-10-2021,12.05mm,2745.00,,,,,,,,,,,,,,,
Nov-11-2021,12.92mm,2760.00,,,,,,,,,,,,,,,
Nov-12-2021,12.26mm,2792.00,,,,,,,,,,,,,,,
Nov-15-2021,10.67mm,2819.00,,,,,,,,,,,,,,,
Nov-16-2021,16.51mm,2864.00,,,,,,,,,,2864,,,,,
Nov-17-2021,17.58mm,2845.00,,,,,,,,,,,,,,,
Nov-18-2021,15.59mm,2870.00,,,,,,,,,,,,,,,
Nov-19-2021,14.67mm,2869.00,,,,,,,,,,,,,,,
Nov-22-2021,12.19mm,2856.00,,,,,,,,,,,,,,,
Nov-24-2021,16.65mm,2813.00,,,,,,,,,,,,,,,
Nov-25-2021,12.97mm,2852.00,,,,,,,,,,,,,,,
Nov-26-2021,19.63mm,2797.00,,,,,,,,,,,,,,,
Nov-29-2021,19.44mm,2750.00,,,,,,,,,,,,,,,
Nov-30-2021,30.18mm,2765.00,,,,,,,,,,,,,,,
Dec-01-2021,21.59mm,2779.00,,,,,,,,,,,,,,,
Dec-02-2021,22.30mm,2716.00,,,,,,,,,,,,,,,
Dec-03-2021,16.68mm,2765.00,,,,,,,,,,,,,,,
Dec-06-2021,15.15mm,2736.00,,,,,,,,,,,,,,2736,
Dec-07-2021,17.10mm,2797.00,,,,,,,,,,,,,,2797,
Dec-08-2021,16.05mm,2854.00,,,,,,,,,,,,,,,
Dec-09-2021,14.93mm,2814.00,,,,,,,,,,,,,,,
Dec-10-2021,17.60mm,2774.00,,,,,,,,,,,,,,,
Dec-13-2021,11.79mm,2774.00,,,,,2774,,,,,,,,,,
Dec-14-2021,12.09mm,2750.00,,,,,,,,,,,,,,,
Dec-15-2021,11.84mm,2800.00,,,,,,,,,,,,,,,
Dec-16-2021,14.33mm,2808.00,,,,,,,,,,,,,,,
Dec-17-2021,22.13mm,2770.00,,,,,,,,,,,,,,,
Dec-20-2021,13.43mm,2688.00,,,,,,,,,,,,,,,
Dec-21-2021,12.60mm,2711.00,,,,,,,,,,,,,,,
Dec-22-2021,12.76mm,2786.00,,,,,,,,,,,,,,,
Dec-23-2021,13.38mm,2843.00,,,,,,,,,,,,,,,
Dec-24-2021,7.69mm,2854.00,,,,,,,,,,,,,,,
Dec-27-2021,9.18mm,2873.00,,,,,,,,,,,,,,,
Dec-28-2021,17.21mm,2939.00,,,,,,,,,,,,,,,
Dec-29-2021,10.66mm,2916.00,,,,,,,,,,,,,,,
Dec-30-2021,10.90mm,2895.00,,,,,,,,,,,,,,,
Jan-04-2022,21.20mm,2994.00,,,,,,,,,,,,,,,
Jan-05-2022,40.14mm,3104.00,,,,,,,,,,,,,,3104,
Jan-06-2022,54.75mm,2891.00,,,,,,,,,,,,,,,
Jan-07-2022,34.98mm,2908.00,,,,2908,,,,,,,,,,,
Jan-11-2022,24.17mm,2881.00,,,,,,,,,,,,,,,
Jan-12-2022,19.04mm,2904.00,,,,,,,,,,,,,,,
Jan-13-2022,12.12mm,2894.00,,,,,,,,,,,,,,,
Jan-14-2022,21.35mm,2838.00,,,,,,,,,,,,,,,
Jan-17-2022,10.71mm,2847.00,,,,,,,,,,,,,,,
Jan-18-2022,13.57mm,2846.00,,,,,,,,,,,,,,,
Jan-19-2022,74.89mm,2482.00,,,,,,,,,,,,,,,
Jan-20-2022,48.37mm,2627.00,,,,,2627,,,,,,,,,,
Jan-21-2022,37.81mm,2591.00,,,,,,,,,,,,,,,
Jan-24-2022,25.05mm,2567.00,,,,,,,,,,,,,,,
Jan-25-2022,30.72mm,2496.00,,,,,,,,,,,,,,2496,
Jan-26-2022,23.58mm,2524.00,,,,,,,,,,,,,,,
Jan-27-2022,49.27mm,2354.00,,,,,,,,,,,,,,,
Jan-28-2022,36.47mm,2447.00,,,,,,,,,,,,,,,
Jan-31-2022,26.61mm,2544.00,,,,,,,,,,,,,,,
Feb-01-2022,26.62mm,2554.00,,,,,,,,,,,,,,,
Feb-02-2022,33.38mm,2680.00,,,,,,,,2680,,,2680,,,2680,
Feb-03-2022,48.41mm,2517.00,,,,,,,,,,,,,,,
Feb-04-2022,26.42mm,2520.00,,,,,,,,,,,,,,,
Feb-07-2022,19.27mm,2532.00,,,,,,,,,,,,,,,
Feb-08-2022,20.81mm,2505.00,,,,,,,,,,,,,,,
Feb-09-2022,19.61mm,2516.00,,,,,,,,,,,,,,,
Feb-10-2022,24.98mm,2571.00,,,,,,,,,,,,,,,
Feb-14-2022,22.20mm,2499.00,,,,,,,,,,,,,,,
Feb-15-2022,20.61mm,2442.00,,,,,,,,,,,,,,,
Feb-16-2022,16.17mm,2467.00,,,,,,,,,,,,,,,
Feb-17-2022,16.27mm,2432.00,,,,,,,,,,,,,,,
Feb-18-2022,19.31mm,2415.00,,,,,,,,,,,,,,,
Feb-21-2022,16.59mm,2378.00,,,,,,,,,,,,,,,
Feb-22-2022,23.06mm,2315.00,,,,,,,,,,,,,,,
Feb-24-2022,25.14mm,2291.00,,,,,,,,,,,,,,,
Feb-25-2022,23.57mm,2362.00,,,,,,,,,,,,,,,
Feb-28-2022,22.93mm,2362.00,,,,,,,,,,,,,,,
Mar-01-2022,19.97mm,2355.00,,,,,,,,,,,,,,,
Mar-02-2022,16.23mm,2318.00,,,,,,,,,,,,,,,
Mar-03-2022,12.96mm,2351.00,,,,,,,,,,,,,,,
Mar-04-2022,27.52mm,2277.00,,,,,,,,,,,,,,,
Mar-07-2022,22.80mm,2222.00,,,,,,,,,,,,,,,
Mar-08-2022,22.26mm,2230.00,,,,,,,,,,,,,,,
Mar-09-2022,22.56mm,2188.00,,,,,,,,,,,,,,,
Mar-10-2022,31.72mm,2364.00,,,,,,,,,,,,,,,
Mar-11-2022,22.78mm,2304.00,,,,,,,,,,,,,,,
Mar-14-2022,18.32mm,2276.00,,,,,,,,,,,,,,2276,
Mar-15-2022,17.70mm,2301.00,,,,,,,,,,,,,,,
Mar-16-2022,22.61mm,2364.00,,,,,,,,,,,,,,,
Mar-17-2022,25.02mm,2454.00,,,,,,,,,,,,,,,
Mar-18-2022,25.44mm,2485.00,,,,,,,,,,,,,,,
Mar-22-2022,21.76mm,2514.00,,,,,,,,,,,,,,,
Mar-23-2022,20.65mm,2569.00,,,,,,,,,,,,,,,
Mar-24-2022,20.95mm,2597.00,,,,,,,,,,,,,,,
Mar-25-2022,17.01mm,2571.00,,,,,,,,,,,,,,,
Mar-28-2022,12.68mm,2544.00,,,,,,,,,,,,,,,
Mar-29-2022,18.75mm,2590.00,,,,,,,,,,,,,,,
Mar-30-2022,20.94mm,2587.00,,,,,,,2587,,,,,,,,
Mar-31-2022,22.47mm,2546.00,,,,,,,,2546,,,,,,,
Apr-01-2022,20.15mm,2506.00,,,,,,,,,,,,,,,
Apr-04-2022,15.16mm,2530.00,,,,,,,,,,,,,,,
Apr-05-2022,13.98mm,2543.00,,,,2543,,,,,,,,,,,
Apr-06-2022,15.82mm,2487.00,,,,,,,,,,,,,,,
Apr-07-2022,20.83mm,2409.00,,,,,,,,,,,,,,,
Apr-08-2022,17.66mm,2439.00,,,,,,,,,,,,,,,
Apr-11-2022,26.01mm,2343.00,,,,,2343,,,,,,,,,,
Apr-12-2022,25.82mm,2281.00,,,,,,,,,,,,,,,
Apr-13-2022,21.71mm,2300.00,,,,,,,,,,,,,,,
Apr-14-2022,14.29mm,2301.00,,,,,,,,,,,,,,,
Apr-15-2022,20.13mm,2243.00,,,,,,,,,,,,,,,
Apr-18-2022,12.23mm,2228.00,,,,,,,,,,,,,,,
Apr-19-2022,12.55mm,2256.00,,,,,,,,,,2256,,,,,
Apr-20-2022,20.59mm,2286.00,,,,,,,,,,,,,,,
Apr-21-2022,18.59mm,2320.00,,,,,,,,,,,,,,,
Apr-22-2022,16.98mm,2256.00,,,,,,,,,,,,,,,
Apr-25-2022,14.25mm,2221.00,,,,,,,,,,,,,,,
Apr-26-2022,21.75mm,2214.00,,,,,,,,,,,,,,,
Apr-27-2022,33.35mm,2197.00,,,,,,,,,,,,,,,
Apr-28-2022,20.08mm,2244.00,,,,,2244,,,,,,2244,,,,
May-02-2022,16.82mm,2232.00,,,,2232,,,,,,,,,,,
May-06-2022,20.92mm,2222.00,,,,,,,,,,,,,,,
May-09-2022,19.56mm,2168.00,,,,,,,,,,,,,,,
May-10-2022,27.04mm,2100.00,,,,,2100,,,2100,,,2100,,,2100,
May-11-2022,30.76mm,2144.00,,,,,,,,,,,,,,,
May-12-2022,22.81mm,2158.00,,,,,,,,,,,,,,,
May-13-2022,28.21mm,2220.00,,,,,,,,,,,,,,,
May-16-2022,16.97mm,2236.00,,,,,,,,,,,,,,,
May-17-2022,13.58mm,2248.00,,,,,,,,,,,,,,,
May-18-2022,21.82mm,2314.00,,,,,,,,,,,,,,2314,
May-19-2022,19.15mm,2278.00,,,,,,,,,,,,,,,
May-20-2022,15.44mm,2305.00,,,,,,,,,,,,,,,
May-23-2022,14.98mm,2290.00,,,,,,,,,,,,,,,
May-24-2022,15.61mm,2274.00,,,,,,,,,,,,,,,
May-25-2022,14.83mm,2241.00,,,,,,,,,,,,,,,
May-26-2022,16.70mm,2253.00,,,,,,,,,,,,,,2253,
May-27-2022,17.93mm,2285.00,,,,,,,,,,,,,,,
May-30-2022,41.90mm,2399.00,,,,,,,,,,,,,,,
May-31-2022,27.20mm,2423.00,,,,,,,,,,,,,,,
Jun-01-2022,22.08mm,2474.00,,,,,,,,,,,,,,,
Jun-02-2022,19.44mm,2395.00,,,,,2395,,,,,,,,,,
Jun-03-2022,16.07mm,2440.00,,,,,,,,,,,,,,,
Jun-06-2022,14.68mm,2415.00,,,,,,,,,,,,,,,
Jun-07-2022,13.10mm,2425.00,,,,,,,,,,,,,,,
Jun-08-2022,15.48mm,2469.00,,,,,,,,,,,,,,,
Jun-09-2022,14.19mm,2458.00,,,,,,,,,,,,,,,
Jun-10-2022,19.40mm,2426.00,,,,,,,,,,,,,,,
Jun-13-2022,23.96mm,2306.00,,,,,,,,,,,,,,,
Jun-14-2022,26.56mm,2246.00,,,,,,,,,,,,,,2246,
Jun-15-2022,19.07mm,2223.00,,,,,,,,,,,,,,,
Jun-16-2022,16.27mm,2257.00,,,,,,,,,,,,,,,
Jun-17-2022,26.35mm,2243.00,,,,,,,,,,,,,,,
Jun-20-2022,18.12mm,2205.00,,,,,,,,,,,,,,,
Jun-21-2022,19.06mm,2293.00,,,,,,,,,,,,,,,
Jun-22-2022,14.22mm,2274.00,,,,,,,,,,,,,,,
Jun-23-2022,15.23mm,2249.00,,,,,,,,,,,,,,,
Jun-24-2022,16.56mm,2250.00,,,,,,,,,,,,,,,
Jun-27-2022,15.54mm,2301.00,,,,,,,,,,,,,,,
Jun-28-2022,14.53mm,2320.00,,,,,,,,,,,,,,2320,
Jun-29-2022,31.96mm,2297.00,,,,,,,,,,,,,,,
Jun-30-2022,29.01mm,2219.00,,,,,,,,,,,,,,,
Jul-01-2022,22.37mm,2162.00,,,,,,,,,,,2162,,,,
Jul-04-2022,14.79mm,2207.00,,,,,,,,,,,,,,,
Jul-05-2022,15.16mm,2221.00,,,,2221,,,,,,,,,,,
Jul-06-2022,21.24mm,2166.00,,,,,,,,,,,,,,,
Jul-07-2022,20.79mm,2245.00,,,,,,,,,,,,,,,
Jul-08-2022,22.65mm,2229.00,,,,,,,,,,,,,,,
Jul-11-2022,17.21mm,2276.00,,,,,,,,,,,,,,,
Jul-12-2022,13.84mm,2242.00,,,,,,,,,,,,,,,
Jul-13-2022,12.02mm,2238.00,,,,,,,,,,,,,,,
Jul-14-2022,12.08mm,2241.00,,,,,,,,,,,,,,,
Jul-15-2022,13.04mm,2241.00,,,,,,,,,,,,,,,
Jul-19-2022,19.86mm,2293.00,,,,,,,,,,,,,,,
Jul-20-2022,22.08mm,2388.00,,,,,,,,,,,,,,,
Jul-21-2022,14.02mm,2390.00,,,,,,,,,,2390,,,,,
Jul-22-2022,15.39mm,2405.00,,,,,,,,,,,,,,,
Jul-25-2022,14.72mm,2341.00,,,,,,,,,,,,,,,
Jul-26-2022,9.91mm,2346.00,,,,,,,,,,,,,,,
Jul-27-2022,11.58mm,2332.00,,,,,,,,,,,,,,,
Jul-28-2022,17.96mm,2335.00,,,,,,,,,,,,,,,
Jul-29-2022,17.74mm,2339.00,,,,,,,,2339,,,,,,2339,
Aug-01-2022,57.56mm,2264.00,,,,,,,,,,,,,,,
Aug-02-2022,24.64mm,2246.00,,,,,,,,,,,,,,,
Aug-03-2022,23.38mm,2291.00,,,,,,,,,,,,,,,
Aug-04-2022,16.63mm,2296.00,,,,,,,,,,,,,,,
Aug-05-2022,17.26mm,2337.00,,,,,,,,,,,,,,,
Aug-08-2022,9.43mm,2345.00,,,,,,,,,,,,,,,
Aug-09-2022,17.00mm,2287.00,,,,,,,,,,,,,,,
Aug-10-2022,13.71mm,2242.00,,,,,,,,,,,,,,,
Aug-12-2022,21.94mm,2291.00,,,,,,,,,,,,,,,
Aug-15-2022,13.46mm,2317.00,,,,,,,,,,,,,,,
Aug-16-2022,8.80mm,2321.00,,,,,,,,,,,,,,,
Aug-17-2022,22.21mm,2392.00,,,,,,,,,,,,,,,
Aug-18-2022,11.77mm,2350.00,,,,,,,,,,,,,,,
Aug-19-2022,18.25mm,2400.00,,,,,,,,,,,,,,,
Aug-22-2022,10.35mm,2386.00,,,,,,,,,,,,,,,
Aug-23-2022,18.42mm,2307.00,,,,,,,,,,,,,,,
Aug-24-2022,12.17mm,2275.00,,,,,,,,,,,,,,,
Aug-25-2022,11.15mm,2279.00,,,,,,,,,,,,,,,
Aug-26-2022,8.94mm,2302.00,,,,,,,,,,,,,,,
Aug-29-2022,16.05mm,2259.00,,,,,,,,,,,,,,,
Aug-30-2022,11.83mm,2265.00,,,,,,,,,,,,,,,
Aug-31-2022,27.10mm,2227.00,,,,,,,,,,,,,,,
Sep-01-2022,19.57mm,2200.00,,,,,,,,,,,,,,,
Sep-02-2022,18.82mm,2176.00,,,,,,,,,,,,,,,
Sep-05-2022,9.60mm,2173.00,,,,,,,,,,,,,,,
Sep-06-2022,10.54mm,2155.00,,,,,,,,,,,,,,,
Sep-07-2022,21.25mm,2105.00,,,,,,,,,,,,,,,
Sep-08-2022,20.44mm,2155.00,,,,,,,,,,,,,,,
Sep-09-2022,20.99mm,2139.00,,,,,,,,,,,,,,,
Sep-12-2022,11.18mm,2152.00,,,,,,,,,,,,,,,
Sep-13-2022,12.38mm,2153.00,,,,,,,,,,,,,,,
Sep-14-2022,28.55mm,2075.00,,,,,,,,,,,,,,,
Sep-15-2022,15.23mm,2094.00,,,,,,,,,,,,,,2094,
Sep-16-2022,16.01mm,2082.00,,,,,,,,,,,,,,,
Sep-20-2022,16.62mm,2071.00,,,,,2071,,,,,,,,,,
Sep-21-2022,17.47mm,2034.00,,,,,,,,,,,,,,,
Sep-22-2022,23.97mm,2014.00,,,,,,,,,,,,,,,
Sep-26-2022,40.49mm,1936.40,,,,,,,,,,,,,,,
Sep-27-2022,25.95mm,1926.40,,,,,,,,,,,,,,1926.4,
Sep-28-2022,32.74mm,1912.20,,,,,,,,,,,,,,,
Sep-29-2022,31.52mm,1917.80,,,,,,,1917.8,,,,,,,,
Sep-30-2022,31.43mm,1857.20,,,,,,,,,,,,,,,
Oct-03-2022,34.02mm,1901.80,,,,,,,,,,,,,,,
Oct-04-2022,33.26mm,1949.80,,,,,,,,,,,,,,,
Oct-05-2022,24.35mm,1952.60,,,,1952.6,,,,,,,,,,,
Oct-06-2022,24.42mm,1985.00,,,,,,,,,,,,,,,
Oct-07-2022,21.59mm,1978.20,,,,,,,,,,,,,,,
Oct-11-2022,26.60mm,1897.20,,,,,,,,,,,,,,,
Oct-12-2022,24.88mm,1869.60,,,,,,,,,,,,,,,
Oct-13-2022,18.29mm,1861.00,,,,,,,,,,,,,,,
Oct-14-2022,25.31mm,1941.00,,,,,,,,,,,,,,,
Oct-17-2022,15.71mm,1929.20,,,,,,,,,,,,,,,
Oct-18-2022,16.75mm,1950.80,,,,,,,,,,,,,,,
Oct-19-2022,11.64mm,1961.00,,,,,,,,,,,,,,,
Oct-20-2022,14.19mm,1945.00,,,,,,,,,,,,,,,
Oct-21-2022,17.06mm,1916.00,,,,,,,,,,,,,,,
Oct-24-2022,17.93mm,1922.80,,,,,,,,,,,,,,,
Oct-25-2022,18.12mm,1958.20,,,,,,,,,,,,,,,
Oct-26-2022,18.33mm,1976.80,,,,,,,,,,,,,,,
Oct-27-2022,12.39mm,1974.00,,,,,,,,,,,,,,,
Oct-28-2022,18.03mm,1957.80,,,,,,,,,,,,,,,
Oct-31-2022,17.11mm,1997.60,,,,,,,,,,,,,,,
Nov-01-2022,20.20mm,2010.00,,,,,,,,2010,,,2010,,,2010,
Nov-02-2022,56.16mm,2151.00,,,,,,,,,,,,,,,
Nov-04-2022,27.94mm,2140.00,,,,,,,,,,,,,,,
Nov-07-2022,18.78mm,2169.00,,,,,,,,,,,,,,,
Nov-08-2022,28.94mm,2240.00,,,,,,,,,,,,,,,
Nov-09-2022,13.20mm,2238.00,,,,,,,,,,,,,,,
Nov-10-2022,14.22mm,2204.00,,,,,,,,,,,,,,,
Nov-11-2022,31.99mm,2326.00,,,,,,,,,,,,,,,
Nov-14-2022,13.85mm,2319.00,,,,,,,,,,2319,,,,,
Nov-15-2022,11.21mm,2318.00,,,,,,,,,,,,,,,
Nov-16-2022,16.52mm,2278.00,,,,,,,,,,,,,,,
Nov-17-2022,14.65mm,2239.00,,,,,,,,,,,,,,,
Nov-18-2022,11.25mm,2244.00,,,,,,,,,,,,,,,
Nov-21-2022,10.98mm,2251.00,,,,,,,,,,,,,,,
Nov-22-2022,16.05mm,2289.00,,,,,,,,,,,,,,,
Nov-24-2022,18.54mm,2338.00,,,,,,,,,,,,,,,
Nov-25-2022,9.23mm,2320.00,,,,,,,,,,,,,,,
Nov-28-2022,10.33mm,2302.00,,,,,,,,,,,,,,,
Nov-29-2022,11.56mm,2274.00,,,,,,,,,,,,,,,
Nov-30-2022,23.41mm,2251.00,,,,,,,,,,,,,,,
Dec-01-2022,17.18mm,2265.00,,,,,,,,,,,,,,,
Dec-02-2022,18.64mm,2236.00,,,,,2236,,,,,2236,,,,,
Dec-05-2022,13.86mm,2229.00,,,,,,,,,,,,,,2229,
Dec-06-2022,12.05mm,2203.00,,,,,,,,,,,,,,2203,
Dec-07-2022,13.11mm,2175.00,,,,,,,,,,,,,,,
Dec-08-2022,20.41mm,2133.00,,,,,2133,,,,,,,,,,
Dec-09-2022,21.04mm,2182.00,,,,,,,,,,,,,,,
Dec-12-2022,10.21mm,2175.00,,,,,,,,,,,,,,,
Dec-13-2022,14.60mm,2198.00,,,,,,,,,,,,,,,
Dec-14-2022,18.74mm,2230.00,,,,,,,,,,,,,,,
Dec-15-2022,11.69mm,2209.00,,,,,,,,,,,,,,,
Dec-16-2022,18.32mm,2171.00,,,,,,,,,,,,,,,
Dec-19-2022,10.82mm,2149.00,,,,,,,,,,,,,,,
Dec-20-2022,23.28mm,2070.00,,,,,,,,,,,,,,,
Dec-21-2022,18.94mm,2037.00,,,,,,,,,,,,,,,
Dec-22-2022,14.14mm,2056.00,,,,,,,,,,,,,,,
Dec-23-2022,13.31mm,2040.00,,,,,,,,,,,,,,,
Dec-26-2022,5.05mm,2046.00,,,,,,,,,,,,,,,
Dec-27-2022,7.90mm,2031.00,,,,,,,,,,,,,,,
Dec-28-2022,9.42mm,2036.00,,,,,,,,,,,,,,,
Dec-29-2022,9.94mm,2023.00,,,,,,,,,,,,,,,
Dec-30-2022,12.83mm,2007.00,,,,,,,,,,,,,,,
Jan-04-2023,20.12mm,2033.00,,,,,,,,,,,,,,2033,
Jan-05-2023,21.69mm,2077.00,,,,,,,,,,,,,,2077,
Jan-06-2023,20.54mm,2127.00,,,,,,,,,,,,,,,
Jan-10-2023,19.63mm,2145.00,,,,2145,,,,,,,,,,,
Jan-11-2023,22.69mm,2220.00,,,,,,,,,,,,,,,
Jan-12-2023,18.39mm,2229.00,,,,,,,,,,,,,,,
Jan-13-2023,17.02mm,2193.00,,,,,,,,,,,,,,,
Jan-16-2023,13.15mm,2171.00,,,,,,,,,,,,,,,
Jan-17-2023,15.10mm,2224.00,,,,,,,,,,,,,,,
Jan-18-2023,16.77mm,2270.00,,,,,,,,,,,,,,,
Jan-19-2023,18.09mm,2276.00,,,,,,,,,,,,,,,
Jan-20-2023,16.22mm,2286.00,,,,,,,,,,,,,,,
Jan-23-2023,14.08mm,2290.00,,,,,,,,,,,,,,,
Jan-24-2023,16.68mm,2334.00,,,,,,,,,,,,,,,
Jan-25-2023,11.19mm,2333.00,,,,,,,,,,,,,,,
Jan-26-2023,15.09mm,2303.00,,,,,,,,,,,,,,,
Jan-27-2023,13.37mm,2326.00,,,,,,,,,,,,,,,
Jan-30-2023,13.43mm,2320.00,,,,,,,,,,,,,,,
Jan-31-2023,20.39mm,2316.00,,,,,,,,,,,,,,,
Feb-01-2023,17.81mm,2294.00,,,,,,,,,,,,,,,
Feb-02-2023,20.97mm,2298.00,,,,,,,2298,,,,2298,,,2298,
Feb-03-2023,47.74mm,2440.00,,,,,,,,,,,,,,,
Feb-06-2023,21.25mm,2403.00,,,,,,,,,,,,,,,
Feb-07-2023,16.28mm,2411.00,,,,,,,,,,2411,,,,,
Feb-08-2023,15.40mm,2391.00,,,,,,,,,,,,,,,
Feb-09-2023,13.16mm,2389.00,,,,,,,,,,,,,,,
Feb-10-2023,14.02mm,2388.00,,,,,,,,,,,,,,,
Feb-13-2023,10.69mm,2342.00,,,,,,,,,,,,,,,
Feb-14-2023,11.26mm,2356.00,,,,,,,,,,,,,,,
Feb-15-2023,10.79mm,2341.00,,,,,2341,,,,,,,,,,
Feb-16-2023,9.51mm,2352.00,,,,,,,,,,,,,,,
Feb-17-2023,15.59mm,2296.00,,,,,,,,,,,,,,,
Feb-20-2023,15.89mm,2288.00,,,,,,,,,,,,,,,
Feb-21-2023,10.73mm,2270.00,,,,,,,,,,,,,,,
Feb-22-2023,16.54mm,2224.00,,,,,,,,,,,,,,,
Feb-24-2023,15.82mm,2271.00,,,,,,,,,,,,,,,
Feb-27-2023,10.23mm,2280.00,,,,,,,,,,,,,,,
Feb-28-2023,11.59mm,2286.00,,,,,,,,,,,,,,,
Mar-01-2023,11.43mm,2287.00,,,,,,,,,,,,,,,
Mar-02-2023,9.95mm,2276.00,,,,,,,,,,,,,,,
Mar-03-2023,16.85mm,2309.00,,,,,,,,,,,,,,,
Mar-06-2023,18.27mm,2368.00,,,,,,,,,,,,,,2368,
Mar-07-2023,16.25mm,2398.00,,,,,,,,,,,,,,,
Mar-08-2023,16.21mm,2412.00,,,,,,,,,,,,,,,
Mar-09-2023,13.04mm,2405.00,,,,,,,,,,,,,,,
Mar-10-2023,24.72mm,2340.00,,,,,,,,,,,,,,,
Mar-13-2023,13.62mm,2321.00,,,,,,,,,,,,,,,
Mar-14-2023,19.06mm,2257.00,,,,,,,,,,,,,,,
Mar-15-2023,14.06mm,2264.00,,,,,,,,,,,,,,,
Mar-16-2023,16.53mm,2247.00,,,,,,,,,,,,,,,
Mar-17-2023,22.22mm,2326.00,,,,,,,,,,,,,,,
Mar-20-2023,17.51mm,2312.00,,,,,,,,,,,,,,,
Mar-22-2023,21.28mm,2346.00,,,,,,,,,,,,,,,
Mar-23-2023,15.53mm,2316.00,,,,,,,,,,,,,,,
Mar-24-2023,12.30mm,2319.00,,,,,,,,,,,,,,,
Mar-27-2023,12.16mm,2290.00,,,,,,,,,,,,,,,
Mar-28-2023,14.27mm,2266.00,,,,,,,,,,,,,,,
Mar-29-2023,19.85mm,2299.00,,,,,,,,,,,,,,,
Mar-30-2023,20.40mm,2347.00,,,,,,,2347,,,,,,,,
Mar-31-2023,22.99mm,2397.00,,,,,,,,,,,,,,,
Apr-03-2023,16.28mm,2406.00,,,,,,,,,,,,,,,
Apr-04-2023,15.14mm,2403.00,,,,,,,,,,,,,,,
Apr-05-2023,14.19mm,2362.00,,,,2362,,,,,,,,,,,
Apr-06-2023,17.94mm,2311.00,,,,,,,,,,,,,,,
Apr-07-2023,9.82mm,2322.00,,,,,,,,,,,,,,,
Apr-10-2023,9.75mm,2335.00,,,,,,,,,,,,,,,
Apr-11-2023,12.96mm,2370.00,,,,,,,,,,,,,,,
Apr-12-2023,12.90mm,2399.00,,,,,,,,,,,,,,,
Apr-13-2023,12.60mm,2380.00,,,,,,,,,,,,,,,
Apr-14-2023,18.47mm,2422.00,,,,,,,,,,,,,,,
Apr-17-2023,10.93mm,2427.00,,,,,,,,,,,,,,,
Apr-18-2023,16.69mm,2438.00,,,,,,,,,,,,,,,
Apr-19-2023,12.28mm,2462.00,,,,,,,,,,,,,,,
Apr-20-2023,11.84mm,2465.00,,,,,,,,,,,,,,,
Apr-21-2023,11.98mm,2458.00,,,,,,,,,,,,,,,
Apr-24-2023,8.70mm,2457.00,,,,,,,,,,,,,,,
Apr-25-2023,9.73mm,2462.00,,,,,,,,,,,,,,,
Apr-26-2023,12.96mm,2428.00,,,,,2428,,,,,,2428,,,,
Apr-27-2023,25.09mm,2514.00,,,,,,,,,,,,,,2514,
Apr-28-2023,24.11mm,2566.00,,,,,,,,,,,,,,2566,
May-01-2023,37.80mm,2519.00,,,,,,,,,,,,,,,
May-02-2023,20.41mm,2517.00,,,,,,,,,,,,,,,
May-08-2023,23.65mm,2469.00,,,,,,,,,,,,,,,
May-09-2023,17.43mm,2527.00,,,,,,,,,,,,,,,
May-10-2023,13.57mm,2504.00,,,,,2504,,,,,,,,,,
May-11-2023,9.24mm,2511.00,,,,2511,,,,,,,,,,,
May-12-2023,19.53mm,2556.00,,,,,2556,,,,,,,,,,
May-15-2023,13.70mm,2575.00,,,,,,,,,,,,,,,
May-16-2023,12.69mm,2564.00,,,,,,,,,,,,,,,
May-17-2023,15.83mm,2579.00,,,,,2579,,,,,,2579,,,,
May-18-2023,43.84mm,2744.00,,,,,2744,,,,,,,,,2744,
May-19-2023,23.94mm,2718.00,,,,,,,,,,,,,,,
May-22-2023,16.30mm,2722.00,,,,,,,,,,,,,,,
May-23-2023,22.82mm,2663.00,,,,,,,,,,,,,,2663,
May-24-2023,15.12mm,2637.00,,,,,,,,,,,,,,,
May-25-2023,20.05mm,2654.00,,,,,,,,,,,,,,2654,
May-26-2023,16.50mm,2673.00,,,,,,,,,,,,,,,
May-29-2023,15.47mm,2655.00,,,,,,,,,,,,,,,
May-30-2023,9.79mm,2671.00,,,,,,,,,,,,,,,
May-31-2023,21.04mm,2632.00,,,,,,,,,,,,,,,
Jun-01-2023,17.12mm,2682.00,,,,,,,,,,,,,,,
Jun-02-2023,14.40mm,2710.00,,,,,,,,,,,,,,,
Jun-05-2023,18.68mm,2772.00,,,,,,,,,,,,,,,
Jun-06-2023,15.81mm,2775.00,,,,,,,,,,,,,,,
Jun-07-2023,24.32mm,2721.00,,,,,,,,,,,,,,,
Jun-08-2023,19.43mm,2676.00,,,,,,,,,,,,,,,
Jun-09-2023,24.42mm,2733.00,,,,,,,,,,,,,,,
Jun-12-2023,12.15mm,2761.00,,,,,,,,,,,,,,,
Jun-13-2023,18.28mm,2784.00,,,,,,,,,,,,,,,
Jun-14-2023,18.36mm,2807.00,,,,,,,,,,,,,,,
Jun-15-2023,17.44mm,2790.00,,,,,,,,,,,,,,,
Jun-16-2023,27.49mm,2753.00,,,,,,,,,,,,,,,
Jun-19-2023,15.07mm,2734.00,,,,,,,,,,,,,,,
Jun-20-2023,16.94mm,2747.00,,,,,,,,,,,,,,2747,
Jun-21-2023,20.21mm,2694.00,,,,,,,,,,,,,,,
Jun-22-2023,18.04mm,2660.00,,,,,,,,,,,,,,,
Jun-23-2023,19.59mm,2608.00,,,,,,,,,,,2608,,,,
Jun-26-2023,13.08mm,2598.00,,,,,,,,,,,,,,2598,
Jun-27-2023,16.36mm,2566.00,,,,,,,,,,,,,,,
Jun-28-2023,17.77mm,2632.00,,,,,,,,,,,,,,,
Jun-29-2023,14.56mm,2610.00,,,,,,,,,,,,,,,
Jun-30-2023,18.35mm,2593.00,,,,,,,,,,,,,,,
Jul-03-2023,19.04mm,2666.00,,,,,,,,,,,,,,,
Jul-04-2023,13.21mm,2639.00,,,,,,,,,,,,,,,
Jul-05-2023,12.55mm,2662.00,,,,,,,,,,,,,,,
Jul-06-2023,12.93mm,2629.00,,,,,,,,,,,,,,,
Jul-07-2023,16.63mm,2601.00,,,,,,,,,,,,,,,
Jul-10-2023,15.44mm,2566.00,,,,,,,,,,,,,,,
Jul-11-2023,13.93mm,2535.00,,,,,,,,,,,,,,,
Jul-12-2023,20.65mm,2490.00,,,,,,,,,,2490,,,,,
Jul-13-2023,22.89mm,2602.00,,,,,,,,,,,,,,,
Jul-14-2023,19.37mm,2574.00,,,,,,,,,,,,,,,
Jul-18-2023,16.60mm,2640.00,,,,,,,,,,,,,,,
Jul-19-2023,13.92mm,2651.00,,,,,,,,,,,,,,,
Jul-20-2023,9.88mm,2615.00,,,,,,,,,,,,,,,
Jul-21-2023,12.53mm,2623.00,,,,,,,,,,,,,,,
Jul-24-2023,11.79mm,2653.00,,,,,,,,,,,,,,,
Jul-25-2023,11.77mm,2631.00,,,,,,,,,,,,,,,
Jul-26-2023,9.35mm,2632.00,,,,,,,,,,,,,,2632,
Jul-27-2023,10.91mm,2642.00,,,,,,,,,,,,,,,
Jul-28-2023,28.45mm,2608.00,,,,,,,,,,,,,,,
Jul-31-2023,19.89mm,2663.00,,,,,,,,,,,,,,,
Aug-01-2023,12.92mm,2696.00,,,,,,,,,,,,,,,
Aug-02-2023,15.19mm,2647.00,,,,,,,,,,,,,,,
Aug-03-2023,17.31mm,2587.00,,,,,,,,,,,,,,,
Aug-04-2023,10.14mm,2585.00,,,,,,,,,,,,,,,
Aug-07-2023,8.62mm,2583.00,,,,,,,,,,,,,,,
Aug-08-2023,10.30mm,2595.00,,,,,,,,,,,,,,2595,
Aug-09-2023,11.27mm,2597.00,,,,,,,,2597,,,,,,2597,
Aug-10-2023,38.97mm,2513.00,,,,,,,,,,,,,,,
Aug-14-2023,31.44mm,2435.00,,,,,,,,,,,,,,,
Aug-15-2023,16.63mm,2444.00,,,,,,,,,,,,,,,
Aug-16-2023,15.35mm,2402.00,,,,,,,,,,,,,,,
Aug-17-2023,14.80mm,2426.00,,,,,,,,,,,,,,,
Aug-18-2023,12.32mm,2403.00,,,,,,,,,,,,,,,
Aug-21-2023,10.56mm,2400.00,,,,,,,,,,,,,,,
Aug-22-2023,15.59mm,2413.00,,,,,,,,,,,,,,2413,
Aug-23-2023,13.02mm,2410.00,,,,,,,,,,,,,,,
Aug-24-2023,18.71mm,2403.00,,,,,,,,,,,,,,,
Aug-25-2023,13.85mm,2372.00,,,,,,,,,,,,,,,
Aug-28-2023,11.52mm,2400.00,,,,,,,,,,,,,,,
Aug-29-2023,11.12mm,2390.00,,,,,,,,,,,,,,,
Aug-30-2023,16.77mm,2407.00,,,,,,,,,,,,,,,
Aug-31-2023,25.93mm,2429.00,,,,,,,,,,,,,,,
Sep-01-2023,30.89mm,2507.00,,,,,,,,,,,,,,,
Sep-04-2023,19.49mm,2503.00,,,,,,,,,,,,,,,
Sep-05-2023,16.59mm,2496.00,,,,2496,,,,,,,,,,,
Sep-06-2023,14.28mm,2538.00,,,,,,,,,,,,,,,
Sep-07-2023,15.16mm,2526.00,,,,,,,,,,,,,,2526,
Sep-08-2023,18.51mm,2475.00,,,,,,,,,,,,,,,
Sep-11-2023,11.42mm,2493.00,,,,,,,,,,,,,,,
Sep-12-2023,10.24mm,2523.00,,,,,,,,,,,,,,2523,
Sep-13-2023,13.08mm,2489.00,,,,,,,,,,,,,,,
Sep-14-2023,14.27mm,2529.00,,,,,,,,,,,,,,2529,
Sep-15-2023,26.00mm,2586.00,,,,,,,,,,,,,,,
Sep-19-2023,15.95mm,2561.00,,,,,,,,,,,,,,,
Sep-20-2023,15.75mm,2520.00,,,,,,,,,,,,,,,
Sep-21-2023,14.19mm,2464.00,,,,,,,,,,,,,,,
Sep-22-2023,20.45mm,2440.00,,,,,,,,,,,,,,,
Sep-25-2023,11.01mm,2478.00,,,,,,,,,,,,,,,
Sep-26-2023,13.33mm,2454.00,,,,,,,,,,,,,,,
Sep-27-2023,18.21mm,2481.00,,,,,,,,,,,,,,,
Sep-28-2023,16.59mm,2445.00,,,,,,,2445,,,,,,,,
Sep-29-2023,17.84mm,2448.00,,,,,,,,,,,,,,,
Oct-02-2023,15.30mm,2441.00,,,,,,,,,,,,,,,
Oct-03-2023,14.93mm,2452.00,,,,,,,,,,,,,,,
Oct-04-2023,17.38mm,2422.00,,,,2422,2422,,,,,,,,,,
Oct-05-2023,14.75mm,2464.00,,,,,,,,,,,,,,,
Oct-06-2023,11.79mm,2452.00,,,,,,,,,,,,,,,
Oct-10-2023,14.08mm,2521.00,,,,,,,,,,,,,,,
Oct-11-2023,15.07mm,2541.00,,,,,,,,,,,,,,,
Oct-12-2023,21.65mm,2621.00,,,,,,,,,,,,,,,
Oct-13-2023,15.25mm,2570.00,,,,,,,,,,,,,,,
Oct-16-2023,12.05mm,2522.00,,,,,,,,,,,,,,,
Oct-17-2023,13.64mm,2561.00,,,,,,,,,,,,,,,
Oct-18-2023,10.02mm,2554.00,,,,,,,,,,,,,,,
Oct-19-2023,10.55mm,2528.00,,,,,,,,,,,,,,,
Oct-20-2023,11.23mm,2511.00,,,,,,,,,,,,,,,
Oct-23-2023,9.72mm,2488.00,,,,,,,,,,,,,,,
Oct-24-2023,13.56mm,2512.00,,,,,,,,,,,,,,,
Oct-25-2023,8.42mm,2520.00,,,,,,,,,,,,,,,
Oct-26-2023,18.24mm,2449.00,,,,,,,,,,,,,,,
Oct-27-2023,16.20mm,2424.00,,,,,,,,,,,,,,2424,
Oct-30-2023,15.81mm,2444.00,,,,,,,,,,,,,,,
Oct-31-2023,18.26mm,2485.00,,,,,,,,,,,,,,,
Nov-01-2023,17.28mm,2559.00,,,,,,,,,,,,,,,
Nov-02-2023,14.65mm,2570.00,,,,,,,,,,,,,,,
Nov-06-2023,26.43mm,2617.00,,,,,,,,,,,,,,2617,
Nov-07-2023,16.79mm,2631.00,,,,,,,,,,,,,,2631,
Nov-08-2023,18.56mm,2669.00,,,,,,,,,,,,,,,
Nov-09-2023,18.25mm,2648.00,,,,,,,,,,,2648,,,2648,
Nov-10-2023,28.53mm,2594.00,,,,,,,,,,,,,,,
Nov-13-2023,19.39mm,2531.00,,,,,,,,,,,,,,,
Nov-14-2023,11.83mm,2518.00,,,,,,,,,,,,,,,
Nov-15-2023,23.81mm,2644.00,,,,,,,,,,,,,,,
Nov-16-2023,12.50mm,2641.00,,,,,,,,,,,,,,,
Nov-17-2023,16.98mm,2617.00,,,,,,,,,,,,,,,
Nov-20-2023,13.82mm,2586.00,,,,,,,,,,,,,,,
Nov-21-2023,11.47mm,2579.00,,,,,,,,,,,,,,,
Nov-22-2023,9.32mm,2603.00,,,,,,,,,,2603,,,,,
Nov-24-2023,12.86mm,2570.00,,,,,,,,,,,,,,,
Nov-27-2023,11.89mm,2562.00,,,,,,,,,,,,,,,
Nov-28-2023,12.69mm,2565.00,,,,,,,,,,,,,,,
Nov-29-2023,8.81mm,2547.00,,,,,,,,,,,,,,,
Nov-30-2023,19.67mm,2564.00,,,,,,,,,,,,,,,
Dec-01-2023,10.70mm,2544.00,,,,,,,,,,,,,,,
Dec-04-2023,12.58mm,2510.00,,,,,,,,,,,,,,,
Dec-05-2023,13.91mm,2526.00,,,,,,,,,,,,,,,
Dec-06-2023,23.68mm,2626.00,,,,,,,,,,,,,,,
Dec-07-2023,16.79mm,2583.00,,,,,,,,,,,,,,,
Dec-08-2023,19.33mm,2554.00,,,,,,,,,,,,,,,
Dec-11-2023,12.96mm,2603.00,,,,,,,,,,,,,,,
Dec-12-2023,10.75mm,2608.00,,,,,,,,,,,,,,,
Dec-13-2023,13.72mm,2620.00,,,,,,,,,,,,,,,
Dec-14-2023,17.97mm,2592.00,,,,,,,,,,,,,,,
Dec-15-2023,26.37mm,2673.00,,,,,,,,,,,,,,,
Dec-18-2023,16.34mm,2615.00,,,,,,,,,,,,,,,
Dec-19-2023,14.94mm,2626.00,,,,,,,,,,,,,,,
Dec-20-2023,14.64mm,2631.00,,,,,2631,,,,,,,,,,
Dec-21-2023,9.86mm,2615.00,,,,,,,,,,,,,,,
Dec-22-2023,11.10mm,2597.00,,,,,,,,,,,,,,,
Dec-25-2023,7.75mm,2624.00,,,,,,,,,,,,,,,
Dec-26-2023,7.50mm,2630.00,,,,,,,,,,,,,,,
Dec-27-2023,12.05mm,2668.00,,,,,,,,,,,,,,,
Dec-28-2023,6.99mm,2675.00,,,,,,,,,,,,,,,
Dec-29-2023,12.15mm,2682.00,,,,,,,,,,,,,,,
Jan-04-2024,19.74mm,2619.00,,,,,,,,,,,,,,,
Jan-05-2024,10.83mm,2634.00,,,,,,,,,,,,,,,
Jan-09-2024,15.60mm,2668.00,,,,,2668,,,,,2668,,,,,
Jan-10-2024,22.89mm,2770.00,,,,2770,,,,,,2770,,,,,
Jan-11-2024,28.13mm,2868.00,,,,,,,,,,,,,,,
Jan-12-2024,27.15mm,2915.00,,,,,,,,,,,,,,,
Jan-15-2024,18.44mm,2904.00,,,,,,,,,,,,,,,
Jan-16-2024,14.36mm,2876.00,,,,,2876,,,,,,,,,,
Jan-17-2024,23.44mm,2883.00,,,,,,,,,,,,,,,
Jan-18-2024,15.63mm,2848.00,,,,,,,,,,,,,,,
Jan-19-2024,16.83mm,2905.00,,,,,,,,,,2905,,,,,
Jan-22-2024,15.59mm,2960.00,,,,,,,,,,2960,,,,,
Jan-23-2024,18.78mm,2939.00,,,,,,,,,,,,,,,
Jan-24-2024,13.44mm,2907.00,,,,,,,,,,,,,,,
Jan-25-2024,15.92mm,2871.00,,,,,,,,,,,,,,,
Jan-26-2024,19.08mm,2801.00,,,,,,,,,,,,,,,
Jan-29-2024,13.70mm,2871.00,,,,,,,,,,,,,,,
Jan-30-2024,16.21mm,2896.00,,,,,,,,,,,,,,,
Jan-31-2024,19.76mm,2939.00,,,,,,,,,,,,,,,
Feb-01-2024,16.90mm,2878.00,,,,,,,,,,,,,,,
Feb-02-2024,14.23mm,2895.00,,,,,,,,,,,,,,,
Feb-05-2024,11.60mm,2895.00,,,,,,,,,,,,,,,
Feb-06-2024,17.01mm,2851.00,,,,,,,,,,,,,,,
Feb-07-2024,14.53mm,2860.00,,,,,,,,,,,,,,,
Feb-08-2024,16.15mm,2865.00,,,,,,,,,,,,,,,
Feb-09-2024,14.37mm,2847.00,,,,,,,,,,,,,,,
Feb-13-2024,25.05mm,2947.00,,,,,,,,,,,,,,,
Feb-14-2024,21.40mm,2932.00,,,,,,,,,,,2932,,,2932,
Feb-15-2024,69.83mm,2742.00,,,,,,,,,,,,,,,
Feb-16-2024,53.36mm,2695.00,,,,,,,,,,,,,,,
Feb-19-2024,20.75mm,2695.00,,,,,,,,,,,,,,,
Feb-20-2024,22.76mm,2663.00,,,,,,,,,,2663,,,,,
Feb-21-2024,29.65mm,2637.00,,,,,,,,,,,,,,,
Feb-22-2024,26.67mm,2662.00,,,,,,,,,,,,,,,
Feb-26-2024,38.65mm,2607.00,,,,,,,,,,,,,,,
Feb-27-2024,25.52mm,2586.00,,,,,,,,,,,,,,,
Feb-28-2024,23.57mm,2584.00,,,,,,,,,,,,,,,
Feb-29-2024,37.09mm,2589.00,,,,,,,,,,,,,,,
Mar-01-2024,24.37mm,2643.00,,,,,2643,,,,,2643,,,,,
Mar-04-2024,20.99mm,2605.00,,,,,,,,,,,,,,,
Mar-05-2024,17.45mm,2590.00,,,,,,,,,,,,,,,
Mar-06-2024,21.47mm,2591.00,,,,,,,,,,,,,,,
Mar-07-2024,16.64mm,2587.00,,,,,,,,,,,,,,,
Mar-08-2024,22.81mm,2594.00,,,,,,,,,,,,,,,
Mar-11-2024,20.04mm,2549.00,,,,,,,,,,,,,,,
Mar-12-2024,18.76mm,2586.00,,,,,,,,,,,,,,,
Mar-13-2024,15.94mm,2600.00,,,,,,,,,,,,,,,
Mar-14-2024,14.60mm,2611.00,,,,,,,,,,,,,,,
Mar-15-2024,16.08mm,2613.00,,,,,,,,,,,,,,,
Mar-18-2024,18.48mm,2666.00,,,,,,,,,,,,,,,
Mar-19-2024,17.43mm,2692.00,,,,,,,,,,,,,,,
Mar-21-2024,22.37mm,2685.00,,,,,,,,,,,,,,,
Mar-22-2024,16.60mm,2690.00,,,,,,,,,,,,,,,
Mar-25-2024,18.32mm,2610.00,,,,,,,,,,,,,,,
Mar-26-2024,13.64mm,2622.00,,,,,,,,,,,,,,,
Mar-27-2024,18.74mm,2641.00,,,,,,,,,,,,,,,
Mar-28-2024,22.99mm,2586.00,,,,,,,2586,,,,,,,,
Mar-29-2024,14.10mm,2597.00,,,,,,,,,,,,,,,
Apr-01-2024,13.61mm,2613.00,,,,,,,,,,,,,,,
Apr-02-2024,16.62mm,2606.00,,,,,,,,,,,,,,,
Apr-03-2024,17.98mm,2601.00,,,,2601,2601,,,,,,,,,,
Apr-04-2024,16.42mm,2605.00,,,,,,,,,,,,,,,
Apr-05-2024,15.42mm,2556.00,,,,,,,,,,,,,,,
Apr-08-2024,13.05mm,2560.00,,,,,,,,,,,,,,,
Apr-09-2024,10.81mm,2576.00,,,,,,,,,,,,,,,
Apr-10-2024,10.90mm,2592.00,,,,,,,,,,,,,,,
Apr-11-2024,10.34mm,2571.00,,,,,,,,,,,,,,,
Apr-12-2024,16.15mm,2608.00,,,,,,,,,,,,,,,
Apr-15-2024,14.99mm,2572.00,,,,,,,,,,,,,,,
Apr-16-2024,16.05mm,2587.00,,,,,,,,,,,,,,,
Apr-17-2024,15.64mm,2533.00,,,,,,,,,,,,,,,
Apr-18-2024,12.21mm,2552.00,,,,,,,,,,2552,,,,,
Apr-19-2024,22.81mm,2506.00,,,,,,,,,,,,,,,
Apr-22-2024,13.08mm,2506.00,,,,,,,,,,,,,,2506,
Apr-23-2024,14.51mm,2499.00,,,,,,,,,,,,,,,
Apr-24-2024,19.05mm,2568.00,,,,,,,,,,,,,,,
Apr-25-2024,10.24mm,2552.00,,,,,,,,,,,,,,,
Apr-26-2024,16.46mm,2554.00,,,,,,,,,,,,,,2554,
Apr-30-2024,16.92mm,2617.00,,,,,,,,,,,,,,,
May-01-2024,9.81mm,2620.00,,,,,,,,,,,,,,,
May-02-2024,9.24mm,2612.00,,,,,,,,,,,,,,,
May-07-2024,28.97mm,2536.00,,,,,,,,,,,,,,,
May-08-2024,34.84mm,2410.00,,,,,,,,,,,,,,,
May-09-2024,32.70mm,2374.00,,,,,,,,,,2374,,,,,
May-10-2024,36.70mm,2342.00,,,,,,,,,,,,,,,
May-13-2024,20.33mm,2384.00,,,,,,,,,,,,,,,
May-14-2024,21.39mm,2393.00,,,,,2393,,2393,2393,,,2393,,,2393,
May-15-2024,58.62mm,2590.00,,,,,,,,,,,,,,,
May-16-2024,24.77mm,2603.00,,,,,,,,,,,,,,,
May-17-2024,15.09mm,2620.00,,,,,,,,,,,,,,,
May-20-2024,13.01mm,2613.00,,,,,,,,,,,,,,,
May-21-2024,11.36mm,2576.00,,,,,,,,,,,,,,,
May-22-2024,17.67mm,2562.00,,,,,,,,,,,,,,,
May-23-2024,11.21mm,2577.00,,,,,,,,,,,,,,2577,
May-24-2024,14.77mm,2530.00,,,,,,,,,,,,,,,
May-27-2024,11.53mm,2511.00,,,,,,,,,,,,,,,
May-28-2024,8.64mm,2516.00,,,,,,,,,,,,,,,
May-29-2024,13.21mm,2499.00,,,,,,,,,,,,,,2499,
May-30-2024,21.66mm,2530.00,,,,,,,,,,,,,,,
May-31-2024,28.92mm,2579.00,,,,,,,,,,,,,,2579,
Jun-03-2024,16.33mm,2617.00,,,,,,,,,,,,,,,
Jun-04-2024,21.40mm,2668.00,,,,,,,,,,,,,,2668,
Jun-05-2024,16.36mm,2687.00,,,,,,,,,,,,,,,
Jun-06-2024,22.85mm,2715.00,,,,,,,,,,,,,,,
Jun-07-2024,12.81mm,2685.00,,,,,,,,,,,,,,,
Jun-10-2024,10.70mm,2672.00,,,,,,,,,,,,,,,
Jun-11-2024,11.84mm,2668.00,,,,,,,,,,,,,,,
Jun-12-2024,14.67mm,2621.00,,,,,,,,,,,,,,,
Jun-13-2024,19.42mm,2653.00,,,,,,,,,,,,,,,
Jun-14-2024,25.03mm,2607.00,,,,,,,,,,,,,,,
Jun-17-2024,16.46mm,2539.00,,,,,,,,,,,,,,,
Jun-18-2024,15.04mm,2529.00,,,,,,,,,,,,,,,
Jun-19-2024,15.98mm,2554.00,,,,,,,,,,,,,,,
Jun-20-2024,10.24mm,2559.00,,,,,,,,,,,,,,,
Jun-21-2024,35.33mm,2562.00,,,,,,,,,,,,,,,
Jun-24-2024,11.97mm,2585.00,,,,,,,,,,,,,,,
Jun-25-2024,12.88mm,2634.00,,,,,,,,,,,,,,2634,
Jun-26-2024,16.76mm,2662.00,,,,,,,,,,,,,,2662,
Jun-27-2024,19.66mm,2706.00,,,,,,,,,,,,,,,
Jun-28-2024,19.99mm,2728.00,,,,,,,,,,,,,,,
Jul-01-2024,17.07mm,2750.00,,,,,,,,,,2750,,,,,
Jul-02-2024,20.03mm,2792.00,,,,,,,,,,,,,,,
Jul-03-2024,14.55mm,2782.00,,,,2782,,,,,,,,,,,
Jul-04-2024,14.14mm,2783.00,,,,,,,,,,,,,,,
Jul-05-2024,10.04mm,2797.00,,,,,,,,,,,,,,,
Jul-08-2024,16.19mm,2782.00,,,,,,,,,,,,,,,
Jul-09-2024,32.92mm,2921.00,,,,,,,,,,,,,,,
Jul-10-2024,28.32mm,2969.00,,,,,,,,,,,,,,,
Jul-11-2024,33.87mm,3076.00,,,,,,,,,,,,,,,
Jul-12-2024,27.37mm,3027.00,,,,,,,,,,,,,,,
Jul-16-2024,14.64mm,3020.00,,,,,,,,,,,,,,,
Jul-17-2024,13.44mm,3037.00,,,,,,,,,,,,,,,
Jul-18-2024,20.00mm,2936.00,,,,,,,,,,,,,,,
Jul-19-2024,14.13mm,2934.00,,,,,,,,,,,,,,,
Jul-22-2024,11.45mm,2892.00,,,,,,,,,,,,,,,
Jul-23-2024,11.45mm,2870.00,,,,,,,,,,,,,,,
Jul-24-2024,10.59mm,2837.00,,,,,,,,,,,,,,,
Jul-25-2024,24.79mm,2683.00,,,,,,,,,,,,,,,
Jul-26-2024,16.62mm,2644.00,,,,,,,,,,,,,,,
Jul-29-2024,18.46mm,2669.00,,,,,,,,,,,,,,,
Jul-30-2024,16.49mm,2728.00,,,,,,,,,,,,,,,
Jul-31-2024,16.71mm,2706.00,,,,,,,,,,,,,,,
Aug-01-2024,18.80mm,2617.00,,,,,,,,,,,,,,,
Aug-02-2024,30.42mm,2443.00,,,,,,,,,,,,,,,
Aug-05-2024,44.31mm,2257.00,,,,,,,,,,,,,,,
Aug-06-2024,36.16mm,2463.00,,,,,,,,,,,,,,,
Aug-07-2024,31.06mm,2461.00,,,,,,,,2461,,,,,,2461,
Aug-08-2024,31.08mm,2458.00,,,,,,,,,,,,,,,
Aug-09-2024,29.64mm,2465.00,,,,,,,,,,,,,,,
Aug-13-2024,23.79mm,2589.00,,,,,,,,,,,,,,,
Aug-14-2024,18.29mm,2616.00,,,,,,,,,,,,,,,
Aug-15-2024,15.93mm,2576.00,,,,,,,,,,,,,,,
Aug-16-2024,15.12mm,2677.00,,,,,,,,,,,,,,,
Aug-19-2024,12.05mm,2646.00,,,,,,,,,,,,,,,
Aug-20-2024,13.15mm,2654.00,,,,,,,,,,,,,,,
Aug-21-2024,11.22mm,2677.00,,,,,,,,,,,,,,,
Aug-22-2024,14.95mm,2674.00,,,,,,,,,,,,,,,
Aug-23-2024,10.10mm,2682.00,,,,,,,,,,,,,,,
Aug-26-2024,9.74mm,2680.00,,,,,,,,,,,,,,,
Aug-27-2024,14.90mm,2756.00,,,,,,,,,,,,,,,
Aug-28-2024,16.43mm,2819.00,,,,,2819,,,,,,,,,,
Aug-29-2024,15.28mm,2800.00,,,,,,,,,,,,,,,
Aug-30-2024,15.23mm,2840.00,,,,,,,,,,,,,,,
Sep-02-2024,12.36mm,2817.00,,,,,,,,,,,,,,,
Sep-03-2024,10.03mm,2835.00,,,,,,,,,,,,,,,
Sep-04-2024,20.22mm,2750.00,,,,,2750,,,,,,,,,2750,
Sep-05-2024,12.04mm,2708.00,,,,,,,,,,,,,,2708,
Sep-06-2024,16.87mm,2639.00,,,,,,,,,,,,,,,
Sep-09-2024,14.58mm,2600.00,,,,,,,,,,,,,,,
Sep-10-2024,14.38mm,2639.00,,,,,,,,,,,,,,,
Sep-11-2024,14.13mm,2632.00,,,,,,,,,,,,,,,
Sep-12-2024,17.18mm,2652.00,,,,,,,,,,,,,,,
Sep-13-2024,18.67mm,2621.00,,,,,,,,,,,,,,,
Sep-17-2024,24.94mm,2561.00,,,,,,,,,,,,,,,
Sep-18-2024,14.19mm,2562.00,,,,,,,,,,,,,,2562,
Sep-19-2024,16.57mm,2635.00,,,,,,,,,,,,,,,
Sep-20-2024,19.13mm,2673.00,,,,,,,,,,,,,,,
Sep-24-2024,17.30mm,2751.00,,,,,,,,,,,,,,,
Sep-25-2024,11.50mm,2755.00,,,,,,,,,,,,,,,
Sep-26-2024,19.92mm,2848.00,,,,,,,,,,,,,,,
Sep-27-2024,13.96mm,2861.00,,,,,,,2861,,,,,,,,
Sep-30-2024,20.90mm,2777.50,,,,,,,,,,,,,,,
Oct-01-2024,15.26mm,2834.00,,,,,,,,,,,,,,,
Oct-02-2024,23.49mm,2750.50,,,,,,,,,,,,,,,
Oct-03-2024,14.17mm,2780.00,,,,2780,,,,,,,,,,,
Oct-04-2024,10.64mm,2767.00,,,,,,,,,,,,,,,
Oct-07-2024,17.95mm,2880.50,,,,,,,,,,,,,,,
Oct-08-2024,13.59mm,2810.50,,,,,,,,,,,,,,2810.5,
Oct-09-2024,8.43mm,2820.00,,,,,,,,,,,,,,,
Oct-10-2024,9.57mm,2826.00,,,,,,,,,,,,,,,
Oct-11-2024,12.53mm,2815.00,,,,,,,,,,,,,,,
Oct-15-2024,12.66mm,2814.00,,,,,,,,,,,,,,,
Oct-16-2024,9.02mm,2772.50,,,,,2772.5,,,,,,,,,,
Oct-17-2024,8.71mm,2765.50,,,,,,,,,,,,,,,
Oct-18-2024,12.38mm,2711.50,,,,,,,,,,,,,,,
Oct-21-2024,8.65mm,2710.00,,,,,,,,,,,,,,,
Oct-22-2024,9.68mm,2691.00,,,,,,,,,,,,,,,
Oct-23-2024,9.27mm,2673.50,,,,,,,,,,,,,,,
Oct-24-2024,9.50mm,2684.50,,,,,,,,,,,,,,,
Oct-25-2024,7.42mm,2645.00,,,,,,,,,,,,,,,
Oct-28-2024,10.85mm,2698.00,,,,,,,,,,,,,,2698,
Oct-29-2024,10.30mm,2714.50,,,,,,,,,,,,,,,
Oct-30-2024,23.16mm,2750.00,,,,,,,,,,,,,,,
Oct-31-2024,13.00mm,2723.50,,,,,,,,,,,,,,,
Nov-01-2024,10.96mm,2674.50,,,,,,,,,,,,,,,
Nov-05-2024,10.54mm,2728.50,,,,,,,,,,,,,,,
Nov-06-2024,12.76mm,2774.50,,,,,,,,,,,,,,,
Nov-07-2024,12.59mm,2772.00,,,,,,,,,,,,,,,
Nov-08-2024,10.13mm,2805.50,,,,,,,2805.5,2805.5,,,,,,2805.5,
Nov-11-2024,27.72mm,2975.00,,,,,,,,,,,,,,,
Nov-12-2024,15.90mm,2921.00,,,,,,,,,,2921,,,,,
Nov-13-2024,15.05mm,2890.50,,,,,,,,,,,,,,,
Nov-14-2024,12.28mm,2878.00,,,,,,,,,,,,,,,
Nov-15-2024,11.52mm,2889.50,,,,,,,,,,,,,,,
Nov-18-2024,9.90mm,2917.50,,,,,,,,,,,,,,,
Nov-19-2024,11.28mm,2936.00,,,,,,,,,,2936,,,,,
Nov-20-2024,17.95mm,3018.00,,,,,,,,,,,,,,,
Nov-21-2024,11.22mm,2951.50,,,,,,,,,,,,,,,
Nov-22-2024,10.21mm,2948.00,,,,,,,,,,,,,,,
Nov-25-2024,15.09mm,2977.50,,,,,2977.5,,,,,2977.5,,,,,
Nov-26-2024,9.27mm,2983.00,,,,2983,,,,,,,,,,,
Nov-27-2024,10.53mm,3018.00,,,,,,,,,,,,,,,
Nov-28-2024,8.91mm,3058.00,,,,,,,,,,,,,,,
Nov-29-2024,9.92mm,3007.00,,,,,,,,,,,,,,,
Dec-02-2024,9.66mm,3014.00,,,,,,,,,,,,,,,
Dec-03-2024,17.46mm,3070.00,,,,,,,,,,,,,,,
Dec-04-2024,20.02mm,3170.00,,,,,,,,,,,,,,,
Dec-05-2024,13.59mm,3167.00,,,,,,,,,,,,,,,
Dec-06-2024,8.67mm,3144.00,,,,,,,,,,,,,,,
Dec-09-2024,14.34mm,3206.00,,,,,,,,,,,,,,,
Dec-10-2024,21.94mm,3338.00,,,,,,,,,,,,,,,
Dec-11-2024,20.06mm,3362.00,,,,,,,,,,,,,,,
Dec-12-2024,19.29mm,3462.00,,,,,,,,,,3462,,,,,
Dec-13-2024,27.46mm,3358.00,,,,,,,,,,,,,,,
Dec-16-2024,10.78mm,3324.00,,,,,,,,,,,,,,,
Dec-17-2024,11.46mm,3380.00,,,,,,,,,,,,,,,
Dec-18-2024,12.56mm,3291.00,,,,,,,,,,,,,,,
Dec-19-2024,14.82mm,3260.00,,,,,3260,,,,,,,,,,
Dec-20-2024,19.86mm,3284.00,,,,,,,,,,,,,,,
Dec-23-2024,9.20mm,3301.00,,,,,,,,,,,,,,,
Dec-24-2024,6.25mm,3298.00,,,,,,,,,,,,,,,
Dec-25-2024,6.74mm,3305.00,,,,,,,,,,,,,,,
Dec-26-2024,9.41mm,3350.00,,,,,,,,,,,,,,,
Dec-27-2024,10.94mm,3417.00,,,,,,,,,,,,,,,
Dec-30-2024,9.44mm,3369.00,,,,,,,,,,,,,,,
Jan-06-2025,15.20mm,3301.00,,,,,,,,,,,,,,,
Jan-07-2025,11.47mm,3341.00,,,,,3341,,,,,,,,,,
Jan-08-2025,11.60mm,3290.00,,,,,,,,,,,,,,,
Jan-09-2025,10.89mm,3245.00,,,,,,,,,,,,,,,
Jan-10-2025,10.84mm,3235.00,,,,,,,,,,,,,,,
Jan-14-2025,16.00mm,3155.00,,,,,,,,,,,,,,,
Jan-15-2025,12.33mm,3206.00,,,,,,,,,,,,,,,
Jan-16-2025,11.26mm,3198.00,,,,,,,,,,,,,,,
Jan-17-2025,10.66mm,3214.00,,,,,,,,,,,,,,,
Jan-20-2025,8.24mm,3239.00,,,,,,,,,,,,,,,
Jan-21-2025,7.96mm,3235.00,,,,,,,,,,,,,,,
Jan-22-2025,9.91mm,3275.00,,,,,,,,,,,,,,,
Jan-23-2025,15.20mm,3336.00,,,,,,,,,,,,,,,
Jan-24-2025,11.83mm,3251.00,,,,,,,,,,,,,,,
Jan-27-2025,8.89mm,3261.00,,,,,,,,,,,,,,,
Jan-28-2025,18.93mm,3357.00,,,,,,,,,,,3357,,,,
Jan-29-2025,20.93mm,3484.00,,,,,,,,,,,3484,,,,
Jan-30-2025,21.52mm,3452.00,,,,,,,,,,,3452,,,,
Jan-31-2025,13.21mm,3440.00,,,,,,,,,,,,,,,
Feb-03-2025,14.83mm,3380.00,,,,,,,,,,,,,,,
Feb-04-2025,14.64mm,3475.00,,,,,,,,,,,,,,,
Feb-05-2025,15.00mm,3513.00,,,,,,,,,,,,,,,
Feb-06-2025,9.89mm,3517.00,,,,,,,,,,,,,,,
Feb-07-2025,11.73mm,3483.00,,,,,,,,,,,,,,,
Feb-10-2025,8.03mm,3429.00,,,,,,,,,,,,,,,
Feb-12-2025,21.11mm,3372.00,,,,,,,,,,,,,,,
Feb-13-2025,11.75mm,3410.00,,,,,3410,,,3410,,,3410,,,3410,
Feb-14-2025,36.27mm,3705.00,,,,,,,,,,,,,,,
Feb-17-2025,21.84mm,3857.00,,,,,,,,,,,,,,,
Feb-18-2025,19.95mm,3782.00,,,,,,,,,,,,,,,
Feb-19-2025,19.19mm,3773.00,,,,,,,,,,,,,,,
Feb-20-2025,14.93mm,3732.00,,,,,,,,,,,,,,,
Feb-21-2025,13.63mm,3813.00,,,,,,,,,,,,,,,
Feb-25-2025,15.58mm,3797.00,,,,,,,,,,,,,,,
Feb-26-2025,16.68mm,3805.00,,,,,,,,,,,,,,,
Feb-27-2025,12.70mm,3818.00,,,,,,,,,,,,,,,
Feb-28-2025,24.11mm,3739.00,,,,,3739,,,,,,,,,,
Mar-03-2025,14.68mm,3713.00,,,,,,,,,,,,,,,
Mar-04-2025,13.23mm,3628.00,,,,,,,,,,,,,,,
Mar-05-2025,15.35mm,3583.00,,,,,,,,,,,,,,,
Mar-06-2025,15.89mm,3727.00,,,,,,,,,,,,,,,
Mar-07-2025,22.13mm,3569.00,,,,,,,,,,,,,,,
Mar-10-2025,15.92mm,3458.00,,,,,,,,,,,,,,,
Mar-11-2025,21.48mm,3389.00,,,,,,,,,,,,,,,
Mar-12-2025,20.55mm,3511.00,,,,,,,,,,,,,,,
Mar-13-2025,14.74mm,3489.00,,,,,,,,,,,,,,,
Mar-14-2025,16.92mm,3518.00,,,,,,,,,,,,,,,
Mar-17-2025,12.69mm,3589.00,,,,,,,,,,,,,,,
Mar-18-2025,13.90mm,3651.00,,,,,3651,,,,3651,,,,,,
Mar-19-2025,13.32mm,3682.00,,,,,,,,,,,,,,,
Mar-21-2025,28.20mm,3782.00,,,,,,,,,,,,,,,
Mar-24-2025,14.46mm,3764.00,,,,,,,,,,,,,,,
Mar-25-2025,12.07mm,3766.00,,,,,,,,,,,,,,,
Mar-26-2025,16.69mm,3852.00,,,,,,,,,,,,,,,
Mar-27-2025,18.28mm,3862.00,,,,,,,,,,,,,,,
Mar-28-2025,17.48mm,3831.00,,,,,,,3831,,,,,,,,
Mar-31-2025,23.65mm,3765.00,,,,,,,,,,,,,,,
Apr-01-2025,19.32mm,3765.00,,,,,,,,,,,,,,,
Apr-02-2025,14.79mm,3690.00,,,,,,,,,,,,,,,
Apr-03-2025,21.28mm,3512.00,,,,3512,,,,,,,,,,3512,
Apr-04-2025,23.47mm,3345.00,,,,,,,,,,,,,,,
Apr-07-2025,35.71mm,3009.00,,,,,,,,,,,,,,,
Apr-08-2025,27.15mm,3218.00,,,,,,,,,,,3218,,,,
Apr-09-2025,21.13mm,3107.00,,,,,,,,,,,,,,,
Apr-10-2025,25.18mm,3527.00,,,,,3527,,,,,,,,,,
Apr-11-2025,35.01mm,3266.00,,,,3266,,,,,,,,,,,
Apr-14-2025,12.99mm,3294.00,,,,,,,,,,,,,,,
Apr-15-2025,14.31mm,3366.00,,,,,,,,,,,,,,,
Apr-16-2025,12.00mm,3340.00,,,,,,,,,,,,,,,
Apr-17-2025,9.65mm,3438.00,,,,,,,,,,,,,,,
Apr-18-2025,6.97mm,3466.00,,,,,,,,,,,,,,,
Apr-21-2025,6.92mm,3377.00,,,,,,,,,,,,,,,
Apr-22-2025,8.70mm,3347.00,,,,,3347,,,,3347,,,,,,
Apr-23-2025,15.68mm,3537.00,,,,,,,,,,,,,,,
Apr-24-2025,13.07mm,3528.00,,,,,,,,,,,,,,,
Apr-25-2025,11.03mm,3535.00,,,,,,,,,,,,,,,
Apr-28-2025,10.80mm,3520.00,,,,,,,,,,,,,,3520,
Apr-30-2025,29.77mm,3771.00,,,,,,,,,,3771,,,,,
May-01-2025,17.30mm,3663.00,,,,,,,,,,,,,,,
May-02-2025,14.80mm,3732.00,,,,,,,,,,,,,,,
May-07-2025,27.29mm,3581.00,,,,,,,,,,,,,,,
May-08-2025,17.83mm,3500.00,,,,,3500,,,,,,,,,,
May-09-2025,15.78mm,3583.00,,,,,,,,,,,,,,,
May-12-2025,11.17mm,3592.00,,,,,,,,,,,,,,,
May-13-2025,14.10mm,3654.00,,,,,,,,,,,,,,,
May-14-2025,35.65mm,3788.00,,,,,3788,,3788,3788,,,3788,,,3788,
May-15-2025,25.00mm,3682.00,,,,,,,,,,,,,,,
May-16-2025,18.26mm,3603.00,,,,,,,,,,,,,,,
May-19-2025,10.83mm,3610.00,,,,,,,,,,,,,,,
May-20-2025,22.43mm,3777.00,,,,,,,,,,,,,,,
May-21-2025,14.18mm,3671.00,,,,,,,,,,,,,,,
May-22-2025,11.80mm,3654.00,,,,,,,,,,,,,,,
May-23-2025,9.15mm,3683.00,,,,,,,,,,,,,,,
May-26-2025,7.47mm,3740.00,,,,,,,,,,,,,,,
May-27-2025,9.08mm,3809.00,,,,,,,,,,,,,,,
May-28-2025,18.07mm,3821.00,,,,,,,,,,,,,,,
May-29-2025,23.75mm,3970.00,,,,,,,,,,,,,,3970,
May-30-2025,32.84mm,3810.00,,,,,,,,,,,,,,,
Jun-02-2025,14.49mm,3802.00,,,,,,,,,,,,,,,
Jun-03-2025,13.42mm,3834.00,,,,,,,,,,,,,,,
Jun-04-2025,12.84mm,3849.00,,,,,,,,,,,,,,,
Jun-05-2025,15.03mm,3790.00,,,,,,,,,,,,,,,
Jun-06-2025,10.35mm,3833.00,,,,,,,,,,,,,,,
Jun-09-2025,8.35mm,3833.00,,,,,,,,,,,,,,,
Jun-10-2025,10.94mm,3800.00,,,,,,,,,,,,,,,
Jun-11-2025,9.94mm,3747.00,,,,,,,,,,,,,,,
Jun-12-2025,10.16mm,3774.00,,,,,,,,,,,,,,,
Jun-13-2025,14.90mm,3735.00,,,,,,,,,,,,,,,
Jun-16-2025,9.30mm,3736.00,,,,,,,,,,,,,,,
Jun-17-2025,10.16mm,3751.00,,,,,,,,,,,,,,3751,
Jun-18-2025,12.90mm,3783.00,,,,,,,,,,,,,,3783,
Jun-19-2025,12.86mm,3690.00,,,,,,,,,,,,,,,
Jun-20-2025,25.00mm,3607.00,,,,,,,,,,,,,,,
Jun-23-2025,19.88mm,3530.00,,,,,,,,,,,,,,,
Jun-24-2025,11.31mm,3584.00,,,,,,,,,,,3584,,,3584,
Jun-25-2025,10.77mm,3629.00,,,,,,,,,,,,,,,
Jun-26-2025,12.24mm,3673.00,,,,,,,,,,,,,,,
Jun-27-2025,17.66mm,3790.00,,,,,,,,,,,,,,,
Jun-30-2025,15.48mm,3730.00,,,,,,,,,,,,,,,
Jul-01-2025,13.50mm,3640.00,,,,,,,,,,3640,,,,,
Jul-02-2025,14.33mm,3676.00,,,,,,,,,,,,,,,
Jul-03-2025,11.27mm,3657.00,,,,3657,,,,,,,,,,,
Jul-04-2025,7.80mm,3688.00,,,,,,,,,,,,,,,
Jul-07-2025,7.88mm,3683.00,,,,,,,,,,,,,,,
Jul-08-2025,14.72mm,3671.00,,,,,,,,,,,,,,3671,
Jul-09-2025,10.03mm,3671.00,,,,,,,,,,,,,,,
Jul-10-2025,18.48mm,3607.00,,,,,,,,,,,,,,,
Jul-11-2025,12.37mm,3600.00,,,,,,,,,,,,,,,
Jul-14-2025,6.49mm,3589.00,,,,,,,,,,,,,,,
Jul-15-2025,8.06mm,3566.00,,,,,,,,,,,,,,,
Jul-16-2025,12.24mm,3540.00,,,,,,,,,,,,,,,
Jul-17-2025,9.76mm,3633.00,,,,,,,,,,,,,,,
Jul-18-2025,9.13mm,3565.00,,,,,,,,,,,,,,,
Jul-22-2025,11.24mm,3539.00,,,,,,,,,,,,,,,
Jul-23-2025,20.64mm,3692.00,,,,,,,,,,3692,,,,,
Jul-24-2025,16.38mm,3787.00,,,,,3787,,,,,,,,,,
Jul-25-2025,9.92mm,3706.00,,,,,,,,,,,,,,,
Jul-28-2025,9.95mm,3638.00,,,,,,,,,,,,,,,
Jul-29-2025,8.44mm,3605.00,,,,,,,,,,,,,,,
Jul-30-2025,10.10mm,3642.00,,,,,,,,,,,,,,,
Jul-31-2025,12.17mm,3682.00,,,,,,,,,,,,,,,
Aug-01-2025,12.27mm,3680.00,,,,,,,,,,,,,,,
Aug-04-2025,9.32mm,3617.00,,,,,,3617,,,,,,,,,
Aug-05-2025,9.20mm,3628.00,,,,,,,,,,,,,,,
Aug-06-2025,11.22mm,3707.00,,,,,,,,,,,,,,,
Aug-07-2025,33.56mm,3860.00,,,,,,,,3860,,,,,,3860,
Aug-08-2025,34.06mm,3995.00,,,,,,,,,,,,,,,
Aug-12-2025,21.38mm,3992.00,,,,,,,,,,,,,,,
Aug-13-2025,19.54mm,4130.00,,,,,,,,,,,,,,,
Aug-14-2025,14.85mm,4070.00,,,,,,,,,,,,,,,
Aug-15-2025,17.33mm,4292.00,,,,,,,,,,,,,,,
Aug-18-2025,16.46mm,4183.00,,,,,,,,,,,,,,,
Aug-19-2025,9.66mm,4168.00,,,,,,,,,,,,,,,
Aug-20-2025,10.49mm,4128.00,,,,,,,,,,,,,,,
Aug-21-2025,9.12mm,4094.00,,,,,,,,,,,,,,,
Aug-22-2025,11.85mm,4221.00,,,,,,,,,,,,,,,
Aug-25-2025,8.08mm,4174.00,,,,,,,,,,,,,,,
Aug-26-2025,13.44mm,4096.00,,,,,,,,,,,,,,,
Aug-27-2025,8.90mm,4097.00,,,,,,,,,,,,,,,
Aug-28-2025,13.14mm,4143.00,,,,,,,,,,,,,,,
Aug-29-2025,11.33mm,4083.00,,,,,,,,,,,,,,,
Sep-01-2025,7.68mm,4021.00,,,,,,,,,,,,,,,
Sep-02-2025,8.26mm,4014.00,,,,,,,,,,,,,,,
Sep-03-2025,10.71mm,3990.00,,,,,,,,,,,3990,,,,
Sep-04-2025,10.15mm,4105.00,,,,,,,,,,,,,,,
Sep-05-2025,11.28mm,4092.00,,,,,,,,,,,,,,,
Sep-08-2025,12.78mm,4184.00,,,,,,,,,,,,,,,
Sep-09-2025,11.37mm,4217.00,,,,,,,,,,,,,,,
Sep-10-2025,11.07mm,4276.00,,,,,,,,,,,,,,,
Sep-11-2025,10.52mm,4255.00,,,,,,,,,,,,,,,
Sep-12-2025,15.11mm,4286.00,,,,,,,,,,,,,,,
Sep-16-2025,15.48mm,4221.00,,,,,,,,,,,,,,,
Sep-17-2025,11.90mm,4267.00,,,,,,,,,,,,,,,
Sep-18-2025,16.89mm,4433.00,,,,,,,,,,,,,,,
Sep-19-2025,22.21mm,4321.00,,,,,,,,,,,,,,,
Sep-22-2025,12.49mm,4390.00,,,,,,,,,,,,,,,
Sep-24-2025,20.09mm,4322.00,,,,,,,,,,,,,,4322,
Sep-25-2025,20.51mm,4460.00,,,,,,,,,,,,,,,
Sep-26-2025,22.04mm,4405.00,,,,,,,,,,,,,,,
Sep-29-2025,19.57mm,4268.00,,,,,,,4268,,,,,,,,
Sep-30-2025,16.11mm,4259.00,,,,,,,,,,,,,,,
Oct-01-2025,14.78mm,4215.00,,,,,4215,,,,,,,,,4215,
Oct-02-2025,15.19mm,4112.00,,,,,,,,,,,4112,,,,
Oct-03-2025,9.28mm,4206.00,,,,4206,,,,,,,,,,,
Oct-06-2025,21.13mm,4492.00,,,,,,,,,,,,,,,
Oct-07-2025,14.52mm,4497.00,,,,,,,,,,,,,,,
Oct-08-2025,15.58mm,4545.00,,,,,,,,,,,,,,,
Oct-09-2025,13.90mm,4648.00,,,,,,,,,,,,,,4648,
Oct-10-2025,19.04mm,4461.00,,,,,,,,,,,,,,,
Oct-14-2025,19.05mm,4310.00,,,,,,,,,,,,,,,
Oct-15-2025,11.54mm,4342.00,,,,,,,,,,,,,,,
Oct-16-2025,10.51mm,4321.00,,,,,,,,,,,,,,,
Oct-17-2025,11.46mm,4300.00,,,,,,,,,,,,,,,
Oct-20-2025,9.86mm,4420.00,,,,,,,,,,,,,,,
Oct-21-2025,11.13mm,4418.00,,,,,,,,,,,,,,,
Oct-22-2025,8.12mm,4400.00,,,,,,,,,,,,,,4400,
Oct-23-2025,10.77mm,4389.00,,,,,,,,,,,,,,,
Oct-24-2025,7.68mm,4377.00,,,,,,,,,,,,,,4377,
Oct-27-2025,10.96mm,4402.00,,,,,4402,,,,,,,,,,
Oct-28-2025,8.52mm,4375.00,,,,4375,,,,,,,,,,,
Oct-29-2025,9.83mm,4315.00,,,,,,,,,,,,,,,
Oct-30-2025,20.63mm,4232.00,,,,,,,,,,,,,,,
Oct-31-2025,16.33mm,4332.00,,,,,,,,,,,,,,,
Nov-04-2025,14.03mm,4295.00,,,,,,,,,,4295,,,,,
Nov-05-2025,15.65mm,4244.00,,,,,,,,,,,,,,,
Nov-06-2025,13.59mm,4350.00,,,,,,,,,,,,,,,
Nov-07-2025,13.06mm,4259.00,,,,,,,,,,,,,,,
Nov-10-2025,10.44mm,4284.00,,,,,,,,,,,,,,,
Nov-11-2025,30.17mm,4520.00,,,,,4520,,,,,,4520,,,4520,
Nov-12-2025,21.41mm,4686.00,,,,,,,4686,4686,,,,,,,
Nov-13-2025,13.98mm,4669.00,,,,,,,,,,,,,,,
Nov-14-2025,13.38mm,4700.00,,,,,,,,,,,,,,,
Nov-17-2025,15.23mm,4548.00,,,,,,,,,,,,,,,
Nov-18-2025,12.53mm,4409.00,,,,,,,,,,,,,,,
Nov-19-2025,13.17mm,4332.00,,,,,,,,,,,,,,,
Nov-20-2025,13.48mm,4461.00,,,,,,,,,,,,,,,
Nov-21-2025,24.80mm,4507.00,,,,,,,,,,4507,,,,,
Nov-25-2025,20.72mm,4388.00,,,,,,,,,,,,,,,
Nov-26-2025,11.47mm,4525.00,,,,,,,,,,,,,,,
Nov-27-2025,9.03mm,4583.00,,,,,,,,,,,,,,,
Nov-28-2025,9.65mm,4575.00,,,,,,,,,,,,,,,
Dec-01-2025,9.49mm,4414.00,,,,,,,,,,,,,,,
Dec-02-2025,9.62mm,4442.00,,,,,,,,,,,,,,,
Dec-03-2025,11.11mm,4388.00,,,,,,,,,,,,,,,
Dec-04-2025,9.02mm,4418.00,,,,,,,,,,,,,,,
Dec-05-2025,11.28mm,4332.00,,,,,,,,,,,,,,,
Dec-08-2025,9.00mm,4300.00,,,,,,,,,,,,,,,
Dec-09-2025,10.21mm,4306.00,,,,,,,,,,,,,,,
Dec-10-2025,14.17mm,4182.00,,,,,,,,,,,,,,,
Dec-11-2025,14.89mm,4100.00,,,,,,,,,,,,,,,
Dec-12-2025,18.32mm,4181.00,,,,,,,,,,,,,,,
Dec-15-2025,7.93mm,4139.00,,,,,,,,,,,,,,,
Dec-16-2025,13.09mm,4071.00,,,,,,,,,,,,,,,
Dec-17-2025,13.73mm,4039.00,,,,,,,,,,,,,,,
Dec-18-2025,12.88mm,4056.00,,,,,,,,,,,,,,,
Dec-19-2025,20.30mm,3994.00,,,,,,,,,,,,,,,
Dec-22-2025,12.47mm,3960.00,,,,,,,,,,,,,,,
Dec-23-2025,10.78mm,4069.00,,,,,,,,,,,,,,,
Dec-24-2025,10.05mm,3990.00,,,,,,,,,,,,,,,
Dec-25-2025,3.99mm,4039.00,,,,,,,,,,,,,,,
Dec-26-2025,6.00mm,4045.00,,,,,,,,,,,,,,,
Dec-29-2025,7.10mm,4029.00,,,,,,,,,,,,,,,
Dec-30-2025,7.46mm,4024.00,,,,,,,,,,,,,,,
Jan-05-2026,13.06mm,4079.00,,,,,,,,,,,,,,,
Jan-06-2026,14.13mm,4111.00,,,,,,,,,,,,,,,
Jan-07-2026,24.38mm,3976.00,,,,3976,,,,,,,,,,,
Jan-08-2026,16.92mm,3930.00,,,,,,,,,,,,,,,
Jan-09-2026,20.18mm,3876.00,,,,,,,,,,,,,,,
Jan-13-2026,28.45mm,3835.00,,,,,,,,,,,,,,,
Jan-14-2026,23.07mm,3848.00,,,,,,,,,,,,,,,
Jan-15-2026,19.96mm,3904.00,,,,,,,,,,,,,,,
Jan-16-2026,18.32mm,3852.00,,,,,,,,,,,,,,,
Jan-19-2026,13.75mm,3780.00,,,,,,,,,,,,,,,
Jan-20-2026,13.90mm,3736.00,,,,,,,,,,,,,,,
Jan-21-2026,18.28mm,3701.00,,,,,,,,,,,,,,,
Jan-22-2026,18.33mm,3631.00,,,,,,,,,,,,,,,
Jan-23-2026,25.77mm,3614.00,,,,,,,,,,,,,,,
Jan-26-2026,20.40mm,3546.00,,,,,,,,,,,,,,,
Jan-27-2026,17.30mm,3490.00,,,,,,,,,,,,,,,
Jan-28-2026,20.68mm,3404.00,,,,,,,,,,,,,,,
Jan-29-2026,22.97mm,3432.00,,,,,,,,,,,,,,,
Jan-30-2026,18.74mm,3454.00,,,,,,,,,,,,,,,
Feb-02-2026,19.62mm,3409.00,,,,,,,,,,,,,,,
Feb-03-2026,22.01mm,3505.00,,,,,,,,,,,,,,,
Feb-04-2026,22.52mm,3345.00,,,,,,,,,,,,,,,
Feb-05-2026,59.42mm,3348.00,,,,3348,,,,3348,,,3348,,,3348,
Feb-06-2026,45.79mm,3507.00,,,,,3507,,,,,,,,,,
Feb-09-2026,30.93mm,3455.00,,,,,,,,,,,,,,,
Feb-10-2026,24.35mm,3560.00,,,,,,,,,,,,,,,
Feb-12-2026,26.69mm,3605.00,,,,,,,,,,,,,,,
Feb-13-2026,25.52mm,3552.00,,,,,,,,,,,,,,,
Feb-16-2026,15.90mm,3608.00,,,,,,,,,,,,,,,
Feb-17-2026,18.58mm,3487.00,,,,,,,,,,,,,,,
Feb-18-2026,19.52mm,3473.00,,,,,,,,,,,,,,,
Feb-19-2026,16.06mm,3445.00,,,,,,,,,,,,,,,
Feb-20-2026,26.68mm,3336.00,,,,,,,,,,,,,,,
Feb-24-2026,28.08mm,3306.00,,,,,,,,,,,,,,,
Feb-25-2026,24.27mm,3292.00,,,,,,,,,,,,,,,
Feb-26-2026,28.18mm,3398.00,,,,3398,,,,,,,3398,,,,
Feb-27-2026,42.57mm,3643.00,,,,,3643,,,,,,,,,,
Mar-02-2026,20.17mm,3593.00,,,,,,,,,,,,,,3593,
Mar-03-2026,30.01mm,3368.00,,,,,,,,,,,,,,,
Mar-04-2026,29.31mm,3389.00,,,,,,,,,,,,,,,
Mar-05-2026,25.76mm,3380.00,,,,,,,,,,,,,,,
Mar-06-2026,17.52mm,3473.00,,,,,,,,,,,,,,,
Mar-09-2026,25.56mm,3346.00,,,,,,,,,,,,,,,
Mar-10-2026,23.68mm,3403.00,,,,,,,,,,,,,,,
Mar-11-2026,18.10mm,3446.00,,,,,,,,,,,,,,,
Mar-12-2026,14.72mm,3459.00,,,,,,,,3459,,,,,,,
Mar-13-2026,19.01mm,3458.00,,,,,,,,,,,,,,,
Mar-16-2026,14.83mm,3384.00,,,,,,,,,,,,,,,
Mar-17-2026,20.68mm,3327.00,,,,,,,,,,,,,,,
Mar-18-2026,25.48mm,3286.00,,,,,,,,,,,,,,,
Mar-19-2026,23.96mm,3271.00,,,,,,,,,,,,,,,
Mar-23-2026,18.82mm,3192.00,,,,,,,,,,,,,,,
Mar-24-2026,18.82mm,3232.00,,,,,3232,,,,,,,,,,
Mar-25-2026,15.50mm,3266.00,,,,3266,,,,,,,,,,,
Mar-26-2026,13.79mm,3218.00,,,,,,,,,,,,,,,
Mar-27-2026,24.05mm,3209.00,,,,,,,,,,,,,,,
Mar-30-2026,23.17mm,3188.00,,,,,,,3188,,,,,,,,
Mar-31-2026,20.90mm,3209.00,,,,,,,,,,,,,,,
Apr-01-2026,17.02mm,3372.00,,,,,,,,,,,,,,,
Apr-02-2026,13.37mm,3329.00,,,,,,,,,,,,,,,
Apr-03-2026,5.56mm,3324.00,,,,,,,,,,,,,,,
Apr-06-2026,8.94mm,3292.00,,,,,,,,,,,,,,,
Apr-07-2026,10.04mm,3311.00,,,,,,,,,,,,,,,
Apr-08-2026,18.38mm,3388.00,,,,,,,,,,,,,,,
Apr-09-2026,16.63mm,3375.00,,,,,,,,,,,,,,,
Apr-10-2026,17.12mm,3325.00,,,,,,,,,,,,,,,
Apr-13-2026,16.24mm,3251.00,,,,,,,,,,,,,,,
Apr-14-2026,14.07mm,3280.00,,,,,3280,,,,,,,,,,
Apr-15-2026,15.07mm,3340.00,,,,,,,,,,,,,,,
Apr-16-2026,15.02mm,3407.00,,,,,,,,,,,,,,,
Apr-17-2026,16.02mm,3395.00,,,,,,,,,,,,,,,